fold,target,feature_set,model,feature,importance
1,profitable_after_fees,A_all,forest,numeric__ema20_distance,0.021100960210002767
1,profitable_after_fees,A_all,forest,numeric__ema50_distance,0.06343259795807392
1,profitable_after_fees,A_all,forest,numeric__ema_gap,0.1275301610416678
1,profitable_after_fees,A_all,forest,numeric__ema20_slope_6,0.05390533821461533
1,profitable_after_fees,A_all,forest,numeric__ema50_slope_6,0.0679766953195068
1,profitable_after_fees,A_all,forest,numeric__trend_efficiency_20,0.00778064357330357
1,profitable_after_fees,A_all,forest,numeric__body_ratio,0.015403309521264279
1,profitable_after_fees,A_all,forest,numeric__range_ratio,0.0015679442508710795
1,profitable_after_fees,A_all,forest,numeric__body_to_range,0.0069188732262019745
1,profitable_after_fees,A_all,forest,numeric__close_location,0.055348289644827166
1,profitable_after_fees,A_all,forest,numeric__atr14,0.0
1,profitable_after_fees,A_all,forest,numeric__natr14,0.0056920403293396924
1,profitable_after_fees,A_all,forest,numeric__return_std_24,0.0
1,profitable_after_fees,A_all,forest,numeric__return_std_168,0.005229733544140877
1,profitable_after_fees,A_all,forest,numeric__volatility_percentile_720,0.003389650267848835
1,profitable_after_fees,A_all,forest,numeric__rsi14,0.0
1,profitable_after_fees,A_all,forest,numeric__macd_ratio,0.027900978242300235
1,profitable_after_fees,A_all,forest,numeric__macd_signal_ratio,0.007288300062149977
1,profitable_after_fees,A_all,forest,numeric__macd_hist_ratio,0.091125958779222
1,profitable_after_fees,A_all,forest,numeric__relative_volume_24,0.0764228141467254
1,profitable_after_fees,A_all,forest,numeric__volume_zscore_24,0.007171815171478878
1,profitable_after_fees,A_all,forest,numeric__volume_trend_24_168,0.0
1,profitable_after_fees,A_all,forest,numeric__regime_duration,0.017188957823553532
1,profitable_after_fees,A_all,forest,numeric__regime_transition,0.0
1,profitable_after_fees,A_all,forest,numeric__hour_of_day,0.0
1,profitable_after_fees,A_all,forest,numeric__day_of_week,0.0
1,profitable_after_fees,A_all,forest,numeric__distance_high_24,0.00428208923662508
1,profitable_after_fees,A_all,forest,numeric__distance_low_24,0.007736125679810788
1,profitable_after_fees,A_all,forest,numeric__distance_high_168,0.04902493399329452
1,profitable_after_fees,A_all,forest,numeric__distance_low_168,0.017733651728692054
1,profitable_after_fees,A_all,forest,numeric__candles_since_prior_signal,0.0
1,profitable_after_fees,A_all,forest,numeric__source_synthetic,0.0
1,profitable_after_fees,A_all,forest,numeric__return_1h,0.025359662524383837
1,profitable_after_fees,A_all,forest,numeric__return_3h,0.003537234834767042
1,profitable_after_fees,A_all,forest,numeric__return_6h,0.007892035690766335
1,profitable_after_fees,A_all,forest,numeric__return_12h,0.15602947586460708
1,profitable_after_fees,A_all,forest,numeric__return_24h,0.001100960210002765
1,profitable_after_fees,A_all,forest,numeric__return_72h,0.06492876890995637
1,profitable_after_fees,A_all,forest,category__pair_BTC/USDT,0.0
1,profitable_after_fees,A_all,forest,category__pair_ETH/USDT,0.0
1,profitable_after_fees,A_all,forest,category__regime_LOW_VOLATILITY,0.0
1,profitable_after_fees,A_all,forest,category__regime_RANGE,0.0
1,profitable_after_fees,A_all,forest,category__regime_TREND_DOWN,0.0
1,profitable_after_fees,A_all,forest,category__regime_TREND_UP,0.0
1,profitable_after_fees,B_reduced,forest,numeric__ema20_distance,0.04000000000000001
1,profitable_after_fees,B_reduced,forest,numeric__ema50_distance,0.09907266866309913
1,profitable_after_fees,B_reduced,forest,numeric__ema_gap,0.12477456824992696
1,profitable_after_fees,B_reduced,forest,numeric__ema20_slope_6,0.06361889941333554
1,profitable_after_fees,B_reduced,forest,numeric__ema50_slope_6,0.07313588850174219
1,profitable_after_fees,B_reduced,forest,numeric__trend_efficiency_20,0.005811352989407608
1,profitable_after_fees,B_reduced,forest,numeric__range_ratio,0.0
1,profitable_after_fees,B_reduced,forest,numeric__body_to_range,0.008026393462996346
1,profitable_after_fees,B_reduced,forest,numeric__close_location,0.08055146606164702
1,profitable_after_fees,B_reduced,forest,numeric__natr14,0.0010045403293396926
1,profitable_after_fees,B_reduced,forest,numeric__return_std_24,0.010942944250871082
1,profitable_after_fees,B_reduced,forest,numeric__return_std_168,0.0
1,profitable_after_fees,B_reduced,forest,numeric__volatility_percentile_720,0.010168950803546505
1,profitable_after_fees,B_reduced,forest,numeric__rsi14,0.0
1,profitable_after_fees,B_reduced,forest,numeric__macd_ratio,0.006393435331791499
1,profitable_after_fees,B_reduced,forest,numeric__macd_signal_ratio,0.0038764293985669826
1,profitable_after_fees,B_reduced,forest,numeric__relative_volume_24,0.09117642290730282
1,profitable_after_fees,B_reduced,forest,numeric__volume_zscore_24,0.012449794338253087
1,profitable_after_fees,B_reduced,forest,numeric__volume_trend_24_168,0.0
1,profitable_after_fees,B_reduced,forest,numeric__regime_duration,0.02432931808571524
1,profitable_after_fees,B_reduced,forest,numeric__regime_transition,0.0
1,profitable_after_fees,B_reduced,forest,numeric__hour_of_day,0.0
1,profitable_after_fees,B_reduced,forest,numeric__day_of_week,0.0
1,profitable_after_fees,B_reduced,forest,numeric__distance_high_24,0.003944021273649595
1,profitable_after_fees,B_reduced,forest,numeric__distance_low_24,0.030000000000000002
1,profitable_after_fees,B_reduced,forest,numeric__distance_high_168,0.03162079913959701
1,profitable_after_fees,B_reduced,forest,numeric__distance_low_168,0.01597054476639499
1,profitable_after_fees,B_reduced,forest,numeric__candles_since_prior_signal,0.0
1,profitable_after_fees,B_reduced,forest,numeric__return_1h,0.015082960657453745
1,profitable_after_fees,B_reduced,forest,numeric__return_3h,0.0031358885017421594
1,profitable_after_fees,B_reduced,forest,numeric__return_6h,0.0015679442508710797
1,profitable_after_fees,B_reduced,forest,numeric__return_12h,0.23050357863102536
1,profitable_after_fees,B_reduced,forest,numeric__return_24h,0.0
1,profitable_after_fees,B_reduced,forest,numeric__return_72h,0.012841189991724455
1,profitable_after_fees,B_reduced,forest,category__pair_BTC/USDT,0.0
1,profitable_after_fees,B_reduced,forest,category__pair_ETH/USDT,0.0
1,profitable_after_fees,B_reduced,forest,category__regime_LOW_VOLATILITY,0.0
1,profitable_after_fees,B_reduced,forest,category__regime_RANGE,0.0
1,profitable_after_fees,B_reduced,forest,category__regime_TREND_DOWN,0.0
1,profitable_after_fees,B_reduced,forest,category__regime_TREND_UP,0.0
1,profitable_after_fees,C_price,forest,numeric__ema20_distance,0.02274375335495042
1,profitable_after_fees,C_price,forest,numeric__ema50_distance,0.09245385121297507
1,profitable_after_fees,C_price,forest,numeric__ema_gap,0.1266757805260537
1,profitable_after_fees,C_price,forest,numeric__ema20_slope_6,0.10346547114996772
1,profitable_after_fees,C_price,forest,numeric__ema50_slope_6,0.08095927700348432
1,profitable_after_fees,C_price,forest,numeric__return_1h,0.06250789880997629
1,profitable_after_fees,C_price,forest,numeric__return_3h,0.005397527102136449
1,profitable_after_fees,C_price,forest,numeric__return_6h,0.0
1,profitable_after_fees,C_price,forest,numeric__return_12h,0.19552887000932667
1,profitable_after_fees,C_price,forest,numeric__return_24h,0.0
1,profitable_after_fees,C_price,forest,numeric__return_72h,0.06659066797385473
1,profitable_after_fees,C_price,forest,numeric__trend_efficiency_20,0.013182499682491737
1,profitable_after_fees,C_price,forest,numeric__body_ratio,0.022154291579639693
1,profitable_after_fees,C_price,forest,numeric__range_ratio,0.0004992626345178265
1,profitable_after_fees,C_price,forest,numeric__body_to_range,0.026933827613729394
1,profitable_after_fees,C_price,forest,numeric__close_location,0.08650466248104287
1,profitable_after_fees,C_price,forest,numeric__distance_high_24,0.013932304629168744
1,profitable_after_fees,C_price,forest,numeric__distance_low_24,0.02773612567981079
1,profitable_after_fees,C_price,forest,numeric__distance_high_168,0.04305210111940595
1,profitable_after_fees,C_price,forest,numeric__distance_low_168,0.009479398287670061
1,profitable_after_fees,C_price,forest,numeric__candles_since_prior_signal,0.0
1,profitable_after_fees,C_price,forest,category__pair_BTC/USDT,0.00020242914979757277
1,profitable_after_fees,C_price,forest,category__pair_ETH/USDT,0.0
1,profitable_after_fees,D_price_volatility,forest,numeric__ema20_distance,0.025367336348135518
1,profitable_after_fees,D_price_volatility,forest,numeric__ema50_distance,0.1349278018263735
1,profitable_after_fees,D_price_volatility,forest,numeric__ema_gap,0.12366868887585947
1,profitable_after_fees,D_price_volatility,forest,numeric__ema20_slope_6,0.10918703793430254
1,profitable_after_fees,D_price_volatility,forest,numeric__ema50_slope_6,0.04693528059900659
1,profitable_after_fees,D_price_volatility,forest,numeric__return_1h,0.02820383986734236
1,profitable_after_fees,D_price_volatility,forest,numeric__return_3h,0.004523277200788581
1,profitable_after_fees,D_price_volatility,forest,numeric__return_6h,0.0030374948370630052
1,profitable_after_fees,D_price_volatility,forest,numeric__return_12h,0.1900722998534247
1,profitable_after_fees,D_price_volatility,forest,numeric__return_24h,0.0
1,profitable_after_fees,D_price_volatility,forest,numeric__return_72h,0.06649995496089249
1,profitable_after_fees,D_price_volatility,forest,numeric__trend_efficiency_20,0.013800458918241531
1,profitable_after_fees,D_price_volatility,forest,numeric__body_ratio,0.04609265445240363
1,profitable_after_fees,D_price_volatility,forest,numeric__range_ratio,0.0015679442508710795
1,profitable_after_fees,D_price_volatility,forest,numeric__body_to_range,0.02031000446619959
1,profitable_after_fees,D_price_volatility,forest,numeric__close_location,0.06844330971344281
1,profitable_after_fees,D_price_volatility,forest,numeric__distance_high_24,0.005078505364051668
1,profitable_after_fees,D_price_volatility,forest,numeric__distance_low_24,0.02304862567981079
1,profitable_after_fees,D_price_volatility,forest,numeric__distance_high_168,0.053085090950445224
1,profitable_after_fees,D_price_volatility,forest,numeric__distance_low_168,0.015517791721391528
1,profitable_after_fees,D_price_volatility,forest,numeric__candles_since_prior_signal,0.0
1,profitable_after_fees,D_price_volatility,forest,numeric__atr14,0.0
1,profitable_after_fees,D_price_volatility,forest,numeric__natr14,0.005776151376406885
1,profitable_after_fees,D_price_volatility,forest,numeric__return_std_24,0.004687500000000001
1,profitable_after_fees,D_price_volatility,forest,numeric__return_std_168,0.0
1,profitable_after_fees,D_price_volatility,forest,numeric__volatility_percentile_720,0.010168950803546503
1,profitable_after_fees,D_price_volatility,forest,category__pair_BTC/USDT,0.0
1,profitable_after_fees,D_price_volatility,forest,category__pair_ETH/USDT,0.0
1,profitable_after_fees,E_no_regime,forest,numeric__ema20_distance,0.024900352307267202
1,profitable_after_fees,E_no_regime,forest,numeric__ema50_distance,0.05446631667512307
1,profitable_after_fees,E_no_regime,forest,numeric__ema_gap,0.09041616302686956
1,profitable_after_fees,E_no_regime,forest,numeric__ema20_slope_6,0.09284746929589872
1,profitable_after_fees,E_no_regime,forest,numeric__ema50_slope_6,0.08313588850174217
1,profitable_after_fees,E_no_regime,forest,numeric__trend_efficiency_20,0.016433992692783103
1,profitable_after_fees,E_no_regime,forest,numeric__body_ratio,0.037432889905004575
1,profitable_after_fees,E_no_regime,forest,numeric__range_ratio,0.0
1,profitable_after_fees,E_no_regime,forest,numeric__body_to_range,0.010493383669930197
1,profitable_after_fees,E_no_regime,forest,numeric__close_location,0.03664612784703169
1,profitable_after_fees,E_no_regime,forest,numeric__atr14,0.0
1,profitable_after_fees,E_no_regime,forest,numeric__natr14,0.0015679442508710795
1,profitable_after_fees,E_no_regime,forest,numeric__return_std_24,0.0042777208570008544
1,profitable_after_fees,E_no_regime,forest,numeric__return_std_168,0.004525235243798126
1,profitable_after_fees,E_no_regime,forest,numeric__volatility_percentile_720,0.00677930053569767
1,profitable_after_fees,E_no_regime,forest,numeric__rsi14,0.01132668463730584
1,profitable_after_fees,E_no_regime,forest,numeric__macd_ratio,0.021440525728818372
1,profitable_after_fees,E_no_regime,forest,numeric__macd_signal_ratio,0.008399031676336832
1,profitable_after_fees,E_no_regime,forest,numeric__macd_hist_ratio,0.10960876580995149
1,profitable_after_fees,E_no_regime,forest,numeric__relative_volume_24,0.06318566450970632
1,profitable_after_fees,E_no_regime,forest,numeric__volume_zscore_24,0.005544451566235167
1,profitable_after_fees,E_no_regime,forest,numeric__volume_trend_24_168,0.0
1,profitable_after_fees,E_no_regime,forest,numeric__hour_of_day,0.0
1,profitable_after_fees,E_no_regime,forest,numeric__day_of_week,0.001600968323663168
1,profitable_after_fees,E_no_regime,forest,numeric__distance_high_24,0.005078505364051668
1,profitable_after_fees,E_no_regime,forest,numeric__distance_low_24,0.0
1,profitable_after_fees,E_no_regime,forest,numeric__distance_high_168,0.0355505200007797
1,profitable_after_fees,E_no_regime,forest,numeric__distance_low_168,0.012179648755172206
1,profitable_after_fees,E_no_regime,forest,numeric__candles_since_prior_signal,0.0
1,profitable_after_fees,E_no_regime,forest,numeric__source_synthetic,0.0
1,profitable_after_fees,E_no_regime,forest,numeric__return_1h,0.027175760705613162
1,profitable_after_fees,E_no_regime,forest,numeric__return_3h,0.0022616386003942906
1,profitable_after_fees,E_no_regime,forest,numeric__return_6h,0.011054081410713963
1,profitable_after_fees,E_no_regime,forest,numeric__return_12h,0.19120841560591792
1,profitable_after_fees,E_no_regime,forest,numeric__return_24h,0.0
1,profitable_after_fees,E_no_regime,forest,numeric__return_72h,0.0304625524963219
1,profitable_after_fees,E_no_regime,forest,category__pair_BTC/USDT,0.0
1,profitable_after_fees,E_no_regime,forest,category__pair_ETH/USDT,0.0
2,profitable_after_fees,A_all,forest,numeric__ema20_distance,0.01288934687184921
2,profitable_after_fees,A_all,forest,numeric__ema50_distance,0.010086115799044554
2,profitable_after_fees,A_all,forest,numeric__ema_gap,0.07753449979005003
2,profitable_after_fees,A_all,forest,numeric__ema20_slope_6,0.013923224726102317
2,profitable_after_fees,A_all,forest,numeric__ema50_slope_6,0.011740110330240673
2,profitable_after_fees,A_all,forest,numeric__trend_efficiency_20,0.021418680421682088
2,profitable_after_fees,A_all,forest,numeric__body_ratio,0.01631212172900638
2,profitable_after_fees,A_all,forest,numeric__range_ratio,0.013386801251058407
2,profitable_after_fees,A_all,forest,numeric__body_to_range,0.09965033349072058
2,profitable_after_fees,A_all,forest,numeric__close_location,0.03032297691253562
2,profitable_after_fees,A_all,forest,numeric__atr14,0.00032136011700928364
2,profitable_after_fees,A_all,forest,numeric__natr14,0.011911034589467127
2,profitable_after_fees,A_all,forest,numeric__return_std_24,0.002830882570732205
2,profitable_after_fees,A_all,forest,numeric__return_std_168,0.0019217769549125443
2,profitable_after_fees,A_all,forest,numeric__volatility_percentile_720,0.028373885384702095
2,profitable_after_fees,A_all,forest,numeric__rsi14,0.004993646617676796
2,profitable_after_fees,A_all,forest,numeric__macd_ratio,0.004672002666702283
2,profitable_after_fees,A_all,forest,numeric__macd_signal_ratio,0.016566165767373242
2,profitable_after_fees,A_all,forest,numeric__macd_hist_ratio,0.013593960133814396
2,profitable_after_fees,A_all,forest,numeric__relative_volume_24,0.008591761360181652
2,profitable_after_fees,A_all,forest,numeric__volume_zscore_24,0.0038452431245230394
2,profitable_after_fees,A_all,forest,numeric__volume_trend_24_168,0.05903938139630937
2,profitable_after_fees,A_all,forest,numeric__regime_duration,0.08892037816155489
2,profitable_after_fees,A_all,forest,numeric__regime_transition,0.0
2,profitable_after_fees,A_all,forest,numeric__hour_of_day,0.004614221613999995
2,profitable_after_fees,A_all,forest,numeric__day_of_week,0.005441309077509624
2,profitable_after_fees,A_all,forest,numeric__distance_high_24,0.009570814967102742
2,profitable_after_fees,A_all,forest,numeric__distance_low_24,0.018484629630540955
2,profitable_after_fees,A_all,forest,numeric__distance_high_168,0.08822820632741174
2,profitable_after_fees,A_all,forest,numeric__distance_low_168,0.06774222382567814
2,profitable_after_fees,A_all,forest,numeric__candles_since_prior_signal,0.021359858340761758
2,profitable_after_fees,A_all,forest,numeric__source_synthetic,0.0
2,profitable_after_fees,A_all,forest,numeric__return_1h,0.023964298693780396
2,profitable_after_fees,A_all,forest,numeric__return_3h,0.0018280006534577454
2,profitable_after_fees,A_all,forest,numeric__return_6h,0.002066148800612632
2,profitable_after_fees,A_all,forest,numeric__return_12h,0.06689033492375887
2,profitable_after_fees,A_all,forest,numeric__return_24h,0.038630046071467965
2,profitable_after_fees,A_all,forest,numeric__return_72h,0.09612330015275497
2,profitable_after_fees,A_all,forest,category__pair_BTC/USDT,0.0
2,profitable_after_fees,A_all,forest,category__pair_ETH/USDT,0.0003959939083051453
2,profitable_after_fees,A_all,forest,category__regime_LOW_VOLATILITY,0.0
2,profitable_after_fees,A_all,forest,category__regime_RANGE,0.0018149228456085598
2,profitable_after_fees,A_all,forest,category__regime_TREND_DOWN,0.0
2,profitable_after_fees,A_all,forest,category__regime_TREND_UP,0.0
2,profitable_after_fees,B_reduced,forest,numeric__ema20_distance,0.008943242538599733
2,profitable_after_fees,B_reduced,forest,numeric__ema50_distance,0.026618994009151756
2,profitable_after_fees,B_reduced,forest,numeric__ema_gap,0.10165427308278563
2,profitable_after_fees,B_reduced,forest,numeric__ema20_slope_6,0.004713490022590853
2,profitable_after_fees,B_reduced,forest,numeric__ema50_slope_6,0.018387963740173853
2,profitable_after_fees,B_reduced,forest,numeric__trend_efficiency_20,0.021750544683771255
2,profitable_after_fees,B_reduced,forest,numeric__range_ratio,0.00981687611942532
2,profitable_after_fees,B_reduced,forest,numeric__body_to_range,0.11292370295567794
2,profitable_after_fees,B_reduced,forest,numeric__close_location,0.03166216871783453
2,profitable_after_fees,B_reduced,forest,numeric__natr14,0.007439429231175153
2,profitable_after_fees,B_reduced,forest,numeric__return_std_24,0.011465640652159883
2,profitable_after_fees,B_reduced,forest,numeric__return_std_168,0.00444519067837505
2,profitable_after_fees,B_reduced,forest,numeric__volatility_percentile_720,0.02204382607384282
2,profitable_after_fees,B_reduced,forest,numeric__rsi14,0.005266929024255169
2,profitable_after_fees,B_reduced,forest,numeric__macd_ratio,0.005492686208891598
2,profitable_after_fees,B_reduced,forest,numeric__macd_signal_ratio,0.011608819328317492
2,profitable_after_fees,B_reduced,forest,numeric__relative_volume_24,0.00437416366497842
2,profitable_after_fees,B_reduced,forest,numeric__volume_zscore_24,0.0015921184938404098
2,profitable_after_fees,B_reduced,forest,numeric__volume_trend_24_168,0.04990341245471438
2,profitable_after_fees,B_reduced,forest,numeric__regime_duration,0.08183268486778789
2,profitable_after_fees,B_reduced,forest,numeric__regime_transition,0.0
2,profitable_after_fees,B_reduced,forest,numeric__hour_of_day,0.004766365795248889
2,profitable_after_fees,B_reduced,forest,numeric__day_of_week,0.0034294612900330583
2,profitable_after_fees,B_reduced,forest,numeric__distance_high_24,0.008843910627819241
2,profitable_after_fees,B_reduced,forest,numeric__distance_low_24,0.018083458879915644
2,profitable_after_fees,B_reduced,forest,numeric__distance_high_168,0.100950948074612
2,profitable_after_fees,B_reduced,forest,numeric__distance_low_168,0.049458620339523876
2,profitable_after_fees,B_reduced,forest,numeric__candles_since_prior_signal,0.025642741203479997
2,profitable_after_fees,B_reduced,forest,numeric__return_1h,0.029855884974842487
2,profitable_after_fees,B_reduced,forest,numeric__return_3h,0.015151537397391203
2,profitable_after_fees,B_reduced,forest,numeric__return_6h,0.006035651747826843
2,profitable_after_fees,B_reduced,forest,numeric__return_12h,0.06933650174122269
2,profitable_after_fees,B_reduced,forest,numeric__return_24h,0.030162074841981617
2,profitable_after_fees,B_reduced,forest,numeric__return_72h,0.09473455747614988
2,profitable_after_fees,B_reduced,forest,category__pair_BTC/USDT,0.0
2,profitable_after_fees,B_reduced,forest,category__pair_ETH/USDT,0.0
2,profitable_after_fees,B_reduced,forest,category__regime_LOW_VOLATILITY,0.0
2,profitable_after_fees,B_reduced,forest,category__regime_RANGE,0.0
2,profitable_after_fees,B_reduced,forest,category__regime_TREND_DOWN,0.0
2,profitable_after_fees,B_reduced,forest,category__regime_TREND_UP,0.0016121290616034404
2,profitable_after_fees,C_price,forest,numeric__ema20_distance,0.021443339185196145
2,profitable_after_fees,C_price,forest,numeric__ema50_distance,0.024965431324894094
2,profitable_after_fees,C_price,forest,numeric__ema_gap,0.09457992755618624
2,profitable_after_fees,C_price,forest,numeric__ema20_slope_6,0.01839280450771318
2,profitable_after_fees,C_price,forest,numeric__ema50_slope_6,0.02791130771904369
2,profitable_after_fees,C_price,forest,numeric__return_1h,0.029157324175564277
2,profitable_after_fees,C_price,forest,numeric__return_3h,0.01266023243522888
2,profitable_after_fees,C_price,forest,numeric__return_6h,0.0019124338149684576
2,profitable_after_fees,C_price,forest,numeric__return_12h,0.08610684875686708
2,profitable_after_fees,C_price,forest,numeric__return_24h,0.07170340211600075
2,profitable_after_fees,C_price,forest,numeric__return_72h,0.08402790621138204
2,profitable_after_fees,C_price,forest,numeric__trend_efficiency_20,0.04099266655387775
2,profitable_after_fees,C_price,forest,numeric__body_ratio,0.027423667367148307
2,profitable_after_fees,C_price,forest,numeric__range_ratio,0.01760477738760916
2,profitable_after_fees,C_price,forest,numeric__body_to_range,0.1592308373512582
2,profitable_after_fees,C_price,forest,numeric__close_location,0.025369319982636175
2,profitable_after_fees,C_price,forest,numeric__distance_high_24,0.01582712509884048
2,profitable_after_fees,C_price,forest,numeric__distance_low_24,0.03770038825531319
2,profitable_after_fees,C_price,forest,numeric__distance_high_168,0.10609047545821577
2,profitable_after_fees,C_price,forest,numeric__distance_low_168,0.07867133723467128
2,profitable_after_fees,C_price,forest,numeric__candles_since_prior_signal,0.017419689531410494
2,profitable_after_fees,C_price,forest,category__pair_BTC/USDT,0.0
2,profitable_after_fees,C_price,forest,category__pair_ETH/USDT,0.0008087579759744891
2,profitable_after_fees,D_price_volatility,forest,numeric__ema20_distance,0.007545079703554644
2,profitable_after_fees,D_price_volatility,forest,numeric__ema50_distance,0.01252264889401653
2,profitable_after_fees,D_price_volatility,forest,numeric__ema_gap,0.09507763818088497
2,profitable_after_fees,D_price_volatility,forest,numeric__ema20_slope_6,0.014240708254128338
2,profitable_after_fees,D_price_volatility,forest,numeric__ema50_slope_6,0.018789674089456993
2,profitable_after_fees,D_price_volatility,forest,numeric__return_1h,0.020668224968498464
2,profitable_after_fees,D_price_volatility,forest,numeric__return_3h,0.0008041076835285468
2,profitable_after_fees,D_price_volatility,forest,numeric__return_6h,0.00393230965017823
2,profitable_after_fees,D_price_volatility,forest,numeric__return_12h,0.06432418793866974
2,profitable_after_fees,D_price_volatility,forest,numeric__return_24h,0.05804826119922828
2,profitable_after_fees,D_price_volatility,forest,numeric__return_72h,0.09768742092484548
2,profitable_after_fees,D_price_volatility,forest,numeric__trend_efficiency_20,0.02213330807319605
2,profitable_after_fees,D_price_volatility,forest,numeric__body_ratio,0.031875836987700676
2,profitable_after_fees,D_price_volatility,forest,numeric__range_ratio,0.008157226376304205
2,profitable_after_fees,D_price_volatility,forest,numeric__body_to_range,0.15253612692896798
2,profitable_after_fees,D_price_volatility,forest,numeric__close_location,0.02606230699802409
2,profitable_after_fees,D_price_volatility,forest,numeric__distance_high_24,0.009443900907384787
2,profitable_after_fees,D_price_volatility,forest,numeric__distance_low_24,0.03188044947751151
2,profitable_after_fees,D_price_volatility,forest,numeric__distance_high_168,0.1440121572390487
2,profitable_after_fees,D_price_volatility,forest,numeric__distance_low_168,0.06090693226028976
2,profitable_after_fees,D_price_volatility,forest,numeric__candles_since_prior_signal,0.022520962264703157
2,profitable_after_fees,D_price_volatility,forest,numeric__atr14,0.0
2,profitable_after_fees,D_price_volatility,forest,numeric__natr14,0.015089695223684347
2,profitable_after_fees,D_price_volatility,forest,numeric__return_std_24,0.020932541096248557
2,profitable_after_fees,D_price_volatility,forest,numeric__return_std_168,0.004076028304326358
2,profitable_after_fees,D_price_volatility,forest,numeric__volatility_percentile_720,0.05673226637561963
2,profitable_after_fees,D_price_volatility,forest,category__pair_BTC/USDT,0.0
2,profitable_after_fees,D_price_volatility,forest,category__pair_ETH/USDT,0.0
2,profitable_after_fees,E_no_regime,forest,numeric__ema20_distance,0.009588436772916823
2,profitable_after_fees,E_no_regime,forest,numeric__ema50_distance,0.007602186203107406
2,profitable_after_fees,E_no_regime,forest,numeric__ema_gap,0.08875546384703259
2,profitable_after_fees,E_no_regime,forest,numeric__ema20_slope_6,0.00533291540140738
2,profitable_after_fees,E_no_regime,forest,numeric__ema50_slope_6,0.006346141523704627
2,profitable_after_fees,E_no_regime,forest,numeric__trend_efficiency_20,0.007805907362774831
2,profitable_after_fees,E_no_regime,forest,numeric__body_ratio,0.038167108814053614
2,profitable_after_fees,E_no_regime,forest,numeric__range_ratio,0.008129108322593932
2,profitable_after_fees,E_no_regime,forest,numeric__body_to_range,0.15406231019787672
2,profitable_after_fees,E_no_regime,forest,numeric__close_location,0.02741443989580693
2,profitable_after_fees,E_no_regime,forest,numeric__atr14,0.0019235730436315101
2,profitable_after_fees,E_no_regime,forest,numeric__natr14,0.02162220257236612
2,profitable_after_fees,E_no_regime,forest,numeric__return_std_24,0.012578498621447675
2,profitable_after_fees,E_no_regime,forest,numeric__return_std_168,0.003864028594054072
2,profitable_after_fees,E_no_regime,forest,numeric__volatility_percentile_720,0.03212459575765357
2,profitable_after_fees,E_no_regime,forest,numeric__rsi14,0.006276445971187186
2,profitable_after_fees,E_no_regime,forest,numeric__macd_ratio,0.007240772723266612
2,profitable_after_fees,E_no_regime,forest,numeric__macd_signal_ratio,0.02139254071962936
2,profitable_after_fees,E_no_regime,forest,numeric__macd_hist_ratio,0.015952231521204188
2,profitable_after_fees,E_no_regime,forest,numeric__relative_volume_24,0.004041501515901715
2,profitable_after_fees,E_no_regime,forest,numeric__volume_zscore_24,0.005927741248531775
2,profitable_after_fees,E_no_regime,forest,numeric__volume_trend_24_168,0.052038674761193525
2,profitable_after_fees,E_no_regime,forest,numeric__hour_of_day,0.006236870659693423
2,profitable_after_fees,E_no_regime,forest,numeric__day_of_week,0.013846323081553615
2,profitable_after_fees,E_no_regime,forest,numeric__distance_high_24,0.0051969194035339115
2,profitable_after_fees,E_no_regime,forest,numeric__distance_low_24,0.019752174132230946
2,profitable_after_fees,E_no_regime,forest,numeric__distance_high_168,0.09395721823768413
2,profitable_after_fees,E_no_regime,forest,numeric__distance_low_168,0.046954169530274384
2,profitable_after_fees,E_no_regime,forest,numeric__candles_since_prior_signal,0.02927212992995799
2,profitable_after_fees,E_no_regime,forest,numeric__source_synthetic,0.0
2,profitable_after_fees,E_no_regime,forest,numeric__return_1h,0.031171030328004844
2,profitable_after_fees,E_no_regime,forest,numeric__return_3h,0.0059244259660150966
2,profitable_after_fees,E_no_regime,forest,numeric__return_6h,0.009125178299490498
2,profitable_after_fees,E_no_regime,forest,numeric__return_12h,0.04364486591775318
2,profitable_after_fees,E_no_regime,forest,numeric__return_24h,0.035030281998323136
2,profitable_after_fees,E_no_regime,forest,numeric__return_72h,0.12170158712414267
2,profitable_after_fees,E_no_regime,forest,category__pair_BTC/USDT,0.0
2,profitable_after_fees,E_no_regime,forest,category__pair_ETH/USDT,0.0
3,profitable_after_fees,A_all,forest,numeric__ema20_distance,0.006630474976927672
3,profitable_after_fees,A_all,forest,numeric__ema50_distance,0.0009636763999091532
3,profitable_after_fees,A_all,forest,numeric__ema_gap,0.015513083229077003
3,profitable_after_fees,A_all,forest,numeric__ema20_slope_6,0.012553295555133149
3,profitable_after_fees,A_all,forest,numeric__ema50_slope_6,0.0001601114221919298
3,profitable_after_fees,A_all,forest,numeric__trend_efficiency_20,0.014946266271950852
3,profitable_after_fees,A_all,forest,numeric__body_ratio,0.027454348923203562
3,profitable_after_fees,A_all,forest,numeric__range_ratio,0.041448587800378585
3,profitable_after_fees,A_all,forest,numeric__body_to_range,0.045807502716176875
3,profitable_after_fees,A_all,forest,numeric__close_location,0.0028464975748491075
3,profitable_after_fees,A_all,forest,numeric__atr14,0.0004779951018850169
3,profitable_after_fees,A_all,forest,numeric__natr14,0.06630026465885423
3,profitable_after_fees,A_all,forest,numeric__return_std_24,0.024713300324269508
3,profitable_after_fees,A_all,forest,numeric__return_std_168,0.013088993345182664
3,profitable_after_fees,A_all,forest,numeric__volatility_percentile_720,0.03536205029628065
3,profitable_after_fees,A_all,forest,numeric__rsi14,0.005291294753810123
3,profitable_after_fees,A_all,forest,numeric__macd_ratio,0.015365648520029838
3,profitable_after_fees,A_all,forest,numeric__macd_signal_ratio,0.017088828713435977
3,profitable_after_fees,A_all,forest,numeric__macd_hist_ratio,0.011911085851080538
3,profitable_after_fees,A_all,forest,numeric__relative_volume_24,0.010975134425230881
3,profitable_after_fees,A_all,forest,numeric__volume_zscore_24,0.007769711324945495
3,profitable_after_fees,A_all,forest,numeric__volume_trend_24_168,0.055665197201643535
3,profitable_after_fees,A_all,forest,numeric__regime_duration,0.08530733534013887
3,profitable_after_fees,A_all,forest,numeric__regime_transition,0.0
3,profitable_after_fees,A_all,forest,numeric__hour_of_day,0.004441285162359509
3,profitable_after_fees,A_all,forest,numeric__day_of_week,0.008323078922060696
3,profitable_after_fees,A_all,forest,numeric__distance_high_24,0.008536728104366988
3,profitable_after_fees,A_all,forest,numeric__distance_low_24,0.020566742016574366
3,profitable_after_fees,A_all,forest,numeric__distance_high_168,0.07394773401287079
3,profitable_after_fees,A_all,forest,numeric__distance_low_168,0.03696440134183607
3,profitable_after_fees,A_all,forest,numeric__candles_since_prior_signal,0.00944755160490334
3,profitable_after_fees,A_all,forest,numeric__source_synthetic,0.0
3,profitable_after_fees,A_all,forest,numeric__return_1h,0.026736819521744105
3,profitable_after_fees,A_all,forest,numeric__return_3h,0.004709818299834292
3,profitable_after_fees,A_all,forest,numeric__return_6h,0.0050677321694247825
3,profitable_after_fees,A_all,forest,numeric__return_12h,0.08314127783549387
3,profitable_after_fees,A_all,forest,numeric__return_24h,0.05924021582025557
3,profitable_after_fees,A_all,forest,numeric__return_72h,0.09499905199725855
3,profitable_after_fees,A_all,forest,category__pair_BTC/USDT,0.0
3,profitable_after_fees,A_all,forest,category__pair_ETH/USDT,0.001399245040527166
3,profitable_after_fees,A_all,forest,category__regime_LOW_VOLATILITY,0.022719223898644825
3,profitable_after_fees,A_all,forest,category__regime_RANGE,0.020070370786821203
3,profitable_after_fees,A_all,forest,category__regime_TREND_DOWN,0.0
3,profitable_after_fees,A_all,forest,category__regime_TREND_UP,0.002048038738438675
3,profitable_after_fees,B_reduced,forest,numeric__ema20_distance,0.01065533243249805
3,profitable_after_fees,B_reduced,forest,numeric__ema50_distance,0.003938571745416139
3,profitable_after_fees,B_reduced,forest,numeric__ema_gap,0.03747466601453011
3,profitable_after_fees,B_reduced,forest,numeric__ema20_slope_6,0.008203121149702954
3,profitable_after_fees,B_reduced,forest,numeric__ema50_slope_6,0.014840591100372193
3,profitable_after_fees,B_reduced,forest,numeric__trend_efficiency_20,0.015918787251741687
3,profitable_after_fees,B_reduced,forest,numeric__range_ratio,0.04239947050062007
3,profitable_after_fees,B_reduced,forest,numeric__body_to_range,0.060567971884429986
3,profitable_after_fees,B_reduced,forest,numeric__close_location,0.00613333991989639
3,profitable_after_fees,B_reduced,forest,numeric__natr14,0.05394862473088831
3,profitable_after_fees,B_reduced,forest,numeric__return_std_24,0.02043422572804916
3,profitable_after_fees,B_reduced,forest,numeric__return_std_168,0.019092979540089774
3,profitable_after_fees,B_reduced,forest,numeric__volatility_percentile_720,0.041966465901266944
3,profitable_after_fees,B_reduced,forest,numeric__rsi14,0.0035190138096649337
3,profitable_after_fees,B_reduced,forest,numeric__macd_ratio,0.03026746559850589
3,profitable_after_fees,B_reduced,forest,numeric__macd_signal_ratio,0.02003794078472069
3,profitable_after_fees,B_reduced,forest,numeric__relative_volume_24,0.004820379483082255
3,profitable_after_fees,B_reduced,forest,numeric__volume_zscore_24,0.0
3,profitable_after_fees,B_reduced,forest,numeric__volume_trend_24_168,0.04360972670031689
3,profitable_after_fees,B_reduced,forest,numeric__regime_duration,0.07240588106122466
3,profitable_after_fees,B_reduced,forest,numeric__regime_transition,0.0
3,profitable_after_fees,B_reduced,forest,numeric__hour_of_day,0.0006359686643837688
3,profitable_after_fees,B_reduced,forest,numeric__day_of_week,0.004571401630682416
3,profitable_after_fees,B_reduced,forest,numeric__distance_high_24,0.028926923516008465
3,profitable_after_fees,B_reduced,forest,numeric__distance_low_24,0.03082840937772966
3,profitable_after_fees,B_reduced,forest,numeric__distance_high_168,0.07962622045168423
3,profitable_after_fees,B_reduced,forest,numeric__distance_low_168,0.04346369893289628
3,profitable_after_fees,B_reduced,forest,numeric__candles_since_prior_signal,0.00688994623018352
3,profitable_after_fees,B_reduced,forest,numeric__return_1h,0.0036816214829181564
3,profitable_after_fees,B_reduced,forest,numeric__return_3h,0.004607757401986998
3,profitable_after_fees,B_reduced,forest,numeric__return_6h,0.0009177596915905445
3,profitable_after_fees,B_reduced,forest,numeric__return_12h,0.10402032799038105
3,profitable_after_fees,B_reduced,forest,numeric__return_24h,0.038026001360640015
3,profitable_after_fees,B_reduced,forest,numeric__return_72h,0.11438458677739377
3,profitable_after_fees,B_reduced,forest,category__pair_BTC/USDT,0.0005726136895520157
3,profitable_after_fees,B_reduced,forest,category__pair_ETH/USDT,0.0
3,profitable_after_fees,B_reduced,forest,category__regime_LOW_VOLATILITY,0.011611189170096821
3,profitable_after_fees,B_reduced,forest,category__regime_RANGE,0.01700101829485518
3,profitable_after_fees,B_reduced,forest,category__regime_TREND_DOWN,0.0
3,profitable_after_fees,B_reduced,forest,category__regime_TREND_UP,0.0
3,profitable_after_fees,C_price,forest,numeric__ema20_distance,0.01094678930936207
3,profitable_after_fees,C_price,forest,numeric__ema50_distance,0.022747557879785243
3,profitable_after_fees,C_price,forest,numeric__ema_gap,0.02852949390625601
3,profitable_after_fees,C_price,forest,numeric__ema20_slope_6,0.01388589750008192
3,profitable_after_fees,C_price,forest,numeric__ema50_slope_6,0.02836050211274862
3,profitable_after_fees,C_price,forest,numeric__return_1h,0.025769520384370484
3,profitable_after_fees,C_price,forest,numeric__return_3h,0.009895842115054227
3,profitable_after_fees,C_price,forest,numeric__return_6h,0.0035084712002884247
3,profitable_after_fees,C_price,forest,numeric__return_12h,0.10172307863612333
3,profitable_after_fees,C_price,forest,numeric__return_24h,0.08852157518475075
3,profitable_after_fees,C_price,forest,numeric__return_72h,0.0906129846671461
3,profitable_after_fees,C_price,forest,numeric__trend_efficiency_20,0.05165501980796774
3,profitable_after_fees,C_price,forest,numeric__body_ratio,0.016022619850223484
3,profitable_after_fees,C_price,forest,numeric__range_ratio,0.08924151640007033
3,profitable_after_fees,C_price,forest,numeric__body_to_range,0.10465890697552427
3,profitable_after_fees,C_price,forest,numeric__close_location,0.02698514951984608
3,profitable_after_fees,C_price,forest,numeric__distance_high_24,0.043539293122801456
3,profitable_after_fees,C_price,forest,numeric__distance_low_24,0.041115520912225464
3,profitable_after_fees,C_price,forest,numeric__distance_high_168,0.11724639196046473
3,profitable_after_fees,C_price,forest,numeric__distance_low_168,0.07226956000998401
3,profitable_after_fees,C_price,forest,numeric__candles_since_prior_signal,0.012639891879495825
3,profitable_after_fees,C_price,forest,category__pair_BTC/USDT,4.158161892483867e-05
3,profitable_after_fees,C_price,forest,category__pair_ETH/USDT,8.283504650437415e-05
3,profitable_after_fees,D_price_volatility,forest,numeric__ema20_distance,0.0049430347574663846
3,profitable_after_fees,D_price_volatility,forest,numeric__ema50_distance,0.007799595371515238
3,profitable_after_fees,D_price_volatility,forest,numeric__ema_gap,0.027366625553518854
3,profitable_after_fees,D_price_volatility,forest,numeric__ema20_slope_6,0.02059850291194438
3,profitable_after_fees,D_price_volatility,forest,numeric__ema50_slope_6,0.01813837730663609
3,profitable_after_fees,D_price_volatility,forest,numeric__return_1h,0.005584073897552082
3,profitable_after_fees,D_price_volatility,forest,numeric__return_3h,0.0036026723979266663
3,profitable_after_fees,D_price_volatility,forest,numeric__return_6h,0.0015706297815600422
3,profitable_after_fees,D_price_volatility,forest,numeric__return_12h,0.0851053335867424
3,profitable_after_fees,D_price_volatility,forest,numeric__return_24h,0.07132800973477746
3,profitable_after_fees,D_price_volatility,forest,numeric__return_72h,0.10419401258956341
3,profitable_after_fees,D_price_volatility,forest,numeric__trend_efficiency_20,0.03424787116683031
3,profitable_after_fees,D_price_volatility,forest,numeric__body_ratio,0.01701535305936726
3,profitable_after_fees,D_price_volatility,forest,numeric__range_ratio,0.052381841920709965
3,profitable_after_fees,D_price_volatility,forest,numeric__body_to_range,0.11656392359994254
3,profitable_after_fees,D_price_volatility,forest,numeric__close_location,0.011529263261010851
3,profitable_after_fees,D_price_volatility,forest,numeric__distance_high_24,0.02518901211779513
3,profitable_after_fees,D_price_volatility,forest,numeric__distance_low_24,0.02849004099593623
3,profitable_after_fees,D_price_volatility,forest,numeric__distance_high_168,0.10447744299920737
3,profitable_after_fees,D_price_volatility,forest,numeric__distance_low_168,0.05834192650990559
3,profitable_after_fees,D_price_volatility,forest,numeric__candles_since_prior_signal,0.011949199824905577
3,profitable_after_fees,D_price_volatility,forest,numeric__atr14,0.001250873969761563
3,profitable_after_fees,D_price_volatility,forest,numeric__natr14,0.10025292223086496
3,profitable_after_fees,D_price_volatility,forest,numeric__return_std_24,0.03236867236686975
3,profitable_after_fees,D_price_volatility,forest,numeric__return_std_168,0.011907407254400919
3,profitable_after_fees,D_price_volatility,forest,numeric__volatility_percentile_720,0.04269767329449706
3,profitable_after_fees,D_price_volatility,forest,category__pair_BTC/USDT,0.0005263037103480985
3,profitable_after_fees,D_price_volatility,forest,category__pair_ETH/USDT,0.0005794038284437978
3,profitable_after_fees,E_no_regime,forest,numeric__ema20_distance,0.01438802609358713
3,profitable_after_fees,E_no_regime,forest,numeric__ema50_distance,0.008633269806748743
3,profitable_after_fees,E_no_regime,forest,numeric__ema_gap,0.037449630684553564
3,profitable_after_fees,E_no_regime,forest,numeric__ema20_slope_6,0.014894870615910882
3,profitable_after_fees,E_no_regime,forest,numeric__ema50_slope_6,0.008703541917980085
3,profitable_after_fees,E_no_regime,forest,numeric__trend_efficiency_20,0.03239902519539281
3,profitable_after_fees,E_no_regime,forest,numeric__body_ratio,0.0180112326214924
3,profitable_after_fees,E_no_regime,forest,numeric__range_ratio,0.03283720663588909
3,profitable_after_fees,E_no_regime,forest,numeric__body_to_range,0.07784610560114656
3,profitable_after_fees,E_no_regime,forest,numeric__close_location,0.010901706301963599
3,profitable_after_fees,E_no_regime,forest,numeric__atr14,0.0016124137533512616
3,profitable_after_fees,E_no_regime,forest,numeric__natr14,0.08456790829006536
3,profitable_after_fees,E_no_regime,forest,numeric__return_std_24,0.014376783577704748
3,profitable_after_fees,E_no_regime,forest,numeric__return_std_168,0.017071732280544764
3,profitable_after_fees,E_no_regime,forest,numeric__volatility_percentile_720,0.045939976818887
3,profitable_after_fees,E_no_regime,forest,numeric__rsi14,0.004618460402065184
3,profitable_after_fees,E_no_regime,forest,numeric__macd_ratio,0.021800763477104846
3,profitable_after_fees,E_no_regime,forest,numeric__macd_signal_ratio,0.017377348810555738
3,profitable_after_fees,E_no_regime,forest,numeric__macd_hist_ratio,0.013613970595883922
3,profitable_after_fees,E_no_regime,forest,numeric__relative_volume_24,0.004589694464729545
3,profitable_after_fees,E_no_regime,forest,numeric__volume_zscore_24,0.013028393415833344
3,profitable_after_fees,E_no_regime,forest,numeric__volume_trend_24_168,0.028874300885723337
3,profitable_after_fees,E_no_regime,forest,numeric__hour_of_day,0.002358654137693757
3,profitable_after_fees,E_no_regime,forest,numeric__day_of_week,0.003362760314037122
3,profitable_after_fees,E_no_regime,forest,numeric__distance_high_24,0.012286278844130425
3,profitable_after_fees,E_no_regime,forest,numeric__distance_low_24,0.021938069123130902
3,profitable_after_fees,E_no_regime,forest,numeric__distance_high_168,0.09116437680797576
3,profitable_after_fees,E_no_regime,forest,numeric__distance_low_168,0.04118741381717366
3,profitable_after_fees,E_no_regime,forest,numeric__candles_since_prior_signal,0.0047405178961051385
3,profitable_after_fees,E_no_regime,forest,numeric__source_synthetic,0.0
3,profitable_after_fees,E_no_regime,forest,numeric__return_1h,0.024327926432555907
3,profitable_after_fees,E_no_regime,forest,numeric__return_3h,0.005269363307989632
3,profitable_after_fees,E_no_regime,forest,numeric__return_6h,0.0026568319113992943
3,profitable_after_fees,E_no_regime,forest,numeric__return_12h,0.09153074438284456
3,profitable_after_fees,E_no_regime,forest,numeric__return_24h,0.0794303313131707
3,profitable_after_fees,E_no_regime,forest,numeric__return_72h,0.09597557921770031
3,profitable_after_fees,E_no_regime,forest,category__pair_BTC/USDT,0.0
3,profitable_after_fees,E_no_regime,forest,category__pair_ETH/USDT,0.0002347902469789266
