fold,target,feature_set,model,feature,coefficient
1,profitable_after_fees,A_all,logistic,numeric__ema20_distance,7.881932158200264e-05
1,profitable_after_fees,A_all,logistic,numeric__ema50_distance,-0.0625918059856372
1,profitable_after_fees,A_all,logistic,numeric__ema_gap,-0.13614956289895946
1,profitable_after_fees,A_all,logistic,numeric__ema20_slope_6,-0.11702284734649229
1,profitable_after_fees,A_all,logistic,numeric__ema50_slope_6,-0.15361481623392403
1,profitable_after_fees,A_all,logistic,numeric__trend_efficiency_20,0.23941564625196268
1,profitable_after_fees,A_all,logistic,numeric__body_ratio,-0.17080912916255875
1,profitable_after_fees,A_all,logistic,numeric__range_ratio,0.04436189347826107
1,profitable_after_fees,A_all,logistic,numeric__body_to_range,-0.2905555714446417
1,profitable_after_fees,A_all,logistic,numeric__close_location,-0.10419317593128834
1,profitable_after_fees,A_all,logistic,numeric__atr14,-0.02182206569085268
1,profitable_after_fees,A_all,logistic,numeric__natr14,-0.02708818333731624
1,profitable_after_fees,A_all,logistic,numeric__return_std_24,-0.02062852530734722
1,profitable_after_fees,A_all,logistic,numeric__return_std_168,-0.1858918392540568
1,profitable_after_fees,A_all,logistic,numeric__volatility_percentile_720,0.134840249371049
1,profitable_after_fees,A_all,logistic,numeric__rsi14,-0.07327796947120185
1,profitable_after_fees,A_all,logistic,numeric__macd_ratio,-0.09984935006809827
1,profitable_after_fees,A_all,logistic,numeric__macd_signal_ratio,-0.14014235391010252
1,profitable_after_fees,A_all,logistic,numeric__macd_hist_ratio,-0.0036006462354130444
1,profitable_after_fees,A_all,logistic,numeric__relative_volume_24,0.049207059301281914
1,profitable_after_fees,A_all,logistic,numeric__volume_zscore_24,0.07107982321875493
1,profitable_after_fees,A_all,logistic,numeric__volume_trend_24_168,0.032742691864147064
1,profitable_after_fees,A_all,logistic,numeric__regime_duration,-0.21974414032096276
1,profitable_after_fees,A_all,logistic,numeric__regime_transition,0.24076996046489924
1,profitable_after_fees,A_all,logistic,numeric__hour_of_day,-0.04330663886077929
1,profitable_after_fees,A_all,logistic,numeric__day_of_week,-0.14733851790264094
1,profitable_after_fees,A_all,logistic,numeric__distance_high_24,-0.018149173146807623
1,profitable_after_fees,A_all,logistic,numeric__distance_low_24,-0.14646664194516504
1,profitable_after_fees,A_all,logistic,numeric__distance_high_168,-0.1674031290334362
1,profitable_after_fees,A_all,logistic,numeric__distance_low_168,-0.0064243117314679845
1,profitable_after_fees,A_all,logistic,numeric__candles_since_prior_signal,0.20756120763281946
1,profitable_after_fees,A_all,logistic,numeric__source_synthetic,0.0
1,profitable_after_fees,A_all,logistic,numeric__return_1h,-0.17003981762736725
1,profitable_after_fees,A_all,logistic,numeric__return_3h,0.0649681313811998
1,profitable_after_fees,A_all,logistic,numeric__return_6h,0.11424452418331206
1,profitable_after_fees,A_all,logistic,numeric__return_12h,-0.15729610219874132
1,profitable_after_fees,A_all,logistic,numeric__return_24h,0.1907301285416974
1,profitable_after_fees,A_all,logistic,numeric__return_72h,-0.08216084549616458
1,profitable_after_fees,A_all,logistic,category__pair_BTC/USDT,0.014883673883214677
1,profitable_after_fees,A_all,logistic,category__pair_ETH/USDT,-0.01492698287308155
1,profitable_after_fees,A_all,logistic,category__regime_LOW_VOLATILITY,0.06761627024043826
1,profitable_after_fees,A_all,logistic,category__regime_RANGE,-0.16101437976613306
1,profitable_after_fees,A_all,logistic,category__regime_TREND_DOWN,0.060982535694439746
1,profitable_after_fees,A_all,logistic,category__regime_TREND_UP,0.032372264841388144
1,profitable_after_fees,B_reduced,logistic,numeric__ema20_distance,-0.009677981931265787
1,profitable_after_fees,B_reduced,logistic,numeric__ema50_distance,-0.06650574420776197
1,profitable_after_fees,B_reduced,logistic,numeric__ema_gap,-0.12991748821756613
1,profitable_after_fees,B_reduced,logistic,numeric__ema20_slope_6,-0.11162175331843345
1,profitable_after_fees,B_reduced,logistic,numeric__ema50_slope_6,-0.14766039516137391
1,profitable_after_fees,B_reduced,logistic,numeric__trend_efficiency_20,0.23624046470266893
1,profitable_after_fees,B_reduced,logistic,numeric__range_ratio,0.04699145254749301
1,profitable_after_fees,B_reduced,logistic,numeric__body_to_range,-0.2890534625413904
1,profitable_after_fees,B_reduced,logistic,numeric__close_location,-0.1256439029099363
1,profitable_after_fees,B_reduced,logistic,numeric__natr14,-0.027770890933357693
1,profitable_after_fees,B_reduced,logistic,numeric__return_std_24,-0.022748159472948046
1,profitable_after_fees,B_reduced,logistic,numeric__return_std_168,-0.18262700643205973
1,profitable_after_fees,B_reduced,logistic,numeric__volatility_percentile_720,0.13566216089268207
1,profitable_after_fees,B_reduced,logistic,numeric__rsi14,-0.08289287319673744
1,profitable_after_fees,B_reduced,logistic,numeric__macd_ratio,-0.09392581259908017
1,profitable_after_fees,B_reduced,logistic,numeric__macd_signal_ratio,-0.13521192322382017
1,profitable_after_fees,B_reduced,logistic,numeric__relative_volume_24,0.05446016875467048
1,profitable_after_fees,B_reduced,logistic,numeric__volume_zscore_24,0.06832555270940557
1,profitable_after_fees,B_reduced,logistic,numeric__volume_trend_24_168,0.029036055847624906
1,profitable_after_fees,B_reduced,logistic,numeric__regime_duration,-0.22590213369080564
1,profitable_after_fees,B_reduced,logistic,numeric__regime_transition,0.24029902129066397
1,profitable_after_fees,B_reduced,logistic,numeric__hour_of_day,-0.03933854831189975
1,profitable_after_fees,B_reduced,logistic,numeric__day_of_week,-0.15031707466372388
1,profitable_after_fees,B_reduced,logistic,numeric__distance_high_24,-0.024120348857786647
1,profitable_after_fees,B_reduced,logistic,numeric__distance_low_24,-0.15261150543885907
1,profitable_after_fees,B_reduced,logistic,numeric__distance_high_168,-0.17400228359444012
1,profitable_after_fees,B_reduced,logistic,numeric__distance_low_168,-0.005092111232431489
1,profitable_after_fees,B_reduced,logistic,numeric__candles_since_prior_signal,0.20021876223602936
1,profitable_after_fees,B_reduced,logistic,numeric__return_1h,-0.23084282026150024
1,profitable_after_fees,B_reduced,logistic,numeric__return_3h,0.053152377423129185
1,profitable_after_fees,B_reduced,logistic,numeric__return_6h,0.10847841938245435
1,profitable_after_fees,B_reduced,logistic,numeric__return_12h,-0.1621683131329664
1,profitable_after_fees,B_reduced,logistic,numeric__return_24h,0.19012046851386616
1,profitable_after_fees,B_reduced,logistic,numeric__return_72h,-0.07872140933651295
1,profitable_after_fees,B_reduced,logistic,category__pair_BTC/USDT,0.01552255364334431
1,profitable_after_fees,B_reduced,logistic,category__pair_ETH/USDT,-0.015413687750384477
1,profitable_after_fees,B_reduced,logistic,category__regime_LOW_VOLATILITY,0.06978623671616842
1,profitable_after_fees,B_reduced,logistic,category__regime_RANGE,-0.1597120884945573
1,profitable_after_fees,B_reduced,logistic,category__regime_TREND_DOWN,0.060559471927997155
1,profitable_after_fees,B_reduced,logistic,category__regime_TREND_UP,0.02947524574335157
1,profitable_after_fees,C_price,logistic,numeric__ema20_distance,-0.0030570834663405148
1,profitable_after_fees,C_price,logistic,numeric__ema50_distance,-0.06911038274396368
1,profitable_after_fees,C_price,logistic,numeric__ema_gap,-0.14443526602519066
1,profitable_after_fees,C_price,logistic,numeric__ema20_slope_6,-0.13765535851919192
1,profitable_after_fees,C_price,logistic,numeric__ema50_slope_6,-0.17041869652212452
1,profitable_after_fees,C_price,logistic,numeric__return_1h,-0.17212616793239827
1,profitable_after_fees,C_price,logistic,numeric__return_3h,0.07300351568219382
1,profitable_after_fees,C_price,logistic,numeric__return_6h,0.10420861106890658
1,profitable_after_fees,C_price,logistic,numeric__return_12h,-0.16027775911637318
1,profitable_after_fees,C_price,logistic,numeric__return_24h,0.17641090709221974
1,profitable_after_fees,C_price,logistic,numeric__return_72h,-0.10779619851072376
1,profitable_after_fees,C_price,logistic,numeric__trend_efficiency_20,0.2849662053451945
1,profitable_after_fees,C_price,logistic,numeric__body_ratio,-0.1725575410886052
1,profitable_after_fees,C_price,logistic,numeric__range_ratio,0.04855115554943844
1,profitable_after_fees,C_price,logistic,numeric__body_to_range,-0.30829985897059586
1,profitable_after_fees,C_price,logistic,numeric__close_location,-0.08807483121399763
1,profitable_after_fees,C_price,logistic,numeric__distance_high_24,-0.0032875282609693465
1,profitable_after_fees,C_price,logistic,numeric__distance_low_24,-0.16799767699086582
1,profitable_after_fees,C_price,logistic,numeric__distance_high_168,-0.14516383638810731
1,profitable_after_fees,C_price,logistic,numeric__distance_low_168,-0.007833530411097186
1,profitable_after_fees,C_price,logistic,numeric__candles_since_prior_signal,0.19778182503843042
1,profitable_after_fees,C_price,logistic,category__pair_BTC/USDT,0.031969641044350045
1,profitable_after_fees,C_price,logistic,category__pair_ETH/USDT,-0.031960495762345595
1,profitable_after_fees,D_price_volatility,logistic,numeric__ema20_distance,0.000814021026322538
1,profitable_after_fees,D_price_volatility,logistic,numeric__ema50_distance,-0.06757305902794417
1,profitable_after_fees,D_price_volatility,logistic,numeric__ema_gap,-0.14720759369285424
1,profitable_after_fees,D_price_volatility,logistic,numeric__ema20_slope_6,-0.1295700563711187
1,profitable_after_fees,D_price_volatility,logistic,numeric__ema50_slope_6,-0.16722176312516746
1,profitable_after_fees,D_price_volatility,logistic,numeric__return_1h,-0.1794624041154218
1,profitable_after_fees,D_price_volatility,logistic,numeric__return_3h,0.07200357931582395
1,profitable_after_fees,D_price_volatility,logistic,numeric__return_6h,0.10624740058859396
1,profitable_after_fees,D_price_volatility,logistic,numeric__return_12h,-0.15332536443909608
1,profitable_after_fees,D_price_volatility,logistic,numeric__return_24h,0.18158246975166992
1,profitable_after_fees,D_price_volatility,logistic,numeric__return_72h,-0.11708167067535406
1,profitable_after_fees,D_price_volatility,logistic,numeric__trend_efficiency_20,0.2803132230956596
1,profitable_after_fees,D_price_volatility,logistic,numeric__body_ratio,-0.18004389212902472
1,profitable_after_fees,D_price_volatility,logistic,numeric__range_ratio,0.04857734757480542
1,profitable_after_fees,D_price_volatility,logistic,numeric__body_to_range,-0.30560350940742426
1,profitable_after_fees,D_price_volatility,logistic,numeric__close_location,-0.10108650615960083
1,profitable_after_fees,D_price_volatility,logistic,numeric__distance_high_24,-0.01228217185358058
1,profitable_after_fees,D_price_volatility,logistic,numeric__distance_low_24,-0.14777979306957362
1,profitable_after_fees,D_price_volatility,logistic,numeric__distance_high_168,-0.1720791666081941
1,profitable_after_fees,D_price_volatility,logistic,numeric__distance_low_168,0.02435273180044817
1,profitable_after_fees,D_price_volatility,logistic,numeric__candles_since_prior_signal,0.20400776042521895
1,profitable_after_fees,D_price_volatility,logistic,numeric__atr14,-0.012759798371021836
1,profitable_after_fees,D_price_volatility,logistic,numeric__natr14,-0.014215080114845043
1,profitable_after_fees,D_price_volatility,logistic,numeric__return_std_24,-0.03653894010619011
1,profitable_after_fees,D_price_volatility,logistic,numeric__return_std_168,-0.19257388931717664
1,profitable_after_fees,D_price_volatility,logistic,numeric__volatility_percentile_720,0.14165887974924013
1,profitable_after_fees,D_price_volatility,logistic,category__pair_BTC/USDT,0.022372924541153142
1,profitable_after_fees,D_price_volatility,logistic,category__pair_ETH/USDT,-0.02233098084523035
1,profitable_after_fees,E_no_regime,logistic,numeric__ema20_distance,0.008623672983985128
1,profitable_after_fees,E_no_regime,logistic,numeric__ema50_distance,-0.054863063625796904
1,profitable_after_fees,E_no_regime,logistic,numeric__ema_gap,-0.13194637454979471
1,profitable_after_fees,E_no_regime,logistic,numeric__ema20_slope_6,-0.1011854482213215
1,profitable_after_fees,E_no_regime,logistic,numeric__ema50_slope_6,-0.14231516179306639
1,profitable_after_fees,E_no_regime,logistic,numeric__trend_efficiency_20,0.3031398699552532
1,profitable_after_fees,E_no_regime,logistic,numeric__body_ratio,-0.18196083413220884
1,profitable_after_fees,E_no_regime,logistic,numeric__range_ratio,0.01784093713266952
1,profitable_after_fees,E_no_regime,logistic,numeric__body_to_range,-0.29777998087352897
1,profitable_after_fees,E_no_regime,logistic,numeric__close_location,-0.09861582531091195
1,profitable_after_fees,E_no_regime,logistic,numeric__atr14,-0.014688846788812106
1,profitable_after_fees,E_no_regime,logistic,numeric__natr14,-0.021357914729375205
1,profitable_after_fees,E_no_regime,logistic,numeric__return_std_24,-0.03460925244013787
1,profitable_after_fees,E_no_regime,logistic,numeric__return_std_168,-0.1635919793596533
1,profitable_after_fees,E_no_regime,logistic,numeric__volatility_percentile_720,0.13201694559704485
1,profitable_after_fees,E_no_regime,logistic,numeric__rsi14,-0.05406351173901971
1,profitable_after_fees,E_no_regime,logistic,numeric__macd_ratio,-0.07979527019184397
1,profitable_after_fees,E_no_regime,logistic,numeric__macd_signal_ratio,-0.11794657337821932
1,profitable_after_fees,E_no_regime,logistic,numeric__macd_hist_ratio,0.00613861449973627
1,profitable_after_fees,E_no_regime,logistic,numeric__relative_volume_24,0.015471337698506294
1,profitable_after_fees,E_no_regime,logistic,numeric__volume_zscore_24,0.03828012905136933
1,profitable_after_fees,E_no_regime,logistic,numeric__volume_trend_24_168,0.03285322257293317
1,profitable_after_fees,E_no_regime,logistic,numeric__hour_of_day,0.011293098497233811
1,profitable_after_fees,E_no_regime,logistic,numeric__day_of_week,-0.16261274293664182
1,profitable_after_fees,E_no_regime,logistic,numeric__distance_high_24,-0.020954726525057015
1,profitable_after_fees,E_no_regime,logistic,numeric__distance_low_24,-0.13058072257587075
1,profitable_after_fees,E_no_regime,logistic,numeric__distance_high_168,-0.17373492240790495
1,profitable_after_fees,E_no_regime,logistic,numeric__distance_low_168,0.03198034995004984
1,profitable_after_fees,E_no_regime,logistic,numeric__candles_since_prior_signal,0.2136301651263034
1,profitable_after_fees,E_no_regime,logistic,numeric__source_synthetic,0.0
1,profitable_after_fees,E_no_regime,logistic,numeric__return_1h,-0.18135658796193194
1,profitable_after_fees,E_no_regime,logistic,numeric__return_3h,0.06214671251569839
1,profitable_after_fees,E_no_regime,logistic,numeric__return_6h,0.10442331301105345
1,profitable_after_fees,E_no_regime,logistic,numeric__return_12h,-0.13881036448603634
1,profitable_after_fees,E_no_regime,logistic,numeric__return_24h,0.1958581734308159
1,profitable_after_fees,E_no_regime,logistic,numeric__return_72h,-0.10575835932515203
1,profitable_after_fees,E_no_regime,logistic,category__pair_BTC/USDT,0.020284878631274525
1,profitable_after_fees,E_no_regime,logistic,category__pair_ETH/USDT,-0.02037592102491084
2,profitable_after_fees,A_all,logistic,numeric__ema20_distance,0.0053296637974245605
2,profitable_after_fees,A_all,logistic,numeric__ema50_distance,-0.04148107730411941
2,profitable_after_fees,A_all,logistic,numeric__ema_gap,-0.10323002135790389
2,profitable_after_fees,A_all,logistic,numeric__ema20_slope_6,-0.1220262409274793
2,profitable_after_fees,A_all,logistic,numeric__ema50_slope_6,-0.1519002721667858
2,profitable_after_fees,A_all,logistic,numeric__trend_efficiency_20,0.33411988064100834
2,profitable_after_fees,A_all,logistic,numeric__body_ratio,-0.23765162809001555
2,profitable_after_fees,A_all,logistic,numeric__range_ratio,0.0059357855999826025
2,profitable_after_fees,A_all,logistic,numeric__body_to_range,-0.3373829030009782
2,profitable_after_fees,A_all,logistic,numeric__close_location,0.0052939186843978196
2,profitable_after_fees,A_all,logistic,numeric__atr14,-0.05253118174054886
2,profitable_after_fees,A_all,logistic,numeric__natr14,0.014157340241594757
2,profitable_after_fees,A_all,logistic,numeric__return_std_24,-0.09740362266543237
2,profitable_after_fees,A_all,logistic,numeric__return_std_168,0.06129082431698127
2,profitable_after_fees,A_all,logistic,numeric__volatility_percentile_720,0.13241540371000987
2,profitable_after_fees,A_all,logistic,numeric__rsi14,0.04035159761122314
2,profitable_after_fees,A_all,logistic,numeric__macd_ratio,-0.0944875913726841
2,profitable_after_fees,A_all,logistic,numeric__macd_signal_ratio,-0.15757820635326608
2,profitable_after_fees,A_all,logistic,numeric__macd_hist_ratio,0.021460016546182757
2,profitable_after_fees,A_all,logistic,numeric__relative_volume_24,-0.12645866448128087
2,profitable_after_fees,A_all,logistic,numeric__volume_zscore_24,0.009073779332416952
2,profitable_after_fees,A_all,logistic,numeric__volume_trend_24_168,0.17223102984132696
2,profitable_after_fees,A_all,logistic,numeric__regime_duration,-0.37175496139661723
2,profitable_after_fees,A_all,logistic,numeric__regime_transition,0.018400583176568702
2,profitable_after_fees,A_all,logistic,numeric__hour_of_day,-0.09820363794401002
2,profitable_after_fees,A_all,logistic,numeric__day_of_week,-0.2803044294413935
2,profitable_after_fees,A_all,logistic,numeric__distance_high_24,-0.006931993022730115
2,profitable_after_fees,A_all,logistic,numeric__distance_low_24,-0.16811689156454035
2,profitable_after_fees,A_all,logistic,numeric__distance_high_168,-0.26513442199290105
2,profitable_after_fees,A_all,logistic,numeric__distance_low_168,-0.04286148391708269
2,profitable_after_fees,A_all,logistic,numeric__candles_since_prior_signal,0.08973096331404833
2,profitable_after_fees,A_all,logistic,numeric__source_synthetic,0.0
2,profitable_after_fees,A_all,logistic,numeric__return_1h,-0.23686494089391413
2,profitable_after_fees,A_all,logistic,numeric__return_3h,0.006118661952965786
2,profitable_after_fees,A_all,logistic,numeric__return_6h,0.14890394022879425
2,profitable_after_fees,A_all,logistic,numeric__return_12h,-0.188396879587014
2,profitable_after_fees,A_all,logistic,numeric__return_24h,0.3237344864994588
2,profitable_after_fees,A_all,logistic,numeric__return_72h,-0.19077044838385213
2,profitable_after_fees,A_all,logistic,category__pair_BTC/USDT,0.004638570004001277
2,profitable_after_fees,A_all,logistic,category__pair_ETH/USDT,-0.00471197333340378
2,profitable_after_fees,A_all,logistic,category__regime_LOW_VOLATILITY,0.005785727307681354
2,profitable_after_fees,A_all,logistic,category__regime_RANGE,-0.0225459605571282
2,profitable_after_fees,A_all,logistic,category__regime_TREND_DOWN,0.06611350409279701
2,profitable_after_fees,A_all,logistic,category__regime_TREND_UP,-0.04942667417275265
2,profitable_after_fees,B_reduced,logistic,numeric__ema20_distance,-0.004788907376979626
2,profitable_after_fees,B_reduced,logistic,numeric__ema50_distance,-0.04493870073985064
2,profitable_after_fees,B_reduced,logistic,numeric__ema_gap,-0.09370413447682926
2,profitable_after_fees,B_reduced,logistic,numeric__ema20_slope_6,-0.10837761646224181
2,profitable_after_fees,B_reduced,logistic,numeric__ema50_slope_6,-0.13963162562696038
2,profitable_after_fees,B_reduced,logistic,numeric__trend_efficiency_20,0.33214530177423734
2,profitable_after_fees,B_reduced,logistic,numeric__range_ratio,0.003745058621068541
2,profitable_after_fees,B_reduced,logistic,numeric__body_to_range,-0.34440828173270827
2,profitable_after_fees,B_reduced,logistic,numeric__close_location,-0.03197883371313798
2,profitable_after_fees,B_reduced,logistic,numeric__natr14,0.013631672267582697
2,profitable_after_fees,B_reduced,logistic,numeric__return_std_24,-0.10281423349251222
2,profitable_after_fees,B_reduced,logistic,numeric__return_std_168,0.05996547201177436
2,profitable_after_fees,B_reduced,logistic,numeric__volatility_percentile_720,0.13343236804501332
2,profitable_after_fees,B_reduced,logistic,numeric__rsi14,0.03264449138984852
2,profitable_after_fees,B_reduced,logistic,numeric__macd_ratio,-0.08434411334876668
2,profitable_after_fees,B_reduced,logistic,numeric__macd_signal_ratio,-0.15498531637551816
2,profitable_after_fees,B_reduced,logistic,numeric__relative_volume_24,-0.13015097859025934
2,profitable_after_fees,B_reduced,logistic,numeric__volume_zscore_24,0.007415076203357856
2,profitable_after_fees,B_reduced,logistic,numeric__volume_trend_24_168,0.16922826593025977
2,profitable_after_fees,B_reduced,logistic,numeric__regime_duration,-0.3748560320130731
2,profitable_after_fees,B_reduced,logistic,numeric__regime_transition,0.016439666483741185
2,profitable_after_fees,B_reduced,logistic,numeric__hour_of_day,-0.09382530364039415
2,profitable_after_fees,B_reduced,logistic,numeric__day_of_week,-0.27538396740504256
2,profitable_after_fees,B_reduced,logistic,numeric__distance_high_24,-0.014491563524907995
2,profitable_after_fees,B_reduced,logistic,numeric__distance_low_24,-0.17497246257589805
2,profitable_after_fees,B_reduced,logistic,numeric__distance_high_168,-0.27270592517936854
2,profitable_after_fees,B_reduced,logistic,numeric__distance_low_168,-0.04427028245420404
2,profitable_after_fees,B_reduced,logistic,numeric__candles_since_prior_signal,0.082062122055135
2,profitable_after_fees,B_reduced,logistic,numeric__return_1h,-0.3260679614178332
2,profitable_after_fees,B_reduced,logistic,numeric__return_3h,-0.00767564908461157
2,profitable_after_fees,B_reduced,logistic,numeric__return_6h,0.14676022681088252
2,profitable_after_fees,B_reduced,logistic,numeric__return_12h,-0.1879478663159706
2,profitable_after_fees,B_reduced,logistic,numeric__return_24h,0.31955679306354773
2,profitable_after_fees,B_reduced,logistic,numeric__return_72h,-0.18796352469217434
2,profitable_after_fees,B_reduced,logistic,category__pair_BTC/USDT,-0.01100950136725714
2,profitable_after_fees,B_reduced,logistic,category__pair_ETH/USDT,0.010287168651104534
2,profitable_after_fees,B_reduced,logistic,category__regime_LOW_VOLATILITY,0.00872701277141969
2,profitable_after_fees,B_reduced,logistic,category__regime_RANGE,-0.020135681507306862
2,profitable_after_fees,B_reduced,logistic,category__regime_TREND_DOWN,0.06235226127084882
2,profitable_after_fees,B_reduced,logistic,category__regime_TREND_UP,-0.05166592525111428
2,profitable_after_fees,C_price,logistic,numeric__ema20_distance,0.007239405472410031
2,profitable_after_fees,C_price,logistic,numeric__ema50_distance,-0.04920869158170749
2,profitable_after_fees,C_price,logistic,numeric__ema_gap,-0.12698762752822676
2,profitable_after_fees,C_price,logistic,numeric__ema20_slope_6,-0.11822918431509959
2,profitable_after_fees,C_price,logistic,numeric__ema50_slope_6,-0.16108020545402552
2,profitable_after_fees,C_price,logistic,numeric__return_1h,-0.2250822045592748
2,profitable_after_fees,C_price,logistic,numeric__return_3h,0.058326458581765425
2,profitable_after_fees,C_price,logistic,numeric__return_6h,0.11366613928494998
2,profitable_after_fees,C_price,logistic,numeric__return_12h,-0.1770508202407256
2,profitable_after_fees,C_price,logistic,numeric__return_24h,0.3520684440014928
2,profitable_after_fees,C_price,logistic,numeric__return_72h,-0.21768749274195437
2,profitable_after_fees,C_price,logistic,numeric__trend_efficiency_20,0.37763352620524787
2,profitable_after_fees,C_price,logistic,numeric__body_ratio,-0.22548520383582743
2,profitable_after_fees,C_price,logistic,numeric__range_ratio,-0.037778662400760166
2,profitable_after_fees,C_price,logistic,numeric__body_to_range,-0.36864786216979795
2,profitable_after_fees,C_price,logistic,numeric__close_location,0.02771020735468496
2,profitable_after_fees,C_price,logistic,numeric__distance_high_24,-0.09702890442838066
2,profitable_after_fees,C_price,logistic,numeric__distance_low_24,-0.12988659873998445
2,profitable_after_fees,C_price,logistic,numeric__distance_high_168,-0.26434900413708917
2,profitable_after_fees,C_price,logistic,numeric__distance_low_168,-0.049529306331324796
2,profitable_after_fees,C_price,logistic,numeric__candles_since_prior_signal,0.10083330258099982
2,profitable_after_fees,C_price,logistic,category__pair_BTC/USDT,-0.003603424077075417
2,profitable_after_fees,C_price,logistic,category__pair_ETH/USDT,0.0036365065261125666
2,profitable_after_fees,D_price_volatility,logistic,numeric__ema20_distance,0.007676047665721485
2,profitable_after_fees,D_price_volatility,logistic,numeric__ema50_distance,-0.05196399527944891
2,profitable_after_fees,D_price_volatility,logistic,numeric__ema_gap,-0.1333594895788829
2,profitable_after_fees,D_price_volatility,logistic,numeric__ema20_slope_6,-0.1262714034922862
2,profitable_after_fees,D_price_volatility,logistic,numeric__ema50_slope_6,-0.1701247864844475
2,profitable_after_fees,D_price_volatility,logistic,numeric__return_1h,-0.2232760136144673
2,profitable_after_fees,D_price_volatility,logistic,numeric__return_3h,0.05734767335390151
2,profitable_after_fees,D_price_volatility,logistic,numeric__return_6h,0.12115962646111395
2,profitable_after_fees,D_price_volatility,logistic,numeric__return_12h,-0.1750160713168719
2,profitable_after_fees,D_price_volatility,logistic,numeric__return_24h,0.3282781854503697
2,profitable_after_fees,D_price_volatility,logistic,numeric__return_72h,-0.22336110321312422
2,profitable_after_fees,D_price_volatility,logistic,numeric__trend_efficiency_20,0.3859418206509334
2,profitable_after_fees,D_price_volatility,logistic,numeric__body_ratio,-0.22377807952315695
2,profitable_after_fees,D_price_volatility,logistic,numeric__range_ratio,-0.05999470815810149
2,profitable_after_fees,D_price_volatility,logistic,numeric__body_to_range,-0.3539496513002427
2,profitable_after_fees,D_price_volatility,logistic,numeric__close_location,0.01989931373222573
2,profitable_after_fees,D_price_volatility,logistic,numeric__distance_high_24,-0.03167994932724734
2,profitable_after_fees,D_price_volatility,logistic,numeric__distance_low_24,-0.1500980554358282
2,profitable_after_fees,D_price_volatility,logistic,numeric__distance_high_168,-0.25298877441047957
2,profitable_after_fees,D_price_volatility,logistic,numeric__distance_low_168,-0.06933565504923386
2,profitable_after_fees,D_price_volatility,logistic,numeric__candles_since_prior_signal,0.09171320681986465
2,profitable_after_fees,D_price_volatility,logistic,numeric__atr14,-0.05851043937938042
2,profitable_after_fees,D_price_volatility,logistic,numeric__natr14,0.07144494474569969
2,profitable_after_fees,D_price_volatility,logistic,numeric__return_std_24,-0.0902594885303013
2,profitable_after_fees,D_price_volatility,logistic,numeric__return_std_168,-0.016032822009417243
2,profitable_after_fees,D_price_volatility,logistic,numeric__volatility_percentile_720,0.22204441138220793
2,profitable_after_fees,D_price_volatility,logistic,category__pair_BTC/USDT,0.008506138563568457
2,profitable_after_fees,D_price_volatility,logistic,category__pair_ETH/USDT,-0.00882782185534288
2,profitable_after_fees,E_no_regime,logistic,numeric__ema20_distance,0.003012050717849085
2,profitable_after_fees,E_no_regime,logistic,numeric__ema50_distance,-0.04426545853112228
2,profitable_after_fees,E_no_regime,logistic,numeric__ema_gap,-0.10702257443500804
2,profitable_after_fees,E_no_regime,logistic,numeric__ema20_slope_6,-0.1121847614391969
2,profitable_after_fees,E_no_regime,logistic,numeric__ema50_slope_6,-0.14607217004586884
2,profitable_after_fees,E_no_regime,logistic,numeric__trend_efficiency_20,0.38741581216047916
2,profitable_after_fees,E_no_regime,logistic,numeric__body_ratio,-0.24842044840756095
2,profitable_after_fees,E_no_regime,logistic,numeric__range_ratio,-0.008435273240622506
2,profitable_after_fees,E_no_regime,logistic,numeric__body_to_range,-0.3610296963602893
2,profitable_after_fees,E_no_regime,logistic,numeric__close_location,0.01728992352535054
2,profitable_after_fees,E_no_regime,logistic,numeric__atr14,-0.05402734774287075
2,profitable_after_fees,E_no_regime,logistic,numeric__natr14,0.01931188358902533
2,profitable_after_fees,E_no_regime,logistic,numeric__return_std_24,-0.11176134030870936
2,profitable_after_fees,E_no_regime,logistic,numeric__return_std_168,0.07499053260892974
2,profitable_after_fees,E_no_regime,logistic,numeric__volatility_percentile_720,0.13083968666375165
2,profitable_after_fees,E_no_regime,logistic,numeric__rsi14,0.06442934723372983
2,profitable_after_fees,E_no_regime,logistic,numeric__macd_ratio,-0.08043539797672397
2,profitable_after_fees,E_no_regime,logistic,numeric__macd_signal_ratio,-0.13669615183490583
2,profitable_after_fees,E_no_regime,logistic,numeric__macd_hist_ratio,0.02188012473599508
2,profitable_after_fees,E_no_regime,logistic,numeric__relative_volume_24,-0.13336957446999262
2,profitable_after_fees,E_no_regime,logistic,numeric__volume_zscore_24,-0.004609499438145186
2,profitable_after_fees,E_no_regime,logistic,numeric__volume_trend_24_168,0.19322555981293812
2,profitable_after_fees,E_no_regime,logistic,numeric__hour_of_day,-0.07221816876600623
2,profitable_after_fees,E_no_regime,logistic,numeric__day_of_week,-0.2285452640426282
2,profitable_after_fees,E_no_regime,logistic,numeric__distance_high_24,-0.03215841319376328
2,profitable_after_fees,E_no_regime,logistic,numeric__distance_low_24,-0.1563392986547491
2,profitable_after_fees,E_no_regime,logistic,numeric__distance_high_168,-0.2842082924697429
2,profitable_after_fees,E_no_regime,logistic,numeric__distance_low_168,-0.017859756578039215
2,profitable_after_fees,E_no_regime,logistic,numeric__candles_since_prior_signal,0.10072099329569226
2,profitable_after_fees,E_no_regime,logistic,numeric__source_synthetic,0.0
2,profitable_after_fees,E_no_regime,logistic,numeric__return_1h,-0.24790662447100484
2,profitable_after_fees,E_no_regime,logistic,numeric__return_3h,0.0499296966752933
2,profitable_after_fees,E_no_regime,logistic,numeric__return_6h,0.12445058952592783
2,profitable_after_fees,E_no_regime,logistic,numeric__return_12h,-0.1751178213887148
2,profitable_after_fees,E_no_regime,logistic,numeric__return_24h,0.3231595339848779
2,profitable_after_fees,E_no_regime,logistic,numeric__return_72h,-0.2049072507198462
2,profitable_after_fees,E_no_regime,logistic,category__pair_BTC/USDT,0.015957599074834197
2,profitable_after_fees,E_no_regime,logistic,category__pair_ETH/USDT,-0.01639949777079637
3,profitable_after_fees,A_all,logistic,numeric__ema20_distance,-0.0182641310141445
3,profitable_after_fees,A_all,logistic,numeric__ema50_distance,-0.05576800856410112
3,profitable_after_fees,A_all,logistic,numeric__ema_gap,-0.112324341804727
3,profitable_after_fees,A_all,logistic,numeric__ema20_slope_6,-0.10320231060472261
3,profitable_after_fees,A_all,logistic,numeric__ema50_slope_6,-0.14201366571894056
3,profitable_after_fees,A_all,logistic,numeric__trend_efficiency_20,0.42413643734252926
3,profitable_after_fees,A_all,logistic,numeric__body_ratio,-0.14646981649636398
3,profitable_after_fees,A_all,logistic,numeric__range_ratio,-0.039436897116465114
3,profitable_after_fees,A_all,logistic,numeric__body_to_range,-0.3053582315541542
3,profitable_after_fees,A_all,logistic,numeric__close_location,-0.033771110267424145
3,profitable_after_fees,A_all,logistic,numeric__atr14,-0.03751092045660082
3,profitable_after_fees,A_all,logistic,numeric__natr14,0.16917742957553844
3,profitable_after_fees,A_all,logistic,numeric__return_std_24,-0.0076097517931486966
3,profitable_after_fees,A_all,logistic,numeric__return_std_168,0.07897833227864877
3,profitable_after_fees,A_all,logistic,numeric__volatility_percentile_720,0.011675689614482775
3,profitable_after_fees,A_all,logistic,numeric__rsi14,0.10211179665197441
3,profitable_after_fees,A_all,logistic,numeric__macd_ratio,-0.06834697333074159
3,profitable_after_fees,A_all,logistic,numeric__macd_signal_ratio,-0.09771483372449216
3,profitable_after_fees,A_all,logistic,numeric__macd_hist_ratio,-0.011088797813999882
3,profitable_after_fees,A_all,logistic,numeric__relative_volume_24,-0.1206674481657711
3,profitable_after_fees,A_all,logistic,numeric__volume_zscore_24,0.02430519092506041
3,profitable_after_fees,A_all,logistic,numeric__volume_trend_24_168,0.15917827636983464
3,profitable_after_fees,A_all,logistic,numeric__regime_duration,-0.37516583863845665
3,profitable_after_fees,A_all,logistic,numeric__regime_transition,0.018737449546787018
3,profitable_after_fees,A_all,logistic,numeric__hour_of_day,-0.09289183001475342
3,profitable_after_fees,A_all,logistic,numeric__day_of_week,-0.2379720625347994
3,profitable_after_fees,A_all,logistic,numeric__distance_high_24,-0.021642027695551777
3,profitable_after_fees,A_all,logistic,numeric__distance_low_24,-0.1627573905520508
3,profitable_after_fees,A_all,logistic,numeric__distance_high_168,-0.1536140157646913
3,profitable_after_fees,A_all,logistic,numeric__distance_low_168,0.000899904101306266
3,profitable_after_fees,A_all,logistic,numeric__candles_since_prior_signal,0.08238162514997724
3,profitable_after_fees,A_all,logistic,numeric__source_synthetic,0.0
3,profitable_after_fees,A_all,logistic,numeric__return_1h,-0.1457953794038618
3,profitable_after_fees,A_all,logistic,numeric__return_3h,-0.03669324084990741
3,profitable_after_fees,A_all,logistic,numeric__return_6h,0.08886733487970236
3,profitable_after_fees,A_all,logistic,numeric__return_12h,-0.2839149377150275
3,profitable_after_fees,A_all,logistic,numeric__return_24h,0.3579214363090918
3,profitable_after_fees,A_all,logistic,numeric__return_72h,-0.13511934290720656
3,profitable_after_fees,A_all,logistic,category__pair_BTC/USDT,0.022975231659613255
3,profitable_after_fees,A_all,logistic,category__pair_ETH/USDT,-0.02260323004154958
3,profitable_after_fees,A_all,logistic,category__regime_LOW_VOLATILITY,-0.16728531305037173
3,profitable_after_fees,A_all,logistic,category__regime_RANGE,0.16527783531085885
3,profitable_after_fees,A_all,logistic,category__regime_TREND_DOWN,0.07155897692432046
3,profitable_after_fees,A_all,logistic,category__regime_TREND_UP,-0.06917949756674388
3,profitable_after_fees,B_reduced,logistic,numeric__ema20_distance,-0.02963571197273968
3,profitable_after_fees,B_reduced,logistic,numeric__ema50_distance,-0.06292578042429547
3,profitable_after_fees,B_reduced,logistic,numeric__ema_gap,-0.10657836362526152
3,profitable_after_fees,B_reduced,logistic,numeric__ema20_slope_6,-0.09692392810703389
3,profitable_after_fees,B_reduced,logistic,numeric__ema50_slope_6,-0.13572423240829962
3,profitable_after_fees,B_reduced,logistic,numeric__trend_efficiency_20,0.4195819663394464
3,profitable_after_fees,B_reduced,logistic,numeric__range_ratio,-0.04738716241534188
3,profitable_after_fees,B_reduced,logistic,numeric__body_to_range,-0.3098914172166787
3,profitable_after_fees,B_reduced,logistic,numeric__close_location,-0.05221517902785768
3,profitable_after_fees,B_reduced,logistic,numeric__natr14,0.16758487140158293
3,profitable_after_fees,B_reduced,logistic,numeric__return_std_24,-0.01574160391075268
3,profitable_after_fees,B_reduced,logistic,numeric__return_std_168,0.0779190426229857
3,profitable_after_fees,B_reduced,logistic,numeric__volatility_percentile_720,0.010359149539442263
3,profitable_after_fees,B_reduced,logistic,numeric__rsi14,0.0982840428735414
3,profitable_after_fees,B_reduced,logistic,numeric__macd_ratio,-0.06386476408939532
3,profitable_after_fees,B_reduced,logistic,numeric__macd_signal_ratio,-0.0961503635815889
3,profitable_after_fees,B_reduced,logistic,numeric__relative_volume_24,-0.12941063039003153
3,profitable_after_fees,B_reduced,logistic,numeric__volume_zscore_24,0.02486903742480252
3,profitable_after_fees,B_reduced,logistic,numeric__volume_trend_24_168,0.15526234367874767
3,profitable_after_fees,B_reduced,logistic,numeric__regime_duration,-0.3766488799656199
3,profitable_after_fees,B_reduced,logistic,numeric__regime_transition,0.01584485848372294
3,profitable_after_fees,B_reduced,logistic,numeric__hour_of_day,-0.08935991698624429
3,profitable_after_fees,B_reduced,logistic,numeric__day_of_week,-0.2378641748666656
3,profitable_after_fees,B_reduced,logistic,numeric__distance_high_24,-0.02747092817959403
3,profitable_after_fees,B_reduced,logistic,numeric__distance_low_24,-0.16683704469441493
3,profitable_after_fees,B_reduced,logistic,numeric__distance_high_168,-0.15895580489553773
3,profitable_after_fees,B_reduced,logistic,numeric__distance_low_168,7.447195093566585e-05
3,profitable_after_fees,B_reduced,logistic,numeric__candles_since_prior_signal,0.08184382252967456
3,profitable_after_fees,B_reduced,logistic,numeric__return_1h,-0.19520394124323728
3,profitable_after_fees,B_reduced,logistic,numeric__return_3h,-0.045553571510070834
3,profitable_after_fees,B_reduced,logistic,numeric__return_6h,0.08449274624701388
3,profitable_after_fees,B_reduced,logistic,numeric__return_12h,-0.2894125697675912
3,profitable_after_fees,B_reduced,logistic,numeric__return_24h,0.35354883678370314
3,profitable_after_fees,B_reduced,logistic,numeric__return_72h,-0.13374964894483715
3,profitable_after_fees,B_reduced,logistic,category__pair_BTC/USDT,0.00589771567998457
3,profitable_after_fees,B_reduced,logistic,category__pair_ETH/USDT,-0.005871849132380942
3,profitable_after_fees,B_reduced,logistic,category__regime_LOW_VOLATILITY,-0.16507633568112998
3,profitable_after_fees,B_reduced,logistic,category__regime_RANGE,0.16559400318932496
3,profitable_after_fees,B_reduced,logistic,category__regime_TREND_DOWN,0.06933524556470438
3,profitable_after_fees,B_reduced,logistic,category__regime_TREND_UP,-0.06982704652529564
3,profitable_after_fees,C_price,logistic,numeric__ema20_distance,0.0002904813624002383
3,profitable_after_fees,C_price,logistic,numeric__ema50_distance,-0.048726701101524134
3,profitable_after_fees,C_price,logistic,numeric__ema_gap,-0.13542715282310075
3,profitable_after_fees,C_price,logistic,numeric__ema20_slope_6,-0.09086325219563904
3,profitable_after_fees,C_price,logistic,numeric__ema50_slope_6,-0.14718623673386666
3,profitable_after_fees,C_price,logistic,numeric__return_1h,-0.13555433855675594
3,profitable_after_fees,C_price,logistic,numeric__return_3h,0.011707523574432405
3,profitable_after_fees,C_price,logistic,numeric__return_6h,0.08263650699127087
3,profitable_after_fees,C_price,logistic,numeric__return_12h,-0.28692258836542567
3,profitable_after_fees,C_price,logistic,numeric__return_24h,0.40431828554914145
3,profitable_after_fees,C_price,logistic,numeric__return_72h,-0.1823365021294377
3,profitable_after_fees,C_price,logistic,numeric__trend_efficiency_20,0.45788481081128474
3,profitable_after_fees,C_price,logistic,numeric__body_ratio,-0.135922760212551
3,profitable_after_fees,C_price,logistic,numeric__range_ratio,-0.040540453186095504
3,profitable_after_fees,C_price,logistic,numeric__body_to_range,-0.3353249870667307
3,profitable_after_fees,C_price,logistic,numeric__close_location,-0.035990184955190394
3,profitable_after_fees,C_price,logistic,numeric__distance_high_24,-0.18622781413925563
3,profitable_after_fees,C_price,logistic,numeric__distance_low_24,-0.03614631439575875
3,profitable_after_fees,C_price,logistic,numeric__distance_high_168,-0.14751533705671002
3,profitable_after_fees,C_price,logistic,numeric__distance_low_168,0.024041738920028616
3,profitable_after_fees,C_price,logistic,numeric__candles_since_prior_signal,0.0947605216119438
3,profitable_after_fees,C_price,logistic,category__pair_BTC/USDT,-0.005020026122948841
3,profitable_after_fees,C_price,logistic,category__pair_ETH/USDT,0.005071270861175305
3,profitable_after_fees,D_price_volatility,logistic,numeric__ema20_distance,-0.009729312315811289
3,profitable_after_fees,D_price_volatility,logistic,numeric__ema50_distance,-0.058129167699983345
3,profitable_after_fees,D_price_volatility,logistic,numeric__ema_gap,-0.13865967501627183
3,profitable_after_fees,D_price_volatility,logistic,numeric__ema20_slope_6,-0.1015772848884025
3,profitable_after_fees,D_price_volatility,logistic,numeric__ema50_slope_6,-0.1553787238827144
3,profitable_after_fees,D_price_volatility,logistic,numeric__return_1h,-0.1314428573497061
3,profitable_after_fees,D_price_volatility,logistic,numeric__return_3h,0.004041287026509331
3,profitable_after_fees,D_price_volatility,logistic,numeric__return_6h,0.08366919497990793
3,profitable_after_fees,D_price_volatility,logistic,numeric__return_12h,-0.2786751630011348
3,profitable_after_fees,D_price_volatility,logistic,numeric__return_24h,0.3422172860220398
3,profitable_after_fees,D_price_volatility,logistic,numeric__return_72h,-0.18349409448751086
3,profitable_after_fees,D_price_volatility,logistic,numeric__trend_efficiency_20,0.4701049436282672
3,profitable_after_fees,D_price_volatility,logistic,numeric__body_ratio,-0.1318798583873133
3,profitable_after_fees,D_price_volatility,logistic,numeric__range_ratio,-0.07076543834434823
3,profitable_after_fees,D_price_volatility,logistic,numeric__body_to_range,-0.3300242852011469
3,profitable_after_fees,D_price_volatility,logistic,numeric__close_location,-0.04097936067179842
3,profitable_after_fees,D_price_volatility,logistic,numeric__distance_high_24,-0.062201251488759816
3,profitable_after_fees,D_price_volatility,logistic,numeric__distance_low_24,-0.11472748386015082
3,profitable_after_fees,D_price_volatility,logistic,numeric__distance_high_168,-0.11940792992831943
3,profitable_after_fees,D_price_volatility,logistic,numeric__distance_low_168,-0.03046220524904758
3,profitable_after_fees,D_price_volatility,logistic,numeric__candles_since_prior_signal,0.07772864439393129
3,profitable_after_fees,D_price_volatility,logistic,numeric__atr14,-0.03366122556117015
3,profitable_after_fees,D_price_volatility,logistic,numeric__natr14,0.2344945945896168
3,profitable_after_fees,D_price_volatility,logistic,numeric__return_std_24,0.005461830065787497
3,profitable_after_fees,D_price_volatility,logistic,numeric__return_std_168,-0.005990399844226855
3,profitable_after_fees,D_price_volatility,logistic,numeric__volatility_percentile_720,0.11510633721436218
3,profitable_after_fees,D_price_volatility,logistic,category__pair_BTC/USDT,0.012367388592299829
3,profitable_after_fees,D_price_volatility,logistic,category__pair_ETH/USDT,-0.011769686683151452
3,profitable_after_fees,E_no_regime,logistic,numeric__ema20_distance,-0.017821244106407754
3,profitable_after_fees,E_no_regime,logistic,numeric__ema50_distance,-0.05956692139169767
3,profitable_after_fees,E_no_regime,logistic,numeric__ema_gap,-0.12585262241107972
3,profitable_after_fees,E_no_regime,logistic,numeric__ema20_slope_6,-0.09746303778328325
3,profitable_after_fees,E_no_regime,logistic,numeric__ema50_slope_6,-0.14427357766066587
3,profitable_after_fees,E_no_regime,logistic,numeric__trend_efficiency_20,0.4575056995614077
3,profitable_after_fees,E_no_regime,logistic,numeric__body_ratio,-0.14978405657880856
3,profitable_after_fees,E_no_regime,logistic,numeric__range_ratio,-0.043440822274891676
3,profitable_after_fees,E_no_regime,logistic,numeric__body_to_range,-0.33484730759757003
3,profitable_after_fees,E_no_regime,logistic,numeric__close_location,-0.028236172082345894
3,profitable_after_fees,E_no_regime,logistic,numeric__atr14,-0.03365377018175117
3,profitable_after_fees,E_no_regime,logistic,numeric__natr14,0.18242527923758284
3,profitable_after_fees,E_no_regime,logistic,numeric__return_std_24,-0.017089979878705922
3,profitable_after_fees,E_no_regime,logistic,numeric__return_std_168,0.0956575750322833
3,profitable_after_fees,E_no_regime,logistic,numeric__volatility_percentile_720,0.010029018652646837
3,profitable_after_fees,E_no_regime,logistic,numeric__rsi14,0.09853201228002206
3,profitable_after_fees,E_no_regime,logistic,numeric__macd_ratio,-0.05814864019199761
3,profitable_after_fees,E_no_regime,logistic,numeric__macd_signal_ratio,-0.08436185957224651
3,profitable_after_fees,E_no_regime,logistic,numeric__macd_hist_ratio,-0.007800454217583163
3,profitable_after_fees,E_no_regime,logistic,numeric__relative_volume_24,-0.11209132554904036
3,profitable_after_fees,E_no_regime,logistic,numeric__volume_zscore_24,0.011786577009014972
3,profitable_after_fees,E_no_regime,logistic,numeric__volume_trend_24_168,0.1951581435809317
3,profitable_after_fees,E_no_regime,logistic,numeric__hour_of_day,-0.10153892043621424
3,profitable_after_fees,E_no_regime,logistic,numeric__day_of_week,-0.23741764578792532
3,profitable_after_fees,E_no_regime,logistic,numeric__distance_high_24,-0.05545190728105307
3,profitable_after_fees,E_no_regime,logistic,numeric__distance_low_24,-0.14566719720426752
3,profitable_after_fees,E_no_regime,logistic,numeric__distance_high_168,-0.1648942951713483
3,profitable_after_fees,E_no_regime,logistic,numeric__distance_low_168,0.03023601899118082
3,profitable_after_fees,E_no_regime,logistic,numeric__candles_since_prior_signal,0.0907021675155238
3,profitable_after_fees,E_no_regime,logistic,numeric__source_synthetic,0.0
3,profitable_after_fees,E_no_regime,logistic,numeric__return_1h,-0.14934499912493238
3,profitable_after_fees,E_no_regime,logistic,numeric__return_3h,-0.0036324026357487335
3,profitable_after_fees,E_no_regime,logistic,numeric__return_6h,0.08024117430147272
3,profitable_after_fees,E_no_regime,logistic,numeric__return_12h,-0.2786458355064376
3,profitable_after_fees,E_no_regime,logistic,numeric__return_24h,0.3479003741201952
3,profitable_after_fees,E_no_regime,logistic,numeric__return_72h,-0.1687756421450895
3,profitable_after_fees,E_no_regime,logistic,category__pair_BTC/USDT,0.027810251199409195
3,profitable_after_fees,E_no_regime,logistic,category__pair_ETH/USDT,-0.027933861816608188
