target,feature_set,model,threshold,period,evaluation_year,trades,retention_pct,win_rate_pct,net_profit_usdt,average_trade_pct,profit_factor,expectancy_usdt,closed_subset_max_drawdown_pct,btc_net_usdt,eth_net_usdt,regime_distribution,median_yearly_net_usdt,worst_year_net_usdt,profitable_years,yearly_net_std_usdt
profitable_after_fees,A_all,dummy,0.5,aggregate,,0,0.0,,0.0,,,,0.0,0.0,0.0,{},0.0,0.0,0.0,0.0
profitable_after_fees,A_all,dummy,0.55,aggregate,,0,0.0,,0.0,,,,0.0,0.0,0.0,{},0.0,0.0,0.0,0.0
profitable_after_fees,A_all,dummy,0.6,aggregate,,0,0.0,,0.0,,,,0.0,0.0,0.0,{},0.0,0.0,0.0,0.0
profitable_after_fees,A_all,dummy,0.65,aggregate,,0,0.0,,0.0,,,,0.0,0.0,0.0,{},0.0,0.0,0.0,0.0
profitable_after_fees,A_all,dummy,0.7,aggregate,,0,0.0,,0.0,,,,0.0,0.0,0.0,{},0.0,0.0,0.0,0.0
profitable_after_fees,A_all,forest,0.5,aggregate,,52,5.009633911368015,38.46153846153847,-17.443216040000003,-0.3360114641256883,0.8129867022976359,-0.3354464623076924,4.664370308353087,7.919987359999998,-25.3632034,"{'TREND_UP': 32, 'HIGH_VOLATILITY': 14, 'RANGE': 6}",-5.82004781,-13.6044317,1.0,11.98014808084158
profitable_after_fees,A_all,forest,0.55,aggregate,,17,1.6377649325626205,47.05882352941176,5.947954099999999,0.3507490957036757,1.234113449608163,0.3498796529411764,1.62185328484193,8.299844739999998,-2.35189064,"{'TREND_UP': 11, 'HIGH_VOLATILITY': 5, 'RANGE': 1}",0.0,-6.45179122,1.0,6.927303076610179
profitable_after_fees,A_all,forest,0.6,aggregate,,3,0.2890173410404624,100.0,14.98424088,5.000015427790073,,4.99474696,0.0,4.98517603,9.99906485,{'TREND_UP': 3},0.0,0.0,2.0,4.466696727965515
profitable_after_fees,A_all,forest,0.65,aggregate,,0,0.0,,0.0,,,,0.0,0.0,0.0,{},0.0,0.0,0.0,0.0
profitable_after_fees,A_all,forest,0.7,aggregate,,0,0.0,,0.0,,,,0.0,0.0,0.0,{},0.0,0.0,0.0,0.0
profitable_after_fees,A_all,hist_gradient,0.5,aggregate,,107,10.308285163776493,42.99065420560748,10.952438140000002,0.1025778111095074,1.0677015659658522,0.102359234953271,3.0932084089849887,11.96607149,-1.0136333500000037,"{'TREND_UP': 62, 'RANGE': 33, 'HIGH_VOLATILITY': 12}",3.49837938,-22.99865332,3.0,17.375207303835516
profitable_after_fees,A_all,hist_gradient,0.55,aggregate,,43,4.142581888246628,37.2093023255814,-3.3811228299999976,-0.0785536133846959,0.9526055839531063,-0.078630763488372,1.8393338721255457,-5.03478569,1.6536628599999998,"{'TREND_UP': 28, 'RANGE': 12, 'HIGH_VOLATILITY': 3}",1.5028143300000014,-13.47908729,3.0,8.610964803816637
profitable_after_fees,A_all,hist_gradient,0.6,aggregate,,16,1.5414258188824663,37.5,-5.173363500000002,-0.3229517103435834,0.8284741824120074,-0.3233352187500001,1.038215118000005,-5.837761090000001,0.6643975900000001,"{'TREND_UP': 11, 'RANGE': 5}",-3.01584049,-7.338446130000001,2.0,5.544433904840851
profitable_after_fees,A_all,hist_gradient,0.65,aggregate,,2,0.1926782273603083,50.0,3.03865668,1.5214012435933102,2.551330971555203,1.51932834,0.1958741710000026,-1.95874171,4.99739839,{'TREND_UP': 2},0.0,-1.95874171,1.0,2.596342276698442
profitable_after_fees,A_all,hist_gradient,0.7,aggregate,,0,0.0,,0.0,,,,0.0,0.0,0.0,{},0.0,0.0,0.0,0.0
profitable_after_fees,A_all,logistic,0.5,aggregate,,123,11.84971098265896,47.15447154471545,58.61287581000001,0.476603076986597,1.3212572660435118,0.4765274456097562,2.9045549101742942,26.8301611,31.78271471000001,"{'TREND_UP': 49, 'HIGH_VOLATILITY': 48, 'RANGE': 26}",11.26860648,-10.82079807,3.0,20.070412798089
profitable_after_fees,A_all,logistic,0.55,aggregate,,81,7.803468208092486,53.086419753086425,70.03887837000002,0.8645969065847383,1.628256825860177,0.864677510740741,1.640804901071941,36.04905656,33.98982181000001,"{'HIGH_VOLATILITY': 42, 'TREND_UP': 29, 'RANGE': 10}",4.77575541,-8.6815884,4.0,20.52054451851728
profitable_after_fees,A_all,logistic,0.6,aggregate,,57,5.491329479768786,50.877192982456144,39.42949991,0.6918415317886181,1.4210103447438167,0.6917456124561403,1.7078901408020768,25.03354799,14.395951920000003,"{'HIGH_VOLATILITY': 41, 'TREND_UP': 15, 'RANGE': 1}",5.318784160000002,0.0,3.0,9.730925453369908
profitable_after_fees,A_all,logistic,0.65,aggregate,,47,4.527938342967245,46.80851063829788,12.088584399999997,0.2572753611008611,1.1351563913918072,0.2572039234042552,2.660565287264986,5.634164309999997,6.454420090000002,"{'HIGH_VOLATILITY': 39, 'TREND_UP': 7, 'RANGE': 1}",0.0,-0.2812444400000018,2.0,3.4949613694527963
profitable_after_fees,A_all,logistic,0.7,aggregate,,39,3.757225433526012,48.71794871794872,13.488806279999997,0.3459121252626559,1.1846672421989466,0.3458668276923076,1.4481099860519222,6.659249919999998,6.829556360000002,"{'HIGH_VOLATILITY': 36, 'TREND_UP': 3}",2.24398599,0.0,3.0,3.0913447067467748
profitable_after_fees,B_reduced,dummy,0.5,aggregate,,0,0.0,,0.0,,,,0.0,0.0,0.0,{},0.0,0.0,0.0,0.0
profitable_after_fees,B_reduced,dummy,0.55,aggregate,,0,0.0,,0.0,,,,0.0,0.0,0.0,{},0.0,0.0,0.0,0.0
profitable_after_fees,B_reduced,dummy,0.6,aggregate,,0,0.0,,0.0,,,,0.0,0.0,0.0,{},0.0,0.0,0.0,0.0
profitable_after_fees,B_reduced,dummy,0.65,aggregate,,0,0.0,,0.0,,,,0.0,0.0,0.0,{},0.0,0.0,0.0,0.0
profitable_after_fees,B_reduced,dummy,0.7,aggregate,,0,0.0,,0.0,,,,0.0,0.0,0.0,{},0.0,0.0,0.0,0.0
profitable_after_fees,B_reduced,forest,0.5,aggregate,,47,4.527938342967245,44.680851063829785,-1.0202360999999964,-0.0216971830888026,0.9854124622046831,-0.0217071510638297,4.560667697104528,-0.4750177900000008,-0.5452183100000011,"{'TREND_UP': 29, 'HIGH_VOLATILITY': 11, 'RANGE': 7}",-3.21686607,-16.9487602,1.0,18.72736079065203
profitable_after_fees,B_reduced,forest,0.55,aggregate,,14,1.348747591522158,35.714285714285715,3.8526271900000015,0.276109576698727,1.1823486446644285,0.2751876564285716,1.9187564418515115,7.034140820000001,-3.1815136300000004,"{'TREND_UP': 11, 'HIGH_VOLATILITY': 3}",0.0,-6.53729061,1.0,7.612914945235985
profitable_after_fees,B_reduced,forest,0.6,aggregate,,6,0.5780346820809248,50.0,3.95780268,0.6624512208635649,1.3589375470312797,0.65963378,1.0235344691519357,-0.8519521700000006,4.80975485,"{'TREND_UP': 4, 'HIGH_VOLATILITY': 2}",0.0,-0.3952762399999994,1.0,1.998292957682498
profitable_after_fees,B_reduced,forest,0.65,aggregate,,1,0.0963391136801541,100.0,5.00166646,5.0001497944637405,,5.00166646,0.0,0.0,5.00166646,{'TREND_UP': 1},0.0,0.0,1.0,2.2368132410681465
profitable_after_fees,B_reduced,forest,0.7,aggregate,,0,0.0,,0.0,,,,0.0,0.0,0.0,{},0.0,0.0,0.0,0.0
profitable_after_fees,B_reduced,hist_gradient,0.5,aggregate,,112,10.789980732177264,45.535714285714285,40.55834982,0.3625009094663451,1.2566400735060848,0.3621281233928571,3.189862109693823,11.08652512,29.471824700000003,"{'TREND_UP': 60, 'RANGE': 45, 'HIGH_VOLATILITY': 7}",8.303380369999996,-8.87961237,4.0,11.753721051690372
profitable_after_fees,B_reduced,hist_gradient,0.55,aggregate,,45,4.335260115606936,37.77777777777778,-7.870427259999998,-0.174068528827771,0.8931040666059713,-0.1748983835555555,2.439476651786224,-1.3164558900000043,-6.553971369999999,"{'TREND_UP': 28, 'RANGE': 12, 'HIGH_VOLATILITY': 5}",-1.5998307700000003,-10.2121344,2.0,7.778160622492817
profitable_after_fees,B_reduced,hist_gradient,0.6,aggregate,,11,1.0597302504816954,45.45454545454545,5.98815314,0.5429897736624991,1.612208544619667,0.5443775581818181,0.7319646048051155,-5.92936904,11.91752218,"{'TREND_UP': 7, 'RANGE': 4}",3.29220403,-4.40193219,3.0,4.56314282348476
profitable_after_fees,B_reduced,hist_gradient,0.65,aggregate,,2,0.1926782273603083,50.0,0.11465694,0.0569617427154146,1.1779504505738434,0.05732847,0.0643830817597326,0.11465694,0.0,"{'RANGE': 1, 'TREND_UP': 1}",0.0,0.0,1.0,0.0512761423864229
profitable_after_fees,B_reduced,hist_gradient,0.7,aggregate,,0,0.0,,0.0,,,,0.0,0.0,0.0,{},0.0,0.0,0.0,0.0
profitable_after_fees,B_reduced,logistic,0.5,aggregate,,124,11.946050096339114,51.61290322580645,90.8311865,0.7325272584600999,1.551950154114991,0.7325095685483871,2.2631137917678004,51.92134902,38.90983748000001,"{'TREND_UP': 51, 'HIGH_VOLATILITY': 51, 'RANGE': 22}",12.260485849999998,-8.91839384,3.0,26.02004175831677
profitable_after_fees,B_reduced,logistic,0.55,aggregate,,79,7.610789980732177,49.36708860759494,59.28698431000001,0.7504916887883774,1.5436047801805244,0.7504681558227849,1.5317279080121744,41.28706841,17.999915899999998,"{'HIGH_VOLATILITY': 44, 'TREND_UP': 27, 'RANGE': 8}",5.34207726,-3.5102693,4.0,15.17090694170703
profitable_after_fees,B_reduced,logistic,0.6,aggregate,,55,5.298651252408478,47.27272727272727,21.99609804,0.4000226479225174,1.2379757988216695,0.3999290552727272,2.1605863969365195,16.36394453,5.632153510000001,"{'HIGH_VOLATILITY': 39, 'TREND_UP': 15, 'RANGE': 1}",2.538292520000001,0.0,4.0,4.388700625845556
profitable_after_fees,B_reduced,logistic,0.65,aggregate,,45,4.335260115606936,48.888888888888886,16.71071904,0.3714051186096448,1.205894978959824,0.371349312,2.2283777243684355,7.96360059,8.747118450000002,"{'HIGH_VOLATILITY': 37, 'TREND_UP': 7, 'RANGE': 1}",1.852361199999999,0.0,4.0,3.2085276859164105
profitable_after_fees,B_reduced,logistic,0.7,aggregate,,35,3.371868978805395,51.42857142857142,19.83571809,0.5665165404259984,1.3214645584818543,0.5667348025714286,1.1218902908115551,6.85975564,12.97596245,"{'HIGH_VOLATILITY': 32, 'TREND_UP': 3}",4.797532490000001,0.0,3.0,3.788538523466341
profitable_after_fees,C_price_trend,dummy,0.5,aggregate,,0,0.0,,0.0,,,,0.0,0.0,0.0,{},0.0,0.0,0.0,0.0
profitable_after_fees,C_price_trend,dummy,0.55,aggregate,,0,0.0,,0.0,,,,0.0,0.0,0.0,{},0.0,0.0,0.0,0.0
profitable_after_fees,C_price_trend,dummy,0.6,aggregate,,0,0.0,,0.0,,,,0.0,0.0,0.0,{},0.0,0.0,0.0,0.0
profitable_after_fees,C_price_trend,dummy,0.65,aggregate,,0,0.0,,0.0,,,,0.0,0.0,0.0,{},0.0,0.0,0.0,0.0
profitable_after_fees,C_price_trend,dummy,0.7,aggregate,,0,0.0,,0.0,,,,0.0,0.0,0.0,{},0.0,0.0,0.0,0.0
profitable_after_fees,C_price_trend,forest,0.5,aggregate,,63,6.069364161849711,44.44444444444444,13.945265069999998,0.2214183801109493,1.1337590255108805,0.2213534138095237,4.254045577911801,14.680233910000002,-0.734968839999997,"{'TREND_UP': 33, 'HIGH_VOLATILITY': 29, 'RANGE': 1}",-2.5577546400000006,-11.60469197,1.0,16.661246380841217
profitable_after_fees,C_price_trend,forest,0.55,aggregate,,18,1.7341040462427744,33.33333333333333,-5.62903871,-0.3111241611539618,0.8418661893566151,-0.3127243727777777,1.814571540199191,4.98971354,-10.61875225,"{'HIGH_VOLATILITY': 9, 'TREND_UP': 9}",-1.3532001099999995,-5.18774024,1.0,2.891811967209899
profitable_after_fees,C_price_trend,forest,0.6,aggregate,,4,0.3853564547206166,50.0,-0.3952762399999994,-0.0947138941466094,0.961927208667166,-0.0988190599999998,1.027945938820762,-0.2076327000000004,-0.1876435399999998,"{'TREND_UP': 2, 'HIGH_VOLATILITY': 2}",0.0,-0.3952762399999994,0.0,0.176772908506104
profitable_after_fees,C_price_trend,forest,0.65,aggregate,,0,0.0,,0.0,,,,0.0,0.0,0.0,{},0.0,0.0,0.0,0.0
profitable_after_fees,C_price_trend,forest,0.7,aggregate,,0,0.0,,0.0,,,,0.0,0.0,0.0,{},0.0,0.0,0.0,0.0
profitable_after_fees,C_price_trend,hist_gradient,0.5,aggregate,,86,8.285163776493256,31.3953488372093,-44.18850753999999,-0.514309230627946,0.7088181363287478,-0.5138198551162789,4.668078945675261,-59.120070510000005,14.931562970000002,"{'TREND_UP': 50, 'RANGE': 27, 'HIGH_VOLATILITY': 9}",-7.563985769999999,-29.24550911,2.0,19.76363923307408
profitable_after_fees,C_price_trend,hist_gradient,0.55,aggregate,,41,3.94990366088632,29.268292682926827,-27.75737984,-0.6771048419254913,0.683652687135331,-0.677009264390244,2.8518473732457346,-36.82220421,9.064824370000002,"{'TREND_UP': 23, 'RANGE': 13, 'HIGH_VOLATILITY': 5}",-7.619810490000001,-19.680289310000003,2.0,10.724496874111813
profitable_after_fees,C_price_trend,hist_gradient,0.6,aggregate,,12,1.1560693641618496,41.66666666666667,7.6177254900000015,0.6348637241581374,1.4384607990054703,0.6348104575000001,0.8852073023958924,-4.41331457,12.03104006,"{'TREND_UP': 7, 'RANGE': 5}",1.065632310000001,-5.17919002,3.0,4.693697837340653
profitable_after_fees,C_price_trend,hist_gradient,0.65,aggregate,,1,0.0963391136801541,100.0,5.0033616,4.998617166515295,,5.0033616,0.0,0.0,5.0033616,{'TREND_UP': 1},0.0,0.0,1.0,2.2375713307224228
profitable_after_fees,C_price_trend,hist_gradient,0.7,aggregate,,0,0.0,,0.0,,,,0.0,0.0,0.0,{},0.0,0.0,0.0,0.0
profitable_after_fees,C_price_trend,logistic,0.5,aggregate,,83,7.996146435452794,50.60240963855421,73.47589222,0.885051580542505,1.6622707003291302,0.885251713493976,1.932872399235004,37.33075574,36.14513648,"{'TREND_UP': 39, 'HIGH_VOLATILITY': 36, 'RANGE': 8}",0.9467278899999992,-6.45650421,3.0,27.47279119072426
profitable_after_fees,C_price_trend,logistic,0.55,aggregate,,52,5.009633911368015,50.0,32.574687740000016,0.6257373952709882,1.4173232742085755,0.626436302692308,2.674097737864348,11.296594289999998,21.278093450000004,"{'HIGH_VOLATILITY': 28, 'TREND_UP': 22, 'RANGE': 2}",0.9467278899999992,-9.79171024,3.0,15.821771704292068
profitable_after_fees,C_price_trend,logistic,0.6,aggregate,,28,2.697495183044316,42.85714285714285,2.13686408,0.0763179364686172,1.0396079496206423,0.0763165742857142,2.3744195902982703,14.52313942,-12.38627534,"{'HIGH_VOLATILITY': 21, 'TREND_UP': 7}",0.0,-6.054510609999999,2.0,6.599071378826532
profitable_after_fees,C_price_trend,logistic,0.65,aggregate,,21,2.023121387283237,42.85714285714285,-2.714551059999998,-0.1284773000625892,0.938020843585702,-0.1292643361904761,2.0737583009315657,10.83459864,-13.5491497,"{'HIGH_VOLATILITY': 16, 'TREND_UP': 5}",0.0,-11.55993454,2.0,6.556651305761995
profitable_after_fees,C_price_trend,logistic,0.7,aggregate,,10,0.9633911368015412,30.0,-11.09875633,-1.1080069349155346,0.57440853616546,-1.109875633,1.1098756330000017,7.672412169999999,-18.7711685,"{'HIGH_VOLATILITY': 7, 'TREND_UP': 3}",0.0,-9.93669849,0.0,4.343151991645317
profitable_after_fees,D_price_trend_volatility,dummy,0.5,aggregate,,0,0.0,,0.0,,,,0.0,0.0,0.0,{},0.0,0.0,0.0,0.0
profitable_after_fees,D_price_trend_volatility,dummy,0.55,aggregate,,0,0.0,,0.0,,,,0.0,0.0,0.0,{},0.0,0.0,0.0,0.0
profitable_after_fees,D_price_trend_volatility,dummy,0.6,aggregate,,0,0.0,,0.0,,,,0.0,0.0,0.0,{},0.0,0.0,0.0,0.0
profitable_after_fees,D_price_trend_volatility,dummy,0.65,aggregate,,0,0.0,,0.0,,,,0.0,0.0,0.0,{},0.0,0.0,0.0,0.0
profitable_after_fees,D_price_trend_volatility,dummy,0.7,aggregate,,0,0.0,,0.0,,,,0.0,0.0,0.0,{},0.0,0.0,0.0,0.0
profitable_after_fees,D_price_trend_volatility,forest,0.5,aggregate,,58,5.5876685934489405,44.82758620689656,9.002921130000002,0.1550271068037184,1.0997678803078916,0.1552227781034483,3.944704754550042,11.30230938,-2.29938825,"{'TREND_UP': 34, 'HIGH_VOLATILITY': 16, 'RANGE': 8}",-6.047584189999999,-11.464399770000002,1.0,20.101190165280983
profitable_after_fees,D_price_trend_volatility,forest,0.55,aggregate,,16,1.5414258188824663,43.75,8.7076921,0.545695704162346,1.331531914635544,0.54423075625,1.7888935528189542,9.13270138,-0.4250092799999999,"{'TREND_UP': 11, 'HIGH_VOLATILITY': 5}",0.0,-6.53729061,1.0,8.98893849961592
profitable_after_fees,D_price_trend_volatility,forest,0.6,aggregate,,5,0.4816955684007706,40.0,-1.0395957100000004,-0.2050381712525089,0.9057179035384244,-0.207919142,1.0286021338857514,-0.8519521700000006,-0.1876435399999998,"{'TREND_UP': 3, 'HIGH_VOLATILITY': 2}",0.0,-0.64431947,0.0,0.2980096631317253
profitable_after_fees,D_price_trend_volatility,forest,0.65,aggregate,,1,0.0963391136801541,100.0,4.98517603,4.999998307462547,,4.98517603,0.0,4.98517603,0.0,{'TREND_UP': 1},0.0,0.0,1.0,2.229438496576506
profitable_after_fees,D_price_trend_volatility,forest,0.7,aggregate,,0,0.0,,0.0,,,,0.0,0.0,0.0,{},0.0,0.0,0.0,0.0
profitable_after_fees,D_price_trend_volatility,hist_gradient,0.5,aggregate,,102,9.826589595375722,34.31372549019608,-41.05514886,-0.4027434338086314,0.7724076238019598,-0.4025014594117647,6.202346587743164,-10.519177270000002,-30.53597159000001,"{'TREND_UP': 61, 'RANGE': 34, 'HIGH_VOLATILITY': 7}",-5.57635178,-26.74925492,1.0,11.905377097927204
profitable_after_fees,D_price_trend_volatility,hist_gradient,0.55,aggregate,,44,4.238921001926782,45.45454545454545,14.633888599999995,0.333403241730512,1.2206653399802738,0.3325883772727272,1.563215176738637,-8.34633686,22.98022546,"{'TREND_UP': 29, 'RANGE': 15}",-3.01584049,-13.096948,2.0,16.97386079180329
profitable_after_fees,D_price_trend_volatility,hist_gradient,0.6,aggregate,,19,1.8304431599229287,47.368421052631575,16.604801509999994,0.8750996932855378,1.66417386548979,0.8739369215789471,1.336073236390668,-0.6813324400000003,17.28613395,"{'TREND_UP': 12, 'RANGE': 7}",0.0,-5.380949919999999,2.0,10.908393711150476
profitable_after_fees,D_price_trend_volatility,hist_gradient,0.65,aggregate,,3,0.2890173410404624,33.33333333333333,1.47123619,0.4898278700001187,1.416582072458875,0.4904120633333333,0.351410310305761,-3.53168388,5.00292007,"{'RANGE': 2, 'TREND_UP': 1}",0.0,0.0,1.0,0.6579568263595592
profitable_after_fees,D_price_trend_volatility,hist_gradient,0.7,aggregate,,0,0.0,,0.0,,,,0.0,0.0,0.0,{},0.0,0.0,0.0,0.0
profitable_after_fees,D_price_trend_volatility,logistic,0.5,aggregate,,95,9.152215799614645,45.26315789473684,48.88675631,0.5144004701379246,1.3666504757453477,0.5145974348421053,3.595846938914355,17.453949719999997,31.43280659,"{'TREND_UP': 47, 'HIGH_VOLATILITY': 37, 'RANGE': 11}",-3.407486060000001,-14.08583308,2.0,25.72236206855801
profitable_after_fees,D_price_trend_volatility,logistic,0.55,aggregate,,56,5.394990366088632,51.78571428571429,56.31013541000001,1.0054930275819511,1.7751054458979192,1.0055381323214287,1.1673523765480502,27.6128942,28.697241210000005,"{'HIGH_VOLATILITY': 27, 'TREND_UP': 26, 'RANGE': 3}",3.357873839999999,-4.7922404300000006,4.0,16.333063492026266
profitable_after_fees,D_price_trend_volatility,logistic,0.6,aggregate,,32,3.0828516377649327,50.0,22.80773559,0.7129469308965495,1.4576759756664766,0.7127417371875,1.74811900319439,20.04004103,2.76769456,"{'HIGH_VOLATILITY': 19, 'TREND_UP': 12, 'RANGE': 1}",4.81497064,0.0,3.0,4.537048611773592
profitable_after_fees,D_price_trend_volatility,logistic,0.65,aggregate,,20,1.9267822736030824,35.0,-18.039812099999995,-0.9019166925077072,0.6328242698115691,-0.9019906049999996,2.8654639826231483,9.15873124,-27.19854334,"{'HIGH_VOLATILITY': 14, 'TREND_UP': 5, 'RANGE': 1}",0.0,-28.37151465,2.0,14.492543706117369
profitable_after_fees,D_price_trend_volatility,logistic,0.7,aggregate,,12,1.1560693641618496,41.66666666666667,-1.0944627900000006,-0.0899660159634416,0.9580318724856144,-0.0912052325,0.9887581167842844,12.67538927,-13.769852059999998,"{'HIGH_VOLATILITY': 8, 'TREND_UP': 4}",0.0,-9.93704851,2.0,5.8795777388401165
profitable_after_fees,E_all_excluding_regime,dummy,0.5,aggregate,,0,0.0,,0.0,,,,0.0,0.0,0.0,{},0.0,0.0,0.0,0.0
profitable_after_fees,E_all_excluding_regime,dummy,0.55,aggregate,,0,0.0,,0.0,,,,0.0,0.0,0.0,{},0.0,0.0,0.0,0.0
profitable_after_fees,E_all_excluding_regime,dummy,0.6,aggregate,,0,0.0,,0.0,,,,0.0,0.0,0.0,{},0.0,0.0,0.0,0.0
profitable_after_fees,E_all_excluding_regime,dummy,0.65,aggregate,,0,0.0,,0.0,,,,0.0,0.0,0.0,{},0.0,0.0,0.0,0.0
profitable_after_fees,E_all_excluding_regime,dummy,0.7,aggregate,,0,0.0,,0.0,,,,0.0,0.0,0.0,{},0.0,0.0,0.0,0.0
profitable_after_fees,E_all_excluding_regime,forest,0.5,aggregate,,53,5.105973025048169,41.50943396226416,-4.25161459,-0.0804012209459966,0.953870181582832,-0.0802191432075471,3.444833591988389,11.12918223,-15.380796820000002,"{'TREND_UP': 30, 'HIGH_VOLATILITY': 18, 'RANGE': 5}",-4.797149,-7.265249570000001,1.0,8.549618806638291
profitable_after_fees,E_all_excluding_regime,forest,0.55,aggregate,,13,1.2524084778420037,30.76923076923077,-6.0647291800000005,-0.4660957029552834,0.7672034535161394,-0.4665176292307693,1.6353089531252676,-2.4878157400000003,-3.576913439999999,"{'TREND_UP': 9, 'HIGH_VOLATILITY': 4}",0.0,-6.53729061,1.0,2.983424828086385
profitable_after_fees,E_all_excluding_regime,forest,0.6,aggregate,,5,0.4816955684007706,40.0,-1.3532001099999995,-0.2673706838963989,0.8806706325776943,-0.2706400219999999,1.1227911219162467,-0.2076327000000004,-1.14556741,"{'HIGH_VOLATILITY': 3, 'TREND_UP': 2}",0.0,-1.3532001099999995,0.0,0.6051694866240385
profitable_after_fees,E_all_excluding_regime,forest,0.65,aggregate,,0,0.0,,0.0,,,,0.0,0.0,0.0,{},0.0,0.0,0.0,0.0
profitable_after_fees,E_all_excluding_regime,forest,0.7,aggregate,,0,0.0,,0.0,,,,0.0,0.0,0.0,{},0.0,0.0,0.0,0.0
profitable_after_fees,E_all_excluding_regime,hist_gradient,0.5,aggregate,,94,9.05587668593449,42.5531914893617,5.379745100000001,0.05732837021599,1.0366444927008245,0.0572313308510638,3.781740460119321,-1.3070322600000002,6.686777360000002,"{'TREND_UP': 60, 'RANGE': 30, 'HIGH_VOLATILITY': 4}",-1.6008810299999996,-20.33500216,2.0,17.147827270064003
profitable_after_fees,E_all_excluding_regime,hist_gradient,0.55,aggregate,,45,4.335260115606936,37.77777777777778,-7.774407400000001,-0.1727018334194522,0.8984055248822158,-0.1727646088888889,1.753722810284328,-4.4257051300000025,-3.3487022700000004,"{'TREND_UP': 30, 'RANGE': 14, 'HIGH_VOLATILITY': 1}",1.98081413,-13.47908729,3.0,9.375132103676654
profitable_after_fees,E_all_excluding_regime,hist_gradient,0.6,aggregate,,15,1.4450867052023122,40.0,0.9743996199999994,0.066275604071973,1.0405778670142685,0.0649599746666666,0.5191398260000029,2.368832319999999,-1.3944326999999994,"{'TREND_UP': 12, 'RANGE': 3}",0.0,-4.40193219,2.0,3.7113823721713737
profitable_after_fees,E_all_excluding_regime,hist_gradient,0.65,aggregate,,4,0.3853564547206166,25.0,-2.7954057200000006,-0.6983340467551268,0.6412837175757007,-0.6988514300000002,0.7148484639999992,-7.79280411,4.99739839,{'TREND_UP': 4},0.0,-1.95874171,0.0,0.86223794921142
profitable_after_fees,E_all_excluding_regime,hist_gradient,0.7,aggregate,,0,0.0,,0.0,,,,0.0,0.0,0.0,{},0.0,0.0,0.0,0.0
profitable_after_fees,E_all_excluding_regime,logistic,0.5,aggregate,,110,10.597302504816955,43.63636363636363,34.27347660999999,0.3114612240828162,1.2095488247980095,0.3115770600909089,3.343546249122991,23.928908369999995,10.34456824,"{'TREND_UP': 56, 'HIGH_VOLATILITY': 34, 'RANGE': 20}",-3.86465349,-11.54238104,2.0,19.36516705877549
profitable_after_fees,E_all_excluding_regime,logistic,0.55,aggregate,,65,6.262042389210019,46.15384615384615,33.74690037,0.5188448626977757,1.3620768594400752,0.5191830826153846,1.9740541277767545,5.0366491500000015,28.710251220000004,"{'TREND_UP': 32, 'HIGH_VOLATILITY': 26, 'RANGE': 7}",3.1401866999999983,-5.1713191,4.0,10.179403680463754
profitable_after_fees,E_all_excluding_regime,logistic,0.6,aggregate,,37,3.5645472061657038,48.64864864864865,25.65421146000001,0.6942718808020617,1.4502673679159508,0.6933570664864868,2.2555061915196486,11.71605052,13.93816094,"{'HIGH_VOLATILITY': 21, 'TREND_UP': 15, 'RANGE': 1}",5.318784160000002,0.0,4.0,3.163082998661541
profitable_after_fees,E_all_excluding_regime,logistic,0.65,aggregate,,19,1.8304431599229287,47.368421052631575,13.19665214,0.6955271018300231,1.4151501477493895,0.6945606389473684,1.010662249154353,12.27921983,0.9174323100000016,"{'HIGH_VOLATILITY': 11, 'TREND_UP': 8}",0.0,-5.25856054,2.0,6.391931562233724
profitable_after_fees,E_all_excluding_regime,logistic,0.7,aggregate,,10,0.9633911368015412,40.0,-4.037054769999999,-0.4022839871860686,0.8319266281865245,-0.4037054769999999,1.2815524713334632,12.67538927,-16.71244404,"{'HIGH_VOLATILITY': 7, 'TREND_UP': 3}",0.0,-12.87964049,2.0,7.113331693488541
profitable_after_fees,F_all_excluding_calendar,dummy,0.5,aggregate,,0,0.0,,0.0,,,,0.0,0.0,0.0,{},0.0,0.0,0.0,0.0
profitable_after_fees,F_all_excluding_calendar,dummy,0.55,aggregate,,0,0.0,,0.0,,,,0.0,0.0,0.0,{},0.0,0.0,0.0,0.0
profitable_after_fees,F_all_excluding_calendar,dummy,0.6,aggregate,,0,0.0,,0.0,,,,0.0,0.0,0.0,{},0.0,0.0,0.0,0.0
profitable_after_fees,F_all_excluding_calendar,dummy,0.65,aggregate,,0,0.0,,0.0,,,,0.0,0.0,0.0,{},0.0,0.0,0.0,0.0
profitable_after_fees,F_all_excluding_calendar,dummy,0.7,aggregate,,0,0.0,,0.0,,,,0.0,0.0,0.0,{},0.0,0.0,0.0,0.0
profitable_after_fees,F_all_excluding_calendar,forest,0.5,aggregate,,54,5.202312138728324,38.88888888888889,-13.5752302,-0.2513983924632913,0.8537861603055192,-0.2513931518518518,3.997847553961939,9.24825594,-22.823486140000004,"{'TREND_UP': 33, 'HIGH_VOLATILITY': 15, 'RANGE': 6}",-3.84458928,-13.28246941,1.0,10.254443215303422
profitable_after_fees,F_all_excluding_calendar,forest,0.55,aggregate,,18,1.7341040462427744,44.44444444444444,11.9500892,0.6648707716850244,1.4913725698992186,0.6638938444444444,1.286585696665258,8.354362510000001,3.59572669,"{'TREND_UP': 13, 'HIGH_VOLATILITY': 5}",0.0,-1.84925411,1.0,7.181391526341706
profitable_after_fees,F_all_excluding_calendar,forest,0.6,aggregate,,5,0.4816955684007706,40.0,-1.0273733499999995,-0.2050581964562316,0.9068263630226484,-0.2054746699999999,1.028589678457534,-5.8371282,4.80975485,"{'TREND_UP': 3, 'HIGH_VOLATILITY': 2}",0.0,-5.38045227,1.0,3.452805508330815
profitable_after_fees,F_all_excluding_calendar,forest,0.65,aggregate,,0,0.0,,0.0,,,,0.0,0.0,0.0,{},0.0,0.0,0.0,0.0
profitable_after_fees,F_all_excluding_calendar,forest,0.7,aggregate,,0,0.0,,0.0,,,,0.0,0.0,0.0,{},0.0,0.0,0.0,0.0
profitable_after_fees,F_all_excluding_calendar,hist_gradient,0.5,aggregate,,108,10.404624277456648,37.03703703703704,-17.761419280000005,-0.1641483125180586,0.8957938387398009,-0.1644575859259259,5.890274138789383,-0.116473409999998,-17.644945870000004,"{'TREND_UP': 65, 'RANGE': 32, 'HIGH_VOLATILITY': 11}",-0.6681279399999993,-24.850807080000006,2.0,17.536136308091976
profitable_after_fees,F_all_excluding_calendar,hist_gradient,0.55,aggregate,,45,4.335260115606936,33.33333333333333,-22.45548595,-0.499763605472771,0.7393148874658119,-0.4990107988888889,3.013768534047576,-26.136624820000005,3.6811388700000016,"{'TREND_UP': 28, 'RANGE': 14, 'HIGH_VOLATILITY': 3}",-6.732331120000002,-14.43881819,1.0,9.856430259491932
profitable_after_fees,F_all_excluding_calendar,hist_gradient,0.6,aggregate,,12,1.1560693641618496,50.0,9.94352068,0.8285848725375603,1.6602628586797477,0.8286267233333334,0.57008457193389,-2.6173537000000007,12.56087438,"{'TREND_UP': 9, 'RANGE': 3}",0.0,-2.6980119300000003,1.0,7.259760237797344
profitable_after_fees,F_all_excluding_calendar,hist_gradient,0.65,aggregate,,1,0.0963391136801541,100.0,4.99739839,4.999898181443933,,4.99739839,0.0,0.0,4.99739839,{'TREND_UP': 1},0.0,0.0,1.0,2.234904502137601
profitable_after_fees,F_all_excluding_calendar,hist_gradient,0.7,aggregate,,0,0.0,,0.0,,,,0.0,0.0,0.0,{},0.0,0.0,0.0,0.0
profitable_after_fees,F_all_excluding_calendar,logistic,0.5,aggregate,,126,12.13872832369942,48.41269841269841,62.64164081000001,0.4969176711918497,1.3353841273174492,0.4971558794444445,2.279212417837065,37.31141766,25.33022315,"{'TREND_UP': 51, 'HIGH_VOLATILITY': 49, 'RANGE': 26}",6.45634778,-13.02595213,4.0,20.68790850988345
profitable_after_fees,F_all_excluding_calendar,logistic,0.55,aggregate,,83,7.996146435452794,50.60240963855421,72.99386716000001,0.8791949815512654,1.645153328227831,0.8794441826506025,1.6256043928683432,50.76790271,22.225964450000003,"{'HIGH_VOLATILITY': 44, 'TREND_UP': 30, 'RANGE': 9}",1.71466917,-2.94684955,3.0,22.17577748257241
profitable_after_fees,F_all_excluding_calendar,logistic,0.6,aggregate,,59,5.684007707129094,49.15254237288136,31.99827711,0.5425219475059995,1.32844021677512,0.5423436798305085,2.131468631414145,19.039665870000004,12.958611240000003,"{'HIGH_VOLATILITY': 39, 'TREND_UP': 18, 'RANGE': 2}",2.538292520000001,0.0,4.0,7.4280623175462175
profitable_after_fees,F_all_excluding_calendar,logistic,0.65,aggregate,,47,4.527938342967245,46.80851063829788,12.088584399999997,0.2572753611008611,1.1351563913918072,0.2572039234042552,2.660565287264986,5.634164309999997,6.454420090000002,"{'HIGH_VOLATILITY': 39, 'TREND_UP': 7, 'RANGE': 1}",0.0,-0.2812444400000018,2.0,3.4949613694527963
profitable_after_fees,F_all_excluding_calendar,logistic,0.7,aggregate,,40,3.853564547206165,45.0,-0.0661129200000019,-0.0018406240839855,0.9991898526691468,-0.001652823,1.950108753285034,-4.155618590000001,4.089505670000002,"{'HIGH_VOLATILITY': 36, 'TREND_UP': 3, 'RANGE': 1}",0.0,-2.6330495000000003,2.0,1.7372280861123055
