split,feature,target,method,correlation,n
development,ema20_distance,net_profit_ratio,pearson,-0.1859238560121281,217
development,ema50_distance,net_profit_ratio,pearson,-0.20441681979082438,217
development,ema_gap,net_profit_ratio,pearson,-0.17465965320478,217
development,ema20_slope_6,net_profit_ratio,pearson,-0.14468443213290705,217
development,ema50_slope_6,net_profit_ratio,pearson,-0.17459163584176304,217
development,trend_efficiency_20,net_profit_ratio,pearson,-0.09941745241409948,217
development,body_ratio,net_profit_ratio,pearson,-0.18527312773522994,217
development,range_ratio,net_profit_ratio,pearson,-0.13566718040086762,217
development,body_to_range,net_profit_ratio,pearson,-0.1556552743098249,217
development,close_location,net_profit_ratio,pearson,-0.06829239442118083,217
development,atr14,net_profit_ratio,pearson,-0.10916172393021624,217
development,natr14,net_profit_ratio,pearson,-0.04089431838419664,217
development,return_std_24,net_profit_ratio,pearson,-0.09350965887298748,217
development,return_std_168,net_profit_ratio,pearson,-0.1022440170072878,217
development,volatility_percentile_720,net_profit_ratio,pearson,-0.0005122134519147485,217
development,rsi14,net_profit_ratio,pearson,-0.1513516442108277,217
development,macd_ratio,net_profit_ratio,pearson,-0.16266651032019214,217
development,macd_signal_ratio,net_profit_ratio,pearson,-0.15142470035921143,217
development,macd_hist_ratio,net_profit_ratio,pearson,-0.14339066428205866,217
development,relative_volume_24,net_profit_ratio,pearson,-0.14338313112042286,217
development,volume_zscore_24,net_profit_ratio,pearson,-0.1325827119525062,217
development,volume_trend_24_168,net_profit_ratio,pearson,0.046625973645461866,217
development,regime_duration,net_profit_ratio,pearson,-0.08444226772519983,217
development,regime_transition,net_profit_ratio,pearson,-0.09377517531266481,217
development,hour_of_day,net_profit_ratio,pearson,-0.11683286213551101,217
development,day_of_week,net_profit_ratio,pearson,0.017823868999877895,217
development,distance_high_24,net_profit_ratio,pearson,-0.12968037752743936,217
development,distance_low_24,net_profit_ratio,pearson,-0.18840528310832527,217
development,distance_high_168,net_profit_ratio,pearson,-0.19661938663832235,217
development,distance_low_168,net_profit_ratio,pearson,-0.1299993774810645,217
development,candles_since_prior_signal,net_profit_ratio,pearson,0.08423992311804449,217
development,return_1h,net_profit_ratio,pearson,-0.18524532229517887,217
development,return_3h,net_profit_ratio,pearson,-0.1502838561721105,217
development,return_6h,net_profit_ratio,pearson,-0.13235068261285945,217
development,return_12h,net_profit_ratio,pearson,-0.21778769205858614,217
development,return_24h,net_profit_ratio,pearson,-0.12675368244640806,217
development,return_72h,net_profit_ratio,pearson,-0.17671729351785231,217
development,ema20_distance,profitable_after_fees,pearson,-0.11025526719530937,217
development,ema50_distance,profitable_after_fees,pearson,-0.13157050555383074,217
development,ema_gap,profitable_after_fees,pearson,-0.13684503991072502,217
development,ema20_slope_6,profitable_after_fees,pearson,-0.03596456160386796,217
development,ema50_slope_6,profitable_after_fees,pearson,-0.08700178327295961,217
development,trend_efficiency_20,profitable_after_fees,pearson,0.02736567140271396,217
development,body_ratio,profitable_after_fees,pearson,-0.16128852628679338,217
development,range_ratio,profitable_after_fees,pearson,-0.10210666669714964,217
development,body_to_range,profitable_after_fees,pearson,-0.15766032373957842,217
development,close_location,profitable_after_fees,pearson,-0.10158840770945562,217
development,atr14,profitable_after_fees,pearson,-0.0064801903808737165,217
development,natr14,profitable_after_fees,pearson,0.07809452987160369,217
development,return_std_24,profitable_after_fees,pearson,0.02288128116594384,217
development,return_std_168,profitable_after_fees,pearson,0.026579404283621665,217
development,volatility_percentile_720,profitable_after_fees,pearson,0.07624838388855312,217
development,rsi14,profitable_after_fees,pearson,-0.08799843550126535,217
development,macd_ratio,profitable_after_fees,pearson,-0.03750275205614628,217
development,macd_signal_ratio,profitable_after_fees,pearson,-0.021174728010847712,217
development,macd_hist_ratio,profitable_after_fees,pearson,-0.049346609572374994,217
development,relative_volume_24,profitable_after_fees,pearson,-0.13661331765529924,217
development,volume_zscore_24,profitable_after_fees,pearson,-0.11639134445022263,217
development,volume_trend_24_168,profitable_after_fees,pearson,0.10298403802112534,217
development,regime_duration,profitable_after_fees,pearson,-0.13362459763749063,217
development,regime_transition,profitable_after_fees,pearson,-0.03767019464560051,217
development,hour_of_day,profitable_after_fees,pearson,-0.08741616244031909,217
development,day_of_week,profitable_after_fees,pearson,-0.0326737589480818,217
development,distance_high_24,profitable_after_fees,pearson,-0.15271408406654338,217
development,distance_low_24,profitable_after_fees,pearson,-0.0446467907023784,217
development,distance_high_168,profitable_after_fees,pearson,-0.17307466765066046,217
development,distance_low_168,profitable_after_fees,pearson,-0.08051408937471469,217
development,candles_since_prior_signal,profitable_after_fees,pearson,0.10598519885196302,217
development,return_1h,profitable_after_fees,pearson,-0.16126573358701607,217
development,return_3h,profitable_after_fees,pearson,-0.13575267782440523,217
development,return_6h,profitable_after_fees,pearson,-0.09492208195435928,217
development,return_12h,profitable_after_fees,pearson,-0.1418796580465023,217
development,return_24h,profitable_after_fees,pearson,0.014620928151640738,217
development,return_72h,profitable_after_fees,pearson,-0.17414363691484694,217
development,ema20_distance,return_above_0_5_percent,pearson,-0.06584212138289394,217
development,ema50_distance,return_above_0_5_percent,pearson,-0.08204088432982037,217
development,ema_gap,return_above_0_5_percent,pearson,-0.09172834799804251,217
development,ema20_slope_6,return_above_0_5_percent,pearson,-0.0006013271953336326,217
development,ema50_slope_6,return_above_0_5_percent,pearson,-0.043578275300913814,217
development,trend_efficiency_20,return_above_0_5_percent,pearson,0.03238920157374388,217
development,body_ratio,return_above_0_5_percent,pearson,-0.13525262180376318,217
development,range_ratio,return_above_0_5_percent,pearson,-0.045605243964045465,217
development,body_to_range,return_above_0_5_percent,pearson,-0.13718528264236773,217
development,close_location,return_above_0_5_percent,pearson,-0.07345459983835714,217
development,atr14,return_above_0_5_percent,pearson,-0.0028067910526899742,217
development,natr14,return_above_0_5_percent,pearson,0.1225261421960229,217
development,return_std_24,return_above_0_5_percent,pearson,0.059447130182868665,217
development,return_std_168,return_above_0_5_percent,pearson,0.017897467800940984,217
development,volatility_percentile_720,return_above_0_5_percent,pearson,0.11195581282408401,217
development,rsi14,return_above_0_5_percent,pearson,-0.017495683667012582,217
development,macd_ratio,return_above_0_5_percent,pearson,0.003949923417847001,217
development,macd_signal_ratio,return_above_0_5_percent,pearson,0.014938867853354468,217
development,macd_hist_ratio,return_above_0_5_percent,pearson,-0.009872104866884784,217
development,relative_volume_24,return_above_0_5_percent,pearson,-0.08734429698381573,217
development,volume_zscore_24,return_above_0_5_percent,pearson,-0.05455204104622403,217
development,volume_trend_24_168,return_above_0_5_percent,pearson,0.14387748884763776,217
development,regime_duration,return_above_0_5_percent,pearson,-0.1378970361928968,217
development,regime_transition,return_above_0_5_percent,pearson,-0.04231944792308398,217
development,hour_of_day,return_above_0_5_percent,pearson,-0.06266077316645197,217
development,day_of_week,return_above_0_5_percent,pearson,-0.024926881144037284,217
development,distance_high_24,return_above_0_5_percent,pearson,-0.15260665984178595,217
development,distance_low_24,return_above_0_5_percent,pearson,-0.014050362316181314,217
development,distance_high_168,return_above_0_5_percent,pearson,-0.11095761974220217,217
development,distance_low_168,return_above_0_5_percent,pearson,-0.0669966749512598,217
development,candles_since_prior_signal,return_above_0_5_percent,pearson,0.04915184263493774,217
development,return_1h,return_above_0_5_percent,pearson,-0.13524901319848298,217
development,return_3h,return_above_0_5_percent,pearson,-0.08659414193665622,217
development,return_6h,return_above_0_5_percent,pearson,-0.07551543173800845,217
development,return_12h,return_above_0_5_percent,pearson,-0.07541834918327572,217
development,return_24h,return_above_0_5_percent,pearson,0.05801784352936637,217
development,return_72h,return_above_0_5_percent,pearson,-0.13073297153272875,217
development,ema20_distance,return_above_1_percent,pearson,-0.03320047858457443,217
development,ema50_distance,return_above_1_percent,pearson,-0.04263936837514139,217
development,ema_gap,return_above_1_percent,pearson,-0.04948989725460639,217
development,ema20_slope_6,return_above_1_percent,pearson,0.019593092673334582,217
development,ema50_slope_6,return_above_1_percent,pearson,-0.011380961703756277,217
development,trend_efficiency_20,return_above_1_percent,pearson,-0.005780055226863037,217
development,body_ratio,return_above_1_percent,pearson,-0.13141391601345942,217
development,range_ratio,return_above_1_percent,pearson,-0.034137359621335364,217
development,body_to_range,return_above_1_percent,pearson,-0.1393119455708673,217
development,close_location,return_above_1_percent,pearson,-0.05732221181179361,217
development,atr14,return_above_1_percent,pearson,-0.03965314752834447,217
development,natr14,return_above_1_percent,pearson,0.12319753082861969,217
development,return_std_24,return_above_1_percent,pearson,0.06331554237349356,217
development,return_std_168,return_above_1_percent,pearson,0.016359630375254258,217
development,volatility_percentile_720,return_above_1_percent,pearson,0.12455395653812991,217
development,rsi14,return_above_1_percent,pearson,0.0021992531602634583,217
development,macd_ratio,return_above_1_percent,pearson,0.022911328951204346,217
development,macd_signal_ratio,return_above_1_percent,pearson,0.02581701425237705,217
development,macd_hist_ratio,return_above_1_percent,pearson,0.014873375951317415,217
development,relative_volume_24,return_above_1_percent,pearson,-0.0847425847662389,217
development,volume_zscore_24,return_above_1_percent,pearson,-0.05440203364753585,217
development,volume_trend_24_168,return_above_1_percent,pearson,0.15204218558833257,217
development,regime_duration,return_above_1_percent,pearson,-0.10853965750761976,217
development,regime_transition,return_above_1_percent,pearson,-0.06509721390537555,217
development,hour_of_day,return_above_1_percent,pearson,-0.05273945423347377,217
development,day_of_week,return_above_1_percent,pearson,-0.03968143777099904,217
development,distance_high_24,return_above_1_percent,pearson,-0.13312633801357804,217
development,distance_low_24,return_above_1_percent,pearson,-0.0012855306938368517,217
development,distance_high_168,return_above_1_percent,pearson,-0.09544206145618839,217
development,distance_low_168,return_above_1_percent,pearson,-0.014582789582924603,217
development,candles_since_prior_signal,return_above_1_percent,pearson,0.07603962531730801,217
development,return_1h,return_above_1_percent,pearson,-0.1313946227971264,217
development,return_3h,return_above_1_percent,pearson,-0.04009011460665832,217
development,return_6h,return_above_1_percent,pearson,-0.03549255707546575,217
development,return_12h,return_above_1_percent,pearson,-0.06105802095879911,217
development,return_24h,return_above_1_percent,pearson,0.06692882927919114,217
development,return_72h,return_above_1_percent,pearson,-0.09466836862881972,217
development,ema20_distance,stoploss_hit,pearson,0.1791619092664126,217
development,ema50_distance,stoploss_hit,pearson,0.17683336477973285,217
development,ema_gap,stoploss_hit,pearson,0.10388447481201485,217
development,ema20_slope_6,stoploss_hit,pearson,0.19709354663941694,217
development,ema50_slope_6,stoploss_hit,pearson,0.17305128005079132,217
development,trend_efficiency_20,stoploss_hit,pearson,0.16737856087506894,217
development,body_ratio,stoploss_hit,pearson,0.07917790825740592,217
development,range_ratio,stoploss_hit,pearson,0.1174459762878063,217
development,body_to_range,stoploss_hit,pearson,0.07074904741088284,217
development,close_location,stoploss_hit,pearson,0.05913625515621447,217
development,atr14,stoploss_hit,pearson,0.07782065400536142,217
development,natr14,stoploss_hit,pearson,0.21938121631136212,217
development,return_std_24,stoploss_hit,pearson,0.17598876930654497,217
development,return_std_168,stoploss_hit,pearson,0.1543809694799546,217
development,volatility_percentile_720,stoploss_hit,pearson,0.14407731375074198,217
development,rsi14,stoploss_hit,pearson,0.14085602300101802,217
development,macd_ratio,stoploss_hit,pearson,0.22374523959694248,217
development,macd_signal_ratio,stoploss_hit,pearson,0.21343032559790348,217
development,macd_hist_ratio,stoploss_hit,pearson,0.19112728583125999,217
development,relative_volume_24,stoploss_hit,pearson,0.020501787919443227,217
development,volume_zscore_24,stoploss_hit,pearson,0.028735645608541388,217
development,volume_trend_24_168,stoploss_hit,pearson,0.12322846279382606,217
development,regime_duration,stoploss_hit,pearson,-0.06900478461387272,217
development,regime_transition,stoploss_hit,pearson,-0.0023532603946871647,217
development,hour_of_day,stoploss_hit,pearson,0.08539578242091161,217
development,day_of_week,stoploss_hit,pearson,-0.07886008013500286,217
development,distance_high_24,stoploss_hit,pearson,0.009694707781405697,217
development,distance_low_24,stoploss_hit,pearson,0.2595576118914867,217
development,distance_high_168,stoploss_hit,pearson,0.07986692041901983,217
development,distance_low_168,stoploss_hit,pearson,0.11748684725441674,217
development,candles_since_prior_signal,stoploss_hit,pearson,-0.04407855026188485,217
development,return_1h,stoploss_hit,pearson,0.07907443187376335,217
development,return_3h,stoploss_hit,pearson,0.1326876340961938,217
development,return_6h,stoploss_hit,pearson,0.08307988678030928,217
development,return_12h,stoploss_hit,pearson,0.180510238284106,217
development,return_24h,stoploss_hit,pearson,0.221762190907987,217
development,return_72h,stoploss_hit,pearson,0.03215510407498455,217
development,ema20_distance,favorable_move_before_adverse_move,pearson,-0.13010177491289582,179
development,ema50_distance,favorable_move_before_adverse_move,pearson,-0.16076362807524006,179
development,ema_gap,favorable_move_before_adverse_move,pearson,-0.1796328090594256,179
development,ema20_slope_6,favorable_move_before_adverse_move,pearson,-0.14268282302759847,179
development,ema50_slope_6,favorable_move_before_adverse_move,pearson,-0.17741846520683144,179
development,trend_efficiency_20,favorable_move_before_adverse_move,pearson,-0.14387898441324318,179
development,body_ratio,favorable_move_before_adverse_move,pearson,-0.05809885965731679,179
development,range_ratio,favorable_move_before_adverse_move,pearson,-0.020048577217074988,179
development,body_to_range,favorable_move_before_adverse_move,pearson,-0.049309359008949345,179
development,close_location,favorable_move_before_adverse_move,pearson,-0.05961937112196317,179
development,atr14,favorable_move_before_adverse_move,pearson,0.039226126356879894,179
development,natr14,favorable_move_before_adverse_move,pearson,0.003946322249190983,179
development,return_std_24,favorable_move_before_adverse_move,pearson,0.00047161431515111633,179
development,return_std_168,favorable_move_before_adverse_move,pearson,-0.020068477526189208,179
development,volatility_percentile_720,favorable_move_before_adverse_move,pearson,0.038616217656856654,179
development,rsi14,favorable_move_before_adverse_move,pearson,-0.1860465945347298,179
development,macd_ratio,favorable_move_before_adverse_move,pearson,-0.17725887042053023,179
development,macd_signal_ratio,favorable_move_before_adverse_move,pearson,-0.19397229592994827,179
development,macd_hist_ratio,favorable_move_before_adverse_move,pearson,-0.11900821527248227,179
development,relative_volume_24,favorable_move_before_adverse_move,pearson,-0.04974708976233224,179
development,volume_zscore_24,favorable_move_before_adverse_move,pearson,-0.1456358691731383,179
development,volume_trend_24_168,favorable_move_before_adverse_move,pearson,0.025822148540387172,179
development,regime_duration,favorable_move_before_adverse_move,pearson,0.03574524735568914,179
development,regime_transition,favorable_move_before_adverse_move,pearson,-0.08364809778516838,179
development,hour_of_day,favorable_move_before_adverse_move,pearson,-0.02246433543277992,179
development,day_of_week,favorable_move_before_adverse_move,pearson,0.016097840999130725,179
development,distance_high_24,favorable_move_before_adverse_move,pearson,-0.14183086479260992,179
development,distance_low_24,favorable_move_before_adverse_move,pearson,-0.12957172011544868,179
development,distance_high_168,favorable_move_before_adverse_move,pearson,-0.20690212074248784,179
development,distance_low_168,favorable_move_before_adverse_move,pearson,-0.09547387936091338,179
development,candles_since_prior_signal,favorable_move_before_adverse_move,pearson,0.0719397398999026,179
development,return_1h,favorable_move_before_adverse_move,pearson,-0.05818241927149001,179
development,return_3h,favorable_move_before_adverse_move,pearson,-0.10080278373257738,179
development,return_6h,favorable_move_before_adverse_move,pearson,-0.05412656366235094,179
development,return_12h,favorable_move_before_adverse_move,pearson,-0.18994215057074196,179
development,return_24h,favorable_move_before_adverse_move,pearson,-0.15961151762674766,179
development,return_72h,favorable_move_before_adverse_move,pearson,-0.158918775191608,179
development,ema20_distance,net_profit_ratio,spearman,-0.2934264857171043,217
development,ema50_distance,net_profit_ratio,spearman,-0.31443392193614156,217
development,ema_gap,net_profit_ratio,spearman,-0.2482572095623294,217
development,ema20_slope_6,net_profit_ratio,spearman,-0.20378082178910828,217
development,ema50_slope_6,net_profit_ratio,spearman,-0.2293190433912541,217
development,trend_efficiency_20,net_profit_ratio,spearman,-0.1436240176252014,217
development,body_ratio,net_profit_ratio,spearman,-0.2102105910925088,217
development,range_ratio,net_profit_ratio,spearman,-0.24127195516659858,217
development,body_to_range,net_profit_ratio,spearman,-0.13589185304189744,217
development,close_location,net_profit_ratio,spearman,-0.0886028602214461,217
development,atr14,net_profit_ratio,spearman,-0.09201087952197749,217
development,natr14,net_profit_ratio,spearman,-0.15851407150608096,217
development,return_std_24,net_profit_ratio,spearman,-0.20818829652804202,217
development,return_std_168,net_profit_ratio,spearman,-0.17122328856569757,217
development,volatility_percentile_720,net_profit_ratio,spearman,-0.06940959101951967,217
development,rsi14,net_profit_ratio,spearman,-0.26475852252709314,217
development,macd_ratio,net_profit_ratio,spearman,-0.214269272866491,217
development,macd_signal_ratio,net_profit_ratio,spearman,-0.16090394922889742,217
development,macd_hist_ratio,net_profit_ratio,spearman,-0.222515818994067,217
development,relative_volume_24,net_profit_ratio,spearman,-0.2131900111331896,217
development,volume_zscore_24,net_profit_ratio,spearman,-0.1819924181569639,217
development,volume_trend_24_168,net_profit_ratio,spearman,-0.036213400226421825,217
development,regime_duration,net_profit_ratio,spearman,-0.009319705431936798,217
development,regime_transition,net_profit_ratio,spearman,-0.14768644857503166,217
development,hour_of_day,net_profit_ratio,spearman,-0.14130613818213153,217
development,day_of_week,net_profit_ratio,spearman,0.028667679945781312,217
development,distance_high_24,net_profit_ratio,spearman,-0.09933200862469878,217
development,distance_low_24,net_profit_ratio,spearman,-0.2499459781939806,217
development,distance_high_168,net_profit_ratio,spearman,-0.2263090892863015,217
development,distance_low_168,net_profit_ratio,spearman,-0.2496617765188348,217
development,candles_since_prior_signal,net_profit_ratio,spearman,0.055310347963911356,217
development,return_1h,net_profit_ratio,spearman,-0.20990642483687766,217
development,return_3h,net_profit_ratio,spearman,-0.234080008643489,217
development,return_6h,net_profit_ratio,spearman,-0.20833274613978967,217
development,return_12h,net_profit_ratio,spearman,-0.2976073037481739,217
development,return_24h,net_profit_ratio,spearman,-0.19697877177900858,217
development,return_72h,net_profit_ratio,spearman,-0.23882923002485004,217
development,ema20_distance,profitable_after_fees,spearman,-0.071713007586726,217
development,ema50_distance,profitable_after_fees,spearman,-0.09233635617375831,217
development,ema_gap,profitable_after_fees,spearman,-0.11030366744276372,217
development,ema20_slope_6,profitable_after_fees,spearman,-0.005780787103940876,217
development,ema50_slope_6,profitable_after_fees,spearman,-0.05108965899969368,217
development,trend_efficiency_20,profitable_after_fees,spearman,0.05358945882842487,217
development,body_ratio,profitable_after_fees,spearman,-0.15030046470246278,217
development,range_ratio,profitable_after_fees,spearman,-0.03874689734533343,217
development,body_to_range,profitable_after_fees,spearman,-0.15842481414583912,217
development,close_location,profitable_after_fees,spearman,-0.10147630888380763,217
development,atr14,profitable_after_fees,spearman,-0.0017186123822526928,217
development,natr14,profitable_after_fees,spearman,0.0709318201402475,217
development,return_std_24,profitable_after_fees,spearman,0.032497397773505465,217
development,return_std_168,profitable_after_fees,spearman,0.00703068701830647,217
development,volatility_percentile_720,profitable_after_fees,spearman,0.08452708752154263,217
development,rsi14,profitable_after_fees,spearman,-0.07140053260813459,217
development,macd_ratio,profitable_after_fees,spearman,0.012342761654360246,217
development,macd_signal_ratio,profitable_after_fees,spearman,0.04077798470617752,217
development,macd_hist_ratio,profitable_after_fees,spearman,-0.031247497859139866,217
development,relative_volume_24,profitable_after_fees,spearman,-0.10421040536023146,217
development,volume_zscore_24,profitable_after_fees,spearman,-0.06843202031151631,217
development,volume_trend_24_168,profitable_after_fees,spearman,0.09952328068136047,217
development,regime_duration,profitable_after_fees,spearman,-0.10159404872857421,217
development,regime_transition,profitable_after_fees,spearman,-0.037670194645600584,217
development,hour_of_day,profitable_after_fees,spearman,-0.08290909431453783,217
development,day_of_week,profitable_after_fees,spearman,-0.04439800482176481,217
development,distance_high_24,profitable_after_fees,spearman,-0.15764362669936063,217
development,distance_low_24,profitable_after_fees,spearman,0.003280987275209686,217
development,distance_high_168,profitable_after_fees,spearman,-0.1682677759714682,217
development,distance_low_168,profitable_after_fees,spearman,-0.05796410852870445,217
development,candles_since_prior_signal,profitable_after_fees,spearman,0.06148494002387143,217
development,return_1h,profitable_after_fees,spearman,-0.14998798972387134,217
development,return_3h,profitable_after_fees,spearman,-0.12077157922557559,217
development,return_6h,profitable_after_fees,spearman,-0.09686724336333359,217
development,return_12h,profitable_after_fees,spearman,-0.12030286675768849,217
development,return_24h,profitable_after_fees,spearman,0.06515103303630662,217
development,return_72h,profitable_after_fees,spearman,-0.14561334002359178,217
development,ema20_distance,return_above_0_5_percent,spearman,0.019223653145158538,217
development,ema50_distance,return_above_0_5_percent,spearman,-0.012537165094668611,217
development,ema_gap,return_above_0_5_percent,spearman,-0.04797555176226522,217
development,ema20_slope_6,return_above_0_5_percent,spearman,0.056500824026639876,217
development,ema50_slope_6,return_above_0_5_percent,spearman,0.011199867484570625,217
development,trend_efficiency_20,return_above_0_5_percent,spearman,0.05533068861780414,217
development,body_ratio,return_above_0_5_percent,spearman,-0.1089897552229858,217
development,range_ratio,return_above_0_5_percent,spearman,0.02657879000069746,217
development,body_to_range,return_above_0_5_percent,spearman,-0.1399147624565017,217
development,close_location,return_above_0_5_percent,spearman,-0.07213053219925532,217
development,atr14,return_above_0_5_percent,spearman,-0.009193921069423648,217
development,natr14,return_above_0_5_percent,spearman,0.11316881025454201,217
development,return_std_24,return_above_0_5_percent,spearman,0.07187974654276671,217
development,return_std_168,return_above_0_5_percent,spearman,0.0018387842138847298,217
development,volatility_percentile_720,return_above_0_5_percent,spearman,0.11802015243248434,217
development,rsi14,return_above_0_5_percent,spearman,0.008525272264374656,217
development,macd_ratio,return_above_0_5_percent,spearman,0.07622596377558516,217
development,macd_signal_ratio,return_above_0_5_percent,spearman,0.08558704704627106,217
development,macd_hist_ratio,return_above_0_5_percent,spearman,0.043127847925660025,217
development,relative_volume_24,return_above_0_5_percent,spearman,-0.05148595798877244,217
development,volume_zscore_24,return_above_0_5_percent,spearman,-0.027916087610795445,217
development,volume_trend_24_168,return_above_0_5_percent,spearman,0.14041624906028843,217
development,regime_duration,return_above_0_5_percent,spearman,-0.10869788612943387,217
development,regime_transition,return_above_0_5_percent,spearman,-0.042319447923084015,217
development,hour_of_day,return_above_0_5_percent,spearman,-0.054646495685607276,217
development,day_of_week,return_above_0_5_percent,spearman,-0.03420855960509791,217
development,distance_high_24,return_above_0_5_percent,spearman,-0.1287148949719311,217
development,distance_low_24,return_above_0_5_percent,spearman,0.050148660378674444,217
development,distance_high_168,return_above_0_5_percent,spearman,-0.10865543082046131,217
development,distance_low_168,return_above_0_5_percent,spearman,-0.022901221572927996,217
development,candles_since_prior_signal,return_above_0_5_percent,spearman,0.015881826690504298,217
development,return_1h,return_above_0_5_percent,spearman,-0.10882259302172353,217
development,return_3h,return_above_0_5_percent,spearman,-0.04245919912061103,217
development,return_6h,return_above_0_5_percent,spearman,-0.04028609050420181,217
development,return_12h,return_above_0_5_percent,spearman,-0.027748925409533196,217
development,return_24h,return_above_0_5_percent,spearman,0.12436867773911264,217
development,return_72h,return_above_0_5_percent,spearman,-0.09695407673210392,217
development,ema20_distance,return_above_1_percent,spearman,0.033658916846556836,217
development,ema50_distance,return_above_1_percent,spearman,0.013679559787905452,217
development,ema_gap,return_above_1_percent,spearman,0.0023399247005627746,217
development,ema20_slope_6,return_above_1_percent,spearman,0.053818268112943816,217
development,ema50_slope_6,return_above_1_percent,spearman,0.035818847339384015,217
development,trend_efficiency_20,return_above_1_percent,spearman,0.008459727763573108,217
development,body_ratio,return_above_1_percent,spearman,-0.1117764030038064,217
development,range_ratio,return_above_1_percent,spearman,0.02123931651280057,217
development,body_to_range,return_above_1_percent,spearman,-0.14147544728018008,217
development,close_location,return_above_1_percent,spearman,-0.05651821441611814,217
development,atr14,return_above_1_percent,spearman,-0.04103867936371635,217
development,natr14,return_above_1_percent,spearman,0.11627625819719634,217
development,return_std_24,return_above_1_percent,spearman,0.07217767730197482,217
development,return_std_168,return_above_1_percent,spearman,0.005039837816596746,217
development,volatility_percentile_720,return_above_1_percent,spearman,0.12833982659313942,217
development,rsi14,return_above_1_percent,spearman,0.018539403396766598,217
development,macd_ratio,return_above_1_percent,spearman,0.08117738768875471,217
development,macd_signal_ratio,return_above_1_percent,spearman,0.1016967273706129,217
development,macd_hist_ratio,return_above_1_percent,spearman,0.04427857510295712,217
development,relative_volume_24,return_above_1_percent,spearman,-0.04355859827201473,217
development,volume_zscore_24,return_above_1_percent,spearman,-0.02483920066751253,217
development,volume_trend_24_168,return_above_1_percent,spearman,0.13985549941055966,217
development,regime_duration,return_above_1_percent,spearman,-0.0788996191811374,217
development,regime_transition,return_above_1_percent,spearman,-0.06509721390537558,217
development,hour_of_day,return_above_1_percent,spearman,-0.041270056367283314,217
development,day_of_week,return_above_1_percent,spearman,-0.05114895111896037,217
development,distance_high_24,return_above_1_percent,spearman,-0.13481566159396294,217
development,distance_low_24,return_above_1_percent,spearman,0.048958424504082665,217
development,distance_high_168,return_above_1_percent,spearman,-0.08531725446667347,217
development,distance_low_168,return_above_1_percent,spearman,0.02681913695260411,217
development,candles_since_prior_signal,return_above_1_percent,spearman,0.0356420344470481,217
development,return_1h,return_above_1_percent,spearman,-0.11159640879607079,217
development,return_3h,return_above_1_percent,spearman,0.02465920645977693,217
development,return_6h,return_above_1_percent,spearman,-0.007919745140366315,217
development,return_12h,return_above_1_percent,spearman,-0.030059032691844876,217
development,return_24h,return_above_1_percent,spearman,0.12167608442926428,217
development,return_72h,return_above_1_percent,spearman,-0.05453824494388621,217
development,ema20_distance,stoploss_hit,spearman,0.16631329320418872,217
development,ema50_distance,stoploss_hit,spearman,0.17451183582693044,217
development,ema_gap,stoploss_hit,spearman,0.12883424121451242,217
development,ema20_slope_6,stoploss_hit,spearman,0.14679295362623232,217
development,ema50_slope_6,stoploss_hit,spearman,0.15108742833338273,217
development,trend_efficiency_20,stoploss_hit,spearman,0.1300054615891898,217
development,body_ratio,stoploss_hit,spearman,0.16475166603795224,217
development,range_ratio,stoploss_hit,spearman,0.20457315877698334,217
development,body_to_range,stoploss_hit,spearman,0.07651973114558919,217
development,close_location,stoploss_hit,spearman,0.058170646099748,217
development,atr14,stoploss_hit,spearman,0.06597874777349272,217
development,natr14,stoploss_hit,spearman,0.22214146439714413,217
development,return_std_24,stoploss_hit,spearman,0.20886763348413379,217
development,return_std_168,stoploss_hit,spearman,0.16397085245483398,217
development,volatility_percentile_720,stoploss_hit,spearman,0.1425028720170337,217
development,rsi14,stoploss_hit,spearman,0.109313901636556,217
development,macd_ratio,stoploss_hit,spearman,0.1713885814944574,217
development,macd_signal_ratio,stoploss_hit,spearman,0.2123812946081659,217
development,macd_hist_ratio,stoploss_hit,spearman,0.12766302083983502,217
development,relative_volume_24,stoploss_hit,spearman,0.10892349484499685,217
development,volume_zscore_24,stoploss_hit,spearman,0.09096478243327695,217
development,volume_trend_24_168,stoploss_hit,spearman,0.10462902013784643,217
development,regime_duration,stoploss_hit,spearman,-0.0731471299796956,217
development,regime_transition,stoploss_hit,spearman,-0.0023532603946871044,217
development,hour_of_day,stoploss_hit,spearman,0.08404209580314012,217
development,day_of_week,stoploss_hit,spearman,-0.07554332018266857,217
development,distance_high_24,stoploss_hit,spearman,-0.015616271662365141,217
development,distance_low_24,stoploss_hit,spearman,0.23112082060300412,217
development,distance_high_168,stoploss_hit,spearman,0.06832118852284749,217
development,distance_low_168,stoploss_hit,spearman,0.1698269543282209,217
development,candles_since_prior_signal,stoploss_hit,spearman,-0.027916577357647673,217
development,return_1h,stoploss_hit,spearman,0.16475166603795224,217
development,return_3h,stoploss_hit,spearman,0.2108196674419294,217
development,return_6h,stoploss_hit,spearman,0.01834911920327904,217
development,return_12h,stoploss_hit,spearman,0.12805342763139416,217
development,return_24h,stoploss_hit,spearman,0.18036793770031737,217
development,return_72h,stoploss_hit,spearman,0.07183484964687965,217
development,ema20_distance,favorable_move_before_adverse_move,spearman,-0.17326998804069382,179
development,ema50_distance,favorable_move_before_adverse_move,spearman,-0.181057403233534,179
development,ema_gap,favorable_move_before_adverse_move,spearman,-0.1455814006883732,179
development,ema20_slope_6,favorable_move_before_adverse_move,spearman,-0.11919071586819263,179
development,ema50_slope_6,favorable_move_before_adverse_move,spearman,-0.14687930322051324,179
development,trend_efficiency_20,favorable_move_before_adverse_move,spearman,-0.14168769309195314,179
development,body_ratio,favorable_move_before_adverse_move,spearman,-0.10750959307893238,179
development,range_ratio,favorable_move_before_adverse_move,spearman,-0.07073568800163156,179
development,body_to_range,favorable_move_before_adverse_move,spearman,-0.046291856979661025,179
development,close_location,favorable_move_before_adverse_move,spearman,-0.06467880951831144,179
development,atr14,favorable_move_before_adverse_move,spearman,0.04412868609276097,179
development,natr14,favorable_move_before_adverse_move,spearman,-0.011032171523190243,179
development,return_std_24,favorable_move_before_adverse_move,spearman,-0.03050070950529067,179
development,return_std_168,favorable_move_before_adverse_move,spearman,-0.02660700190887059,179
development,volatility_percentile_720,favorable_move_before_adverse_move,spearman,0.04034402339830962,179
development,rsi14,favorable_move_before_adverse_move,spearman,-0.1942527456436243,179
development,macd_ratio,favorable_move_before_adverse_move,spearman,-0.14601403486575323,179
development,macd_signal_ratio,favorable_move_before_adverse_move,spearman,-0.17435157348414387,179
development,macd_hist_ratio,favorable_move_before_adverse_move,spearman,-0.10924012978845242,179
development,relative_volume_24,favorable_move_before_adverse_move,spearman,-0.10102008041823224,179
development,volume_zscore_24,favorable_move_before_adverse_move,spearman,-0.11594595953784255,179
development,volume_trend_24_168,favorable_move_before_adverse_move,spearman,0.01665641582913037,179
development,regime_duration,favorable_move_before_adverse_move,spearman,0.09878346813514109,179
development,regime_transition,favorable_move_before_adverse_move,spearman,-0.08364809778516848,179
development,hour_of_day,favorable_move_before_adverse_move,spearman,-0.019388533597565493,179
development,day_of_week,favorable_move_before_adverse_move,spearman,0.011271664005555508,179
development,distance_high_24,favorable_move_before_adverse_move,spearman,-0.17500052475021388,179
development,distance_low_24,favorable_move_before_adverse_move,spearman,-0.12394969181937274,179
development,distance_high_168,favorable_move_before_adverse_move,spearman,-0.19057535513589424,179
development,distance_low_168,favorable_move_before_adverse_move,spearman,-0.09820795826526217,179
development,candles_since_prior_signal,favorable_move_before_adverse_move,spearman,0.0745302043597478,179
development,return_1h,favorable_move_before_adverse_move,spearman,-0.10729327599024238,179
development,return_3h,favorable_move_before_adverse_move,spearman,-0.20463596590074454,179
development,return_6h,favorable_move_before_adverse_move,spearman,-0.1083748614336924,179
development,return_12h,favorable_move_before_adverse_move,spearman,-0.18192267158829403,179
development,return_24h,favorable_move_before_adverse_move,spearman,-0.15163827917169337,179
development,return_72h,favorable_move_before_adverse_move,spearman,-0.11962335004557265,179
validation,ema20_distance,net_profit_ratio,pearson,0.04621808531355421,205
validation,ema50_distance,net_profit_ratio,pearson,0.065641875698878,205
validation,ema_gap,net_profit_ratio,pearson,0.08102913192679226,205
validation,ema20_slope_6,net_profit_ratio,pearson,-0.07804443954431273,205
validation,ema50_slope_6,net_profit_ratio,pearson,-0.01999499131282654,205
validation,trend_efficiency_20,net_profit_ratio,pearson,-0.01703178517319903,205
validation,body_ratio,net_profit_ratio,pearson,0.0537506109608884,205
validation,range_ratio,net_profit_ratio,pearson,-0.0177030894773527,205
validation,body_to_range,net_profit_ratio,pearson,0.0974154497256932,205
validation,close_location,net_profit_ratio,pearson,-0.09420437804908854,205
validation,atr14,net_profit_ratio,pearson,0.054011777086191246,205
validation,natr14,net_profit_ratio,pearson,-0.06194424338693792,205
validation,return_std_24,net_profit_ratio,pearson,-0.017579352702528757,205
validation,return_std_168,net_profit_ratio,pearson,-0.12213462947852913,205
validation,volatility_percentile_720,net_profit_ratio,pearson,0.055417054289489634,205
validation,rsi14,net_profit_ratio,pearson,0.052077640168122705,205
validation,macd_ratio,net_profit_ratio,pearson,-0.06820599927547705,205
validation,macd_signal_ratio,net_profit_ratio,pearson,-0.1076312536432399,205
validation,macd_hist_ratio,net_profit_ratio,pearson,-0.016869905567205908,205
validation,relative_volume_24,net_profit_ratio,pearson,0.08334894950317746,205
validation,volume_zscore_24,net_profit_ratio,pearson,0.011594236759548413,205
validation,volume_trend_24_168,net_profit_ratio,pearson,0.05555971480917202,205
validation,regime_duration,net_profit_ratio,pearson,-0.056149594055630685,205
validation,regime_transition,net_profit_ratio,pearson,0.1604262915018852,205
validation,hour_of_day,net_profit_ratio,pearson,0.07693903486868828,205
validation,day_of_week,net_profit_ratio,pearson,0.054480961082337076,205
validation,distance_high_24,net_profit_ratio,pearson,0.021555043519800216,205
validation,distance_low_24,net_profit_ratio,pearson,-0.05864544374742983,205
validation,distance_high_168,net_profit_ratio,pearson,0.15871040574239906,205
validation,distance_low_168,net_profit_ratio,pearson,-0.002998192434663831,205
validation,candles_since_prior_signal,net_profit_ratio,pearson,-0.13657450736901083,205
validation,return_1h,net_profit_ratio,pearson,0.053763643759168714,205
validation,return_3h,net_profit_ratio,pearson,0.13591383905157722,205
validation,return_6h,net_profit_ratio,pearson,0.04051468036871317,205
validation,return_12h,net_profit_ratio,pearson,0.012909901827976787,205
validation,return_24h,net_profit_ratio,pearson,-0.014755389125537895,205
validation,return_72h,net_profit_ratio,pearson,0.11326741359378889,205
validation,ema20_distance,profitable_after_fees,pearson,0.17077786223535585,205
validation,ema50_distance,profitable_after_fees,pearson,0.16979914949221017,205
validation,ema_gap,profitable_after_fees,pearson,0.08108659496976478,205
validation,ema20_slope_6,profitable_after_fees,pearson,0.07341015774944996,205
validation,ema50_slope_6,profitable_after_fees,pearson,0.08201387015488343,205
validation,trend_efficiency_20,profitable_after_fees,pearson,0.12161298288939128,205
validation,body_ratio,profitable_after_fees,pearson,0.07826138162359458,205
validation,range_ratio,profitable_after_fees,pearson,0.04756767627818239,205
validation,body_to_range,profitable_after_fees,pearson,0.06259735877830404,205
validation,close_location,profitable_after_fees,pearson,-0.048727974623187335,205
validation,atr14,profitable_after_fees,pearson,0.14398059748989334,205
validation,natr14,profitable_after_fees,pearson,0.04942396917176564,205
validation,return_std_24,profitable_after_fees,pearson,0.09386870172814783,205
validation,return_std_168,profitable_after_fees,pearson,-0.009668937594868473,205
validation,volatility_percentile_720,profitable_after_fees,pearson,0.130763829609092,205
validation,rsi14,profitable_after_fees,pearson,0.16208467735582066,205
validation,macd_ratio,profitable_after_fees,pearson,0.0935293605367333,205
validation,macd_signal_ratio,profitable_after_fees,pearson,0.04658492182893921,205
validation,macd_hist_ratio,profitable_after_fees,pearson,0.1217359375538348,205
validation,relative_volume_24,profitable_after_fees,pearson,0.09177891782029007,205
validation,volume_zscore_24,profitable_after_fees,pearson,0.04314139833510258,205
validation,volume_trend_24_168,profitable_after_fees,pearson,0.1392122992341439,205
validation,regime_duration,profitable_after_fees,pearson,-0.05547542122971313,205
validation,regime_transition,profitable_after_fees,pearson,0.17002417615514098,205
validation,hour_of_day,profitable_after_fees,pearson,0.09931234772367872,205
validation,day_of_week,profitable_after_fees,pearson,0.04801314179339363,205
validation,distance_high_24,profitable_after_fees,pearson,0.059084746749344316,205
validation,distance_low_24,profitable_after_fees,pearson,0.11035980816810737,205
validation,distance_high_168,profitable_after_fees,pearson,0.08628660512694157,205
validation,distance_low_168,profitable_after_fees,pearson,0.046260465924673984,205
validation,candles_since_prior_signal,profitable_after_fees,pearson,-0.0931607302471159,205
validation,return_1h,profitable_after_fees,pearson,0.07826625571608464,205
validation,return_3h,profitable_after_fees,pearson,0.18887185408825397,205
validation,return_6h,profitable_after_fees,pearson,0.15145975771687048,205
validation,return_12h,profitable_after_fees,pearson,0.13696284914267712,205
validation,return_24h,profitable_after_fees,pearson,0.12822149374163952,205
validation,return_72h,profitable_after_fees,pearson,0.08674086729938106,205
validation,ema20_distance,return_above_0_5_percent,pearson,0.20644804792649288,205
validation,ema50_distance,return_above_0_5_percent,pearson,0.2084156630955713,205
validation,ema_gap,return_above_0_5_percent,pearson,0.10716576315938763,205
validation,ema20_slope_6,return_above_0_5_percent,pearson,0.09798699364076137,205
validation,ema50_slope_6,return_above_0_5_percent,pearson,0.11032032798184538,205
validation,trend_efficiency_20,return_above_0_5_percent,pearson,0.11944797402616988,205
validation,body_ratio,return_above_0_5_percent,pearson,0.08063144572981593,205
validation,range_ratio,return_above_0_5_percent,pearson,0.07018835249894813,205
validation,body_to_range,return_above_0_5_percent,pearson,0.15729846023872143,205
validation,close_location,return_above_0_5_percent,pearson,-0.05558014956401845,205
validation,atr14,return_above_0_5_percent,pearson,0.0784586227192126,205
validation,natr14,return_above_0_5_percent,pearson,0.049946992031007977,205
validation,return_std_24,return_above_0_5_percent,pearson,0.11576840348865042,205
validation,return_std_168,return_above_0_5_percent,pearson,0.008944735927469718,205
validation,volatility_percentile_720,return_above_0_5_percent,pearson,0.12139169043553698,205
validation,rsi14,return_above_0_5_percent,pearson,0.20047613193219005,205
validation,macd_ratio,return_above_0_5_percent,pearson,0.11345514334660012,205
validation,macd_signal_ratio,return_above_0_5_percent,pearson,0.04311278997718337,205
validation,macd_hist_ratio,return_above_0_5_percent,pearson,0.16074871271920693,205
validation,relative_volume_24,return_above_0_5_percent,pearson,0.11841412994237735,205
validation,volume_zscore_24,return_above_0_5_percent,pearson,0.05963438488658277,205
validation,volume_trend_24_168,return_above_0_5_percent,pearson,0.11684592794530849,205
validation,regime_duration,return_above_0_5_percent,pearson,-0.12184714626453311,205
validation,regime_transition,return_above_0_5_percent,pearson,0.23212889047692511,205
validation,hour_of_day,return_above_0_5_percent,pearson,0.046906005896198304,205
validation,day_of_week,return_above_0_5_percent,pearson,0.006554890534933128,205
validation,distance_high_24,return_above_0_5_percent,pearson,0.09172902800673538,205
validation,distance_low_24,return_above_0_5_percent,pearson,0.12900510617129848,205
validation,distance_high_168,return_above_0_5_percent,pearson,0.07206477977918543,205
validation,distance_low_168,return_above_0_5_percent,pearson,0.056920867930024086,205
validation,candles_since_prior_signal,return_above_0_5_percent,pearson,-0.0867869856547478,205
validation,return_1h,return_above_0_5_percent,pearson,0.08062745245672683,205
validation,return_3h,return_above_0_5_percent,pearson,0.22313320097924252,205
validation,return_6h,return_above_0_5_percent,pearson,0.1736868292100386,205
validation,return_12h,return_above_0_5_percent,pearson,0.1889927423058889,205
validation,return_24h,return_above_0_5_percent,pearson,0.13124100187706592,205
validation,return_72h,return_above_0_5_percent,pearson,0.11338347182223621,205
validation,ema20_distance,return_above_1_percent,pearson,0.20188964598138603,205
validation,ema50_distance,return_above_1_percent,pearson,0.2051423567015174,205
validation,ema_gap,return_above_1_percent,pearson,0.10927244778960403,205
validation,ema20_slope_6,return_above_1_percent,pearson,0.07724517049425848,205
validation,ema50_slope_6,return_above_1_percent,pearson,0.0975182914725224,205
validation,trend_efficiency_20,return_above_1_percent,pearson,0.07756841371832708,205
validation,body_ratio,return_above_1_percent,pearson,0.14345145925107206,205
validation,range_ratio,return_above_1_percent,pearson,0.04857882861066819,205
validation,body_to_range,return_above_1_percent,pearson,0.1323944591104145,205
validation,close_location,return_above_1_percent,pearson,-0.026696804238267816,205
validation,atr14,return_above_1_percent,pearson,0.04102978561735268,205
validation,natr14,return_above_1_percent,pearson,0.04768494330988941,205
validation,return_std_24,return_above_1_percent,pearson,0.09478346126903253,205
validation,return_std_168,return_above_1_percent,pearson,0.040668393971367414,205
validation,volatility_percentile_720,return_above_1_percent,pearson,0.08913937282061143,205
validation,rsi14,return_above_1_percent,pearson,0.17824686687829158,205
validation,macd_ratio,return_above_1_percent,pearson,0.09486390039107757,205
validation,macd_signal_ratio,return_above_1_percent,pearson,0.033550204704578396,205
validation,macd_hist_ratio,return_above_1_percent,pearson,0.13684621278602693,205
validation,relative_volume_24,return_above_1_percent,pearson,0.10821891927744617,205
validation,volume_zscore_24,return_above_1_percent,pearson,0.04010811763892354,205
validation,volume_trend_24_168,return_above_1_percent,pearson,0.04900273789955016,205
validation,regime_duration,return_above_1_percent,pearson,-0.11904276201606469,205
validation,regime_transition,return_above_1_percent,pearson,0.24347320452248752,205
validation,hour_of_day,return_above_1_percent,pearson,0.019238599194808057,205
validation,day_of_week,return_above_1_percent,pearson,0.013768285476613514,205
validation,distance_high_24,return_above_1_percent,pearson,0.08745037929939581,205
validation,distance_low_24,return_above_1_percent,pearson,0.11222870915571542,205
validation,distance_high_168,return_above_1_percent,pearson,0.0849000451215202,205
validation,distance_low_168,return_above_1_percent,pearson,0.0787998634195193,205
validation,candles_since_prior_signal,return_above_1_percent,pearson,-0.11858362372524175,205
validation,return_1h,return_above_1_percent,pearson,0.14344549523275382,205
validation,return_3h,return_above_1_percent,pearson,0.22651583289828872,205
validation,return_6h,return_above_1_percent,pearson,0.16294516638880224,205
validation,return_12h,return_above_1_percent,pearson,0.17928342740985723,205
validation,return_24h,return_above_1_percent,pearson,0.13326159372510993,205
validation,return_72h,return_above_1_percent,pearson,0.13021967929026632,205
validation,ema20_distance,stoploss_hit,pearson,0.1793048188089111,205
validation,ema50_distance,stoploss_hit,pearson,0.1322085024227836,205
validation,ema_gap,stoploss_hit,pearson,-0.05115564258661408,205
validation,ema20_slope_6,stoploss_hit,pearson,0.23944152861582021,205
validation,ema50_slope_6,stoploss_hit,pearson,0.13485663490768596,205
validation,trend_efficiency_20,stoploss_hit,pearson,0.11260531451632673,205
validation,body_ratio,stoploss_hit,pearson,0.0442294247658836,205
validation,range_ratio,stoploss_hit,pearson,0.10955026831362286,205
validation,body_to_range,stoploss_hit,pearson,-0.0928384911876172,205
validation,close_location,stoploss_hit,pearson,0.05422399895016873,205
validation,atr14,stoploss_hit,pearson,-0.0688350107653997,205
validation,natr14,stoploss_hit,pearson,0.28132050430275635,205
validation,return_std_24,stoploss_hit,pearson,0.2642402552074691,205
validation,return_std_168,stoploss_hit,pearson,0.38663562176844096,205
validation,volatility_percentile_720,stoploss_hit,pearson,0.1218870734813937,205
validation,rsi14,stoploss_hit,pearson,0.09845931230062054,205
validation,macd_ratio,stoploss_hit,pearson,0.25406989746283704,205
validation,macd_signal_ratio,stoploss_hit,pearson,0.23757551552171471,205
validation,macd_hist_ratio,stoploss_hit,pearson,0.22230678742159357,205
validation,relative_volume_24,stoploss_hit,pearson,-0.04090001046250894,205
validation,volume_zscore_24,stoploss_hit,pearson,0.004306489303346151,205
validation,volume_trend_24_168,stoploss_hit,pearson,0.012326409372617239,205
validation,regime_duration,stoploss_hit,pearson,0.015127092602372438,205
validation,regime_transition,stoploss_hit,pearson,-0.03690206739911159,205
validation,hour_of_day,stoploss_hit,pearson,-0.06682943870329137,205
validation,day_of_week,stoploss_hit,pearson,-0.05763401444879645,205
validation,distance_high_24,stoploss_hit,pearson,0.05392468801373674,205
validation,distance_low_24,stoploss_hit,pearson,0.3137673349753803,205
validation,distance_high_168,stoploss_hit,pearson,-0.27817402668347907,205
validation,distance_low_168,stoploss_hit,pearson,0.22854924904123278,205
validation,candles_since_prior_signal,stoploss_hit,pearson,0.1360187460857844,205
validation,return_1h,stoploss_hit,pearson,0.04421221658567512,205
validation,return_3h,stoploss_hit,pearson,0.06530320955654861,205
validation,return_6h,stoploss_hit,pearson,0.1325747581988155,205
validation,return_12h,stoploss_hit,pearson,0.19776885395760277,205
validation,return_24h,stoploss_hit,pearson,0.19518915679959173,205
validation,return_72h,stoploss_hit,pearson,-0.10433550078956506,205
validation,ema20_distance,favorable_move_before_adverse_move,pearson,0.12197382825533432,189
validation,ema50_distance,favorable_move_before_adverse_move,pearson,0.1536366741691725,189
validation,ema_gap,favorable_move_before_adverse_move,pearson,0.1609618408784129,189
validation,ema20_slope_6,favorable_move_before_adverse_move,pearson,0.0961777362328831,189
validation,ema50_slope_6,favorable_move_before_adverse_move,pearson,0.13962595233167036,189
validation,trend_efficiency_20,favorable_move_before_adverse_move,pearson,0.10323798306963973,189
validation,body_ratio,favorable_move_before_adverse_move,pearson,0.025002095164297196,189
validation,range_ratio,favorable_move_before_adverse_move,pearson,0.02050964669515179,189
validation,body_to_range,favorable_move_before_adverse_move,pearson,-0.04583455568943347,189
validation,close_location,favorable_move_before_adverse_move,pearson,0.030356152063520013,189
validation,atr14,favorable_move_before_adverse_move,pearson,0.03384448769302202,189
validation,natr14,favorable_move_before_adverse_move,pearson,0.048461644886016515,189
validation,return_std_24,favorable_move_before_adverse_move,pearson,0.06587174846061183,189
validation,return_std_168,favorable_move_before_adverse_move,pearson,0.0993704204952113,189
validation,volatility_percentile_720,favorable_move_before_adverse_move,pearson,0.0775966502132582,189
validation,rsi14,favorable_move_before_adverse_move,pearson,0.14645492982506844,189
validation,macd_ratio,favorable_move_before_adverse_move,pearson,0.10203648929785473,189
validation,macd_signal_ratio,favorable_move_before_adverse_move,pearson,0.07601262882138209,189
validation,macd_hist_ratio,favorable_move_before_adverse_move,pearson,0.10784069032362027,189
validation,relative_volume_24,favorable_move_before_adverse_move,pearson,0.04961734006893325,189
validation,volume_zscore_24,favorable_move_before_adverse_move,pearson,0.03192575448418198,189
validation,volume_trend_24_168,favorable_move_before_adverse_move,pearson,0.005274554305645169,189
validation,regime_duration,favorable_move_before_adverse_move,pearson,-0.016799085545942786,189
validation,regime_transition,favorable_move_before_adverse_move,pearson,0.0711336139204158,189
validation,hour_of_day,favorable_move_before_adverse_move,pearson,0.03850647738638472,189
validation,day_of_week,favorable_move_before_adverse_move,pearson,0.05617959893535883,189
validation,distance_high_24,favorable_move_before_adverse_move,pearson,0.08241992459445249,189
validation,distance_low_24,favorable_move_before_adverse_move,pearson,0.08733290215506698,189
validation,distance_high_168,favorable_move_before_adverse_move,pearson,0.07819920267089044,189
validation,distance_low_168,favorable_move_before_adverse_move,pearson,0.1694081424863665,189
validation,candles_since_prior_signal,favorable_move_before_adverse_move,pearson,-0.15032398396374577,189
validation,return_1h,favorable_move_before_adverse_move,pearson,0.02497183031591113,189
validation,return_3h,favorable_move_before_adverse_move,pearson,0.11551093260448504,189
validation,return_6h,favorable_move_before_adverse_move,pearson,0.1364329637375358,189
validation,return_12h,favorable_move_before_adverse_move,pearson,0.0751677009016734,189
validation,return_24h,favorable_move_before_adverse_move,pearson,0.07152906086314785,189
validation,return_72h,favorable_move_before_adverse_move,pearson,0.20162106483604278,189
validation,ema20_distance,net_profit_ratio,spearman,-0.012931983117660986,205
validation,ema50_distance,net_profit_ratio,spearman,0.007755846833168502,205
validation,ema_gap,net_profit_ratio,spearman,0.0591634048836205,205
validation,ema20_slope_6,net_profit_ratio,spearman,-0.0767004220584753,205
validation,ema50_slope_6,net_profit_ratio,spearman,-0.030673761334986276,205
validation,trend_efficiency_20,net_profit_ratio,spearman,-0.045068323327436585,205
validation,body_ratio,net_profit_ratio,spearman,-0.01501859564569375,205
validation,range_ratio,net_profit_ratio,spearman,-0.05233664386900865,205
validation,body_to_range,net_profit_ratio,spearman,0.0740998175258737,205
validation,close_location,net_profit_ratio,spearman,-0.10799000987600825,205
validation,atr14,net_profit_ratio,spearman,0.020442673872769566,205
validation,natr14,net_profit_ratio,spearman,-0.023221573734869272,205
validation,return_std_24,net_profit_ratio,spearman,0.013937680210611357,205
validation,return_std_168,net_profit_ratio,spearman,-0.09577941524703654,205
validation,volatility_percentile_720,net_profit_ratio,spearman,0.05787718197943331,205
validation,rsi14,net_profit_ratio,spearman,-0.0237397445362232,205
validation,macd_ratio,net_profit_ratio,spearman,-0.06403309607053809,205
validation,macd_signal_ratio,net_profit_ratio,spearman,-0.07048794417127495,205
validation,macd_hist_ratio,net_profit_ratio,spearman,-0.04914961485422964,205
validation,relative_volume_24,net_profit_ratio,spearman,-0.019013525372261142,205
validation,volume_zscore_24,net_profit_ratio,spearman,-0.026052012090652034,205
validation,volume_trend_24_168,net_profit_ratio,spearman,0.0865289520970595,205
validation,regime_duration,net_profit_ratio,spearman,-0.06717045582307204,205
validation,regime_transition,net_profit_ratio,spearman,0.12117595203680331,205
validation,hour_of_day,net_profit_ratio,spearman,0.050916220895980725,205
validation,day_of_week,net_profit_ratio,spearman,0.07940333694478932,205
validation,distance_high_24,net_profit_ratio,spearman,-0.014645289799557046,205
validation,distance_low_24,net_profit_ratio,spearman,-0.03468958504547923,205
validation,distance_high_168,net_profit_ratio,spearman,0.15743616887910739,205
validation,distance_low_168,net_profit_ratio,spearman,0.0011881712192336085,205
validation,candles_since_prior_signal,net_profit_ratio,spearman,-0.10050436113914203,205
validation,return_1h,net_profit_ratio,spearman,-0.014884874148570154,205
validation,return_3h,net_profit_ratio,spearman,0.08578930506609463,205
validation,return_6h,net_profit_ratio,spearman,-0.015712275912022396,205
validation,return_12h,net_profit_ratio,spearman,-0.05141730857628393,205
validation,return_24h,net_profit_ratio,spearman,-0.03119889679764873,205
validation,return_72h,net_profit_ratio,spearman,0.0837486593026981,205
validation,ema20_distance,profitable_after_fees,spearman,0.16095524902493105,205
validation,ema50_distance,profitable_after_fees,spearman,0.15269230575948003,205
validation,ema_gap,profitable_after_fees,spearman,0.09450741359859587,205
validation,ema20_slope_6,profitable_after_fees,spearman,0.10139319965313838,205
validation,ema50_slope_6,profitable_after_fees,spearman,0.09640100476359506,205
validation,trend_efficiency_20,profitable_after_fees,spearman,0.10690182849677238,205
validation,body_ratio,profitable_after_fees,spearman,0.058529181463611295,205
validation,range_ratio,profitable_after_fees,spearman,0.0451018986572534,205
validation,body_to_range,profitable_after_fees,spearman,0.05508628843634004,205
validation,close_location,profitable_after_fees,spearman,-0.05095488778037105,205
validation,atr14,profitable_after_fees,spearman,0.11774694153267684,205
validation,natr14,profitable_after_fees,spearman,0.05353698657406797,205
validation,return_std_24,profitable_after_fees,spearman,0.10345893546950112,205
validation,return_std_168,profitable_after_fees,spearman,0.007746509311360317,205
validation,volatility_percentile_720,profitable_after_fees,spearman,0.12773319952421794,205
validation,rsi14,profitable_after_fees,spearman,0.1433964945858477,205
validation,macd_ratio,profitable_after_fees,spearman,0.12411629363312865,205
validation,macd_signal_ratio,profitable_after_fees,spearman,0.08572803637905418,205
validation,macd_hist_ratio,profitable_after_fees,spearman,0.12945277782539907,205
validation,relative_volume_24,profitable_after_fees,spearman,0.0464790558681619,205
validation,volume_zscore_24,profitable_after_fees,spearman,0.04131471632725503,205
validation,volume_trend_24_168,profitable_after_fees,spearman,0.1418471927235756,205
validation,regime_duration,profitable_after_fees,spearman,-0.11964663833984938,205
validation,regime_transition,profitable_after_fees,spearman,0.17002417615514043,205
validation,hour_of_day,profitable_after_fees,spearman,0.08936889025435768,205
validation,day_of_week,profitable_after_fees,spearman,0.043986566860385545,205
validation,distance_high_24,profitable_after_fees,spearman,0.08899878475496187,205
validation,distance_low_24,profitable_after_fees,spearman,0.14494579644811972,205
validation,distance_high_168,profitable_after_fees,spearman,0.12428843828449221,205
validation,distance_low_168,profitable_after_fees,spearman,0.07178431961860562,205
validation,candles_since_prior_signal,profitable_after_fees,spearman,-0.1011449157689883,205
validation,return_1h,profitable_after_fees,spearman,0.05870132611497486,205
validation,return_3h,profitable_after_fees,spearman,0.1707674941526541,205
validation,return_6h,profitable_after_fees,spearman,0.14374078388857478,205
validation,return_12h,profitable_after_fees,spearman,0.1261820294494914,205
validation,return_24h,profitable_after_fees,spearman,0.14115861411812133,205
validation,return_72h,profitable_after_fees,spearman,0.09554028150677726,205
validation,ema20_distance,return_above_0_5_percent,spearman,0.20610376354792279,205
validation,ema50_distance,return_above_0_5_percent,spearman,0.20282649522295584,205
validation,ema_gap,return_above_0_5_percent,spearman,0.12398998496125037,205
validation,ema20_slope_6,return_above_0_5_percent,spearman,0.13764526964861273,205
validation,ema50_slope_6,return_above_0_5_percent,spearman,0.13345764901115495,205
validation,trend_efficiency_20,return_above_0_5_percent,spearman,0.13036245114868614,205
validation,body_ratio,return_above_0_5_percent,spearman,0.05079765903698804,205
validation,range_ratio,return_above_0_5_percent,spearman,0.06408880279935408,205
validation,body_to_range,return_above_0_5_percent,spearman,0.1549419635859384,205
validation,close_location,return_above_0_5_percent,spearman,-0.05607778056203894,205
validation,atr14,return_above_0_5_percent,spearman,0.0649991551118449,205
validation,natr14,return_above_0_5_percent,spearman,0.07428474869925132,205
validation,return_std_24,return_above_0_5_percent,spearman,0.13728112872361642,205
validation,return_std_168,return_above_0_5_percent,spearman,0.022030525962277964,205
validation,volatility_percentile_720,return_above_0_5_percent,spearman,0.11880271437616276,205
validation,rsi14,return_above_0_5_percent,spearman,0.18680429452311728,205
validation,macd_ratio,return_above_0_5_percent,spearman,0.15275711803596043,205
validation,macd_signal_ratio,return_above_0_5_percent,spearman,0.08448069459914856,205
validation,macd_hist_ratio,return_above_0_5_percent,spearman,0.1738772916857476,205
validation,relative_volume_24,return_above_0_5_percent,spearman,0.054074927361954996,205
validation,volume_zscore_24,return_above_0_5_percent,spearman,0.05589563198693665,205
validation,volume_trend_24_168,return_above_0_5_percent,spearman,0.11962029386129441,205
validation,regime_duration,return_above_0_5_percent,spearman,-0.19948227588760908,205
validation,regime_transition,return_above_0_5_percent,spearman,0.2321288904769245,205
validation,hour_of_day,return_above_0_5_percent,spearman,0.039194220018042715,205
validation,day_of_week,return_above_0_5_percent,spearman,0.002855856256768753,205
validation,distance_high_24,return_above_0_5_percent,spearman,0.10869606611140449,205
validation,distance_low_24,return_above_0_5_percent,spearman,0.18279874434815765,205
validation,distance_high_168,return_above_0_5_percent,spearman,0.11707130738632009,205
validation,distance_low_168,return_above_0_5_percent,spearman,0.07355646684925866,205
validation,candles_since_prior_signal,return_above_0_5_percent,spearman,-0.09732622027726727,205
validation,return_1h,return_above_0_5_percent,spearman,0.050979729499486204,205
validation,return_3h,return_above_0_5_percent,spearman,0.20828860909790076,205
validation,return_6h,return_above_0_5_percent,spearman,0.17005381197328612,205
validation,return_12h,return_above_0_5_percent,spearman,0.1818883920356668,205
validation,return_24h,return_above_0_5_percent,spearman,0.15658059774842192,205
validation,return_72h,return_above_0_5_percent,spearman,0.12617483051122833,205
validation,ema20_distance,return_above_1_percent,spearman,0.17525154502234389,205
validation,ema50_distance,return_above_1_percent,spearman,0.17966642512695935,205
validation,ema_gap,return_above_1_percent,spearman,0.13743713716976802,205
validation,ema20_slope_6,return_above_1_percent,spearman,0.09136882303465026,205
validation,ema50_slope_6,return_above_1_percent,spearman,0.11440298010220915,205
validation,trend_efficiency_20,return_above_1_percent,spearman,0.09060101779906496,205
validation,body_ratio,return_above_1_percent,spearman,0.08676199162113848,205
validation,range_ratio,return_above_1_percent,spearman,0.040501726177124386,205
validation,body_to_range,return_above_1_percent,spearman,0.12899127957832976,205
validation,close_location,return_above_1_percent,spearman,-0.025145656491639017,205
validation,atr14,return_above_1_percent,spearman,0.03704660261699055,205
validation,natr14,return_above_1_percent,spearman,0.05374636649097074,205
validation,return_std_24,return_above_1_percent,spearman,0.1059571225107709,205
validation,return_std_168,return_above_1_percent,spearman,0.041461482721606005,205
validation,volatility_percentile_720,return_above_1_percent,spearman,0.08426785709837559,205
validation,rsi14,return_above_1_percent,spearman,0.15490470627933353,205
validation,macd_ratio,return_above_1_percent,spearman,0.11517078533779443,205
validation,macd_signal_ratio,return_above_1_percent,spearman,0.058929051831171496,205
validation,macd_hist_ratio,return_above_1_percent,spearman,0.12879932826943344,205
validation,relative_volume_24,return_above_1_percent,spearman,0.016315861256187548,205
validation,volume_zscore_24,return_above_1_percent,spearman,0.015164153402809603,205
validation,volume_trend_24_168,return_above_1_percent,spearman,0.047795875915184693,205
validation,regime_duration,return_above_1_percent,spearman,-0.19694752959837683,205
validation,regime_transition,return_above_1_percent,spearman,0.24347320452248816,205
validation,hour_of_day,return_above_1_percent,spearman,0.017393369695466537,205
validation,day_of_week,return_above_1_percent,spearman,0.013500225826948209,205
validation,distance_high_24,return_above_1_percent,spearman,0.09213662827023557,205
validation,distance_low_24,return_above_1_percent,spearman,0.1474186052323769,205
validation,distance_high_168,return_above_1_percent,spearman,0.1355176240808048,205
validation,distance_low_168,return_above_1_percent,spearman,0.10634102512856354,205
validation,candles_since_prior_signal,return_above_1_percent,spearman,-0.11047882801401868,205
validation,return_1h,return_above_1_percent,spearman,0.0869539429300348,205
validation,return_3h,return_above_1_percent,spearman,0.18926399057177556,205
validation,return_6h,return_above_1_percent,spearman,0.13590152669859745,205
validation,return_12h,return_above_1_percent,spearman,0.15509665758822988,205
validation,return_24h,return_above_1_percent,spearman,0.13762908847866437,205
validation,return_72h,return_above_1_percent,spearman,0.14146811465659087,205
validation,ema20_distance,stoploss_hit,spearman,0.16206508453963733,205
validation,ema50_distance,stoploss_hit,spearman,0.12059921330000357,205
validation,ema_gap,stoploss_hit,spearman,0.009179467679002896,205
validation,ema20_slope_6,stoploss_hit,spearman,0.23075282544803832,205
validation,ema50_slope_6,stoploss_hit,spearman,0.14972028317821964,205
validation,trend_efficiency_20,stoploss_hit,spearman,0.13104481445197236,205
validation,body_ratio,stoploss_hit,spearman,0.030070669982940525,205
validation,range_ratio,stoploss_hit,spearman,0.15383521696535887,205
validation,body_to_range,stoploss_hit,spearman,-0.08767974300288973,205
validation,close_location,stoploss_hit,spearman,0.04906274041855085,205
validation,atr14,stoploss_hit,spearman,-0.0319698701923894,205
validation,natr14,stoploss_hit,spearman,0.2009986888333393,205
validation,return_std_24,stoploss_hit,spearman,0.15415175033360035,205
validation,return_std_168,stoploss_hit,spearman,0.2709525632147062,205
validation,volatility_percentile_720,stoploss_hit,spearman,0.11791040421522574,205
validation,rsi14,stoploss_hit,spearman,0.11015361214803476,205
validation,macd_ratio,stoploss_hit,spearman,0.23613389270814347,205
validation,macd_signal_ratio,stoploss_hit,spearman,0.2187245574548621,205
validation,macd_hist_ratio,stoploss_hit,spearman,0.20416402251575408,205
validation,relative_volume_24,stoploss_hit,spearman,0.010445601151968815,205
validation,volume_zscore_24,stoploss_hit,spearman,0.03608480397952863,205
validation,volume_trend_24_168,stoploss_hit,spearman,0.00822986757427846,205
validation,regime_duration,stoploss_hit,spearman,0.01806932177585484,205
validation,regime_transition,stoploss_hit,spearman,-0.03690206739911172,205
validation,hour_of_day,stoploss_hit,spearman,-0.06940770506004487,205
validation,day_of_week,stoploss_hit,spearman,-0.05557559603033367,205
validation,distance_high_24,stoploss_hit,spearman,0.03418560377007975,205
validation,distance_low_24,stoploss_hit,spearman,0.22727095839738207,205
validation,distance_high_168,stoploss_hit,spearman,-0.18833735410368013,205
validation,distance_low_168,stoploss_hit,spearman,0.21049468988058365,205
validation,candles_since_prior_signal,stoploss_hit,spearman,0.0937030792553079,205
validation,return_1h,stoploss_hit,spearman,0.030070669982940525,205
validation,return_3h,stoploss_hit,spearman,0.026588802932284248,205
validation,return_6h,stoploss_hit,spearman,0.12439761371890133,205
validation,return_12h,stoploss_hit,spearman,0.20891202303937628,205
validation,return_24h,stoploss_hit,spearman,0.1655469515902936,205
validation,return_72h,stoploss_hit,spearman,-0.05412720596929294,205
validation,ema20_distance,favorable_move_before_adverse_move,spearman,0.1504190586358222,189
validation,ema50_distance,favorable_move_before_adverse_move,spearman,0.1773974446363116,189
validation,ema_gap,favorable_move_before_adverse_move,spearman,0.1733215733700506,189
validation,ema20_slope_6,favorable_move_before_adverse_move,spearman,0.10500220738319976,189
validation,ema50_slope_6,favorable_move_before_adverse_move,spearman,0.15255403882291127,189
validation,trend_efficiency_20,favorable_move_before_adverse_move,spearman,0.104225850951531,189
validation,body_ratio,favorable_move_before_adverse_move,spearman,0.05803264326723979,189
validation,range_ratio,favorable_move_before_adverse_move,spearman,-0.014556683093789245,189
validation,body_to_range,favorable_move_before_adverse_move,spearman,-0.05240405913764128,189
validation,close_location,favorable_move_before_adverse_move,spearman,0.02620207614287889,189
validation,atr14,favorable_move_before_adverse_move,spearman,0.07161888082144308,189
validation,natr14,favorable_move_before_adverse_move,spearman,0.017468019712547096,189
validation,return_std_24,favorable_move_before_adverse_move,spearman,0.039982356230941124,189
validation,return_std_168,favorable_move_before_adverse_move,spearman,0.08501102926772919,189
validation,volatility_percentile_720,favorable_move_before_adverse_move,spearman,0.07666652631267182,189
validation,rsi14,favorable_move_before_adverse_move,spearman,0.14692545469331275,189
validation,macd_ratio,favorable_move_before_adverse_move,spearman,0.12052933601657495,189
validation,macd_signal_ratio,favorable_move_before_adverse_move,spearman,0.0791883560302135,189
validation,macd_hist_ratio,favorable_move_before_adverse_move,spearman,0.11315394991572172,189
validation,relative_volume_24,favorable_move_before_adverse_move,spearman,0.008734009856273548,189
validation,volume_zscore_24,favorable_move_before_adverse_move,spearman,0.012227613798782965,189
validation,volume_trend_24_168,favorable_move_before_adverse_move,spearman,0.014944861309623626,189
validation,regime_duration,favorable_move_before_adverse_move,spearman,-0.053075388476937733,189
validation,regime_transition,favorable_move_before_adverse_move,spearman,0.07113361392041588,189
validation,hour_of_day,favorable_move_before_adverse_move,spearman,0.04518398297492592,189
validation,day_of_week,favorable_move_before_adverse_move,spearman,0.05636293962124352,189
validation,distance_high_24,favorable_move_before_adverse_move,spearman,0.0945213955556715,189
validation,distance_low_24,favorable_move_before_adverse_move,spearman,0.10907807864946074,189
validation,distance_high_168,favorable_move_before_adverse_move,spearman,0.09995589057735281,189
validation,distance_low_168,favorable_move_before_adverse_move,spearman,0.18516100895299917,189
validation,candles_since_prior_signal,favorable_move_before_adverse_move,spearman,-0.1436415791799048,189
validation,return_1h,favorable_move_before_adverse_move,spearman,0.05803264326723979,189
validation,return_3h,favorable_move_before_adverse_move,spearman,0.16905161299587243,189
validation,return_6h,favorable_move_before_adverse_move,spearman,0.1424614052112174,189
validation,return_12h,favorable_move_before_adverse_move,spearman,0.08792236588648704,189
validation,return_24h,favorable_move_before_adverse_move,spearman,0.08753418767065267,189
validation,return_72h,favorable_move_before_adverse_move,spearman,0.20689898903972442,189
