strategy,pair,trades,net_usdt,mean_annual_return_pct,sum_annual_return_pct,win_rate_pct,profit_factor,expectancy_usdt,positive_years,pf_above_one_years,worst_year_usdt,median_year_usdt,max_year_wallet_drawdown_pct,max_year_closed_drawdown_pct,min_year_trades,largest_positive_year_share
AlphaBreakout,ALL,485,287.0225192,7.1755629800000005,28.702251920000002,48.45360824742268,1.4420989803488253,0.5917990086597937,3,3,-27.725808709999995,87.64030465499998,4.356582545453915,3.915497026781363,95,0.4431086879034344
AlphaBreakout,BTC/USDT,234,109.05122207999997,2.7262805519999995,10.905122207999998,46.15384615384615,1.3658387012464706,0.4660308635897435,3,3,-11.525506260000002,36.31865565999999,,3.0994193031845936,43,0.39758432394036547
AlphaBreakout,ETH/USDT,251,177.97129711999997,4.449282427999999,17.797129711999997,50.59760956175299,1.5068366952005867,0.70904899250996,3,3,-16.20030245,47.005567209999995,,2.7044823703996186,52,0.5158347841384062
AlphaBreakoutHi,ALL,463,262.67192477,6.566798119249999,26.267192476999995,48.38012958963283,1.4246611565047909,0.5673259714254859,3,3,-25.66929408,71.823517085,4.258176552658,3.4876460983739728,87,0.5018158182763053
AlphaBreakoutHi,BTC/USDT,223,94.8372863,2.3709321575,9.48372863,46.63677130044843,1.332927016731155,0.42527931076233183,3,3,-11.507858100000005,34.19761515500001,,2.6194092048234174,39,0.35685610569352894
AlphaBreakoutHi,ETH/USDT,240,167.83463847,4.19586596175,16.783463847,50.0,1.5029722951005797,0.6993109936249999,2,2,-14.161435979999997,37.089283465,,2.6071070497824103,48,0.560881314832763
AlphaBreakoutLo,ALL,515,257.30553085,6.432638271250001,25.730553085000004,47.18446601941748,1.366123418572619,0.49962239,3,3,-37.151560139999994,81.6239542,5.0081825387134575,4.672389348845586,107,0.4455969531888637
AlphaBreakoutLo,BTC/USDT,246,94.90660654999999,2.37266516375,9.490660655,45.1219512195122,1.2973073884224255,0.38579921361788616,3,3,-16.890369890000002,35.008416440000005,,3.368999476489583,47,0.37371443209309746
AlphaBreakoutLo,ETH/USDT,269,162.3989243,4.0599731075,16.23989243,49.07063197026022,1.4233955734130965,0.6037134732342008,3,3,-20.261190249999995,46.61553776,,2.7272487030277537,60,0.4895925925061235
AlphaMomentum,ALL,414,-49.90441874,-1.2476104684999998,-4.990441873999999,34.29951690821256,0.9067533663673906,-0.12054207425120772,0,0,-34.597673029999996,-6.9525905350000015,5.493567572418918,5.146384291764569,66,
AlphaMomentum,BTC/USDT,201,-25.955994469999993,-0.6488998617499999,-2.5955994469999997,34.82587064676617,0.8921790869872851,-0.1291343008457711,2,2,-46.20962682,-1.5135811749999988,,4.6826798419999935,30,0.705680832203016
AlphaMomentum,ETH/USDT,213,-23.94842427000002,-0.5987106067500005,-2.394842427000002,33.80281690140845,0.9186686119787948,-0.11243391676056348,1,1,-24.68235934000001,-21.295956215,,4.017028221955341,36,1.0
AlphaMomentumHi,ALL,213,1.753709080000002,0.043842726999999984,0.17537090799999994,37.558685446009385,1.0060460124690316,0.008233375962441324,2,2,-26.801190230000003,5.748762460000003,6.36945750815546,6.300440681945988,32,0.5125953775129202
AlphaMomentumHi,BTC/USDT,108,23.42352256,0.5855880639999999,2.3423522559999994,39.81481481481482,1.193489425924946,0.21688446814814813,3,3,-33.70191341,11.667543214999997,,3.3701913409999973,17,0.5915114513567188
AlphaMomentumHi,ETH/USDT,105,-21.669813480000002,-0.541745337,-2.166981348,35.23809523809524,0.8717777959771773,-0.20637917600000003,1,1,-16.73297515,-5.918780755,,3.336790831932522,15,1.0
AlphaMomentumLo,ALL,635,-55.87356954999999,-1.3968392387499997,-5.587356954999999,34.488188976377955,0.9284060753498906,-0.0879898733070866,2,2,-45.54170684999999,-10.538444955,5.454998482069844,5.08847897156516,125,0.6845808652670814
AlphaMomentumLo,BTC/USDT,298,-26.49872388,-0.6624680970000001,-2.6498723880000004,35.90604026845637,0.92157775743269,-0.0889218922147651,2,2,-41.093098170000005,-7.884414984999999,,4.805016696940183,56,0.838827359154852
AlphaMomentumLo,ETH/USDT,337,-29.37484567000001,-0.7343711417500001,-2.9374845670000003,33.23442136498516,0.933619959254302,-0.0871657141543027,1,1,-31.861636480000005,-24.675667285,,5.258017088503243,63,1.0
AlphaReversion,ALL,2,1.07838248,0.026959562,0.107838248,100.0,,0.53919124,2,0,0.0,0.039805935,0.1965469380537172,0.0,0,0.9261747371860122
AlphaReversion,BTC/USDT,1,0.99877061,0.02496926525,0.099877061,100.0,,0.99877061,1,0,0.0,0.0,,0.0,0,1.0
AlphaReversion,ETH/USDT,1,0.07961187,0.00199029675,0.007961187,100.0,,0.07961187,1,0,0.0,0.0,,0.0,0,1.0
AlphaReversionHi,ALL,2,1.07838248,0.026959562,0.107838248,100.0,,0.53919124,2,0,0.0,0.039805935,0.1965469380537172,0.0,0,0.9261747371860122
AlphaReversionHi,BTC/USDT,1,0.99877061,0.02496926525,0.099877061,100.0,,0.99877061,1,0,0.0,0.0,,0.0,0,1.0
AlphaReversionHi,ETH/USDT,1,0.07961187,0.00199029675,0.007961187,100.0,,0.07961187,1,0,0.0,0.0,,0.0,0,1.0
AlphaReversionLo,ALL,2,1.07838248,0.026959562,0.107838248,100.0,,0.53919124,2,0,0.0,0.039805935,0.1965469380537172,0.0,0,0.9261747371860122
AlphaReversionLo,BTC/USDT,1,0.99877061,0.02496926525,0.099877061,100.0,,0.99877061,1,0,0.0,0.0,,0.0,0,1.0
AlphaReversionLo,ETH/USDT,1,0.07961187,0.00199029675,0.007961187,100.0,,0.07961187,1,0,0.0,0.0,,0.0,0,1.0
AlphaSqueeze,ALL,813,203.76690508999997,5.094172627249999,20.376690508999996,37.392373923739235,1.2547051108443767,0.25063579961869614,3,3,-43.54304057,64.24817171499998,5.6304759257342285,5.47231629940309,188,0.480423874231666
AlphaSqueeze,BTC/USDT,414,68.28296221000002,1.70707405525,6.828296221,35.990338164251206,1.1770489592263893,0.16493469132850247,3,3,-36.25540970000001,26.35174316,,4.034151431999999,87,0.4958455411437448
AlphaSqueeze,ETH/USDT,399,135.48394287999997,3.3870985719999993,13.548394287999997,38.847117794486216,1.3269887103344291,0.33955875408521297,3,3,-7.287630870000004,37.896428555,,2.368898735968837,94,0.4691320189359473
AlphaSqueezeHi,ALL,894,216.79440038000004,5.419860009500001,21.679440038000003,37.360178970917225,1.2404752694434757,0.24249932928411638,3,3,-37.48464146999999,65.83980920000002,4.57814955441204,4.362886117000005,207,0.48214521557903994
AlphaSqueezeHi,BTC/USDT,445,60.528663300000005,1.5132165825000004,6.052866330000001,35.95505617977528,1.139744585762714,0.13601946808988766,3,3,-28.697268710000003,19.06883822,,3.348864367445904,94,0.5725718344334502
AlphaSqueezeHi,ETH/USDT,449,156.26573707999998,3.906643427,15.626573708,38.75278396436526,1.3336253252786796,0.3480305948329621,3,3,-8.787372760000007,46.77097098,,2.1347323264761684,107,0.4332615601688563
AlphaSqueezeLo,ALL,686,136.14880684,3.403720171,13.614880684,36.29737609329446,1.1981558785802813,0.1984676484548105,3,3,-51.282827160000004,45.062325035,6.974417425297376,6.81779495502825,158,0.5191598763418986
AlphaSqueezeLo,BTC/USDT,350,23.87627409000001,0.5969068522500001,2.3876274090000003,34.285714285714285,1.0712149168037892,0.0682179259714286,3,3,-34.57986316,13.177085490000005,,4.0868487459999985,76,0.5491633176634502
AlphaSqueezeLo,ETH/USDT,336,112.27253275000001,2.80681331875,11.227253275,38.392857142857146,1.3191295534041896,0.3341444427083334,3,3,-16.702964,31.885239544999997,,2.93613894019965,81,0.5055612833683466
AlphaTrend,ALL,346,11.96943602000001,0.2992359005000004,1.1969436020000015,34.104046242774565,1.025585567747287,0.03459374572254338,2,2,-16.990052770000002,-4.111980124999997,5.7423679806057875,5.491148909822511,69,0.9071076642555082
AlphaTrend,BTC/USDT,179,-20.330864950000006,-0.5082716237500001,-2.0330864950000005,30.726256983240223,0.9108600148046571,-0.11358025111731847,1,1,-21.52961812,-7.614566890000002,,3.859794650977465,39,1.0
AlphaTrend,ETH/USDT,167,32.30030096999999,0.8075075242499998,3.2300300969999993,37.72455089820359,1.1347294866306286,0.1934149758682634,4,4,3.153233819999998,4.195752529999998,,3.367768665718861,30,0.6425810740673109
AlphaTrendHi,ALL,219,15.74915446,0.39372886149999997,1.5749154459999999,35.15981735159817,1.0543055174814984,0.07191394730593607,2,2,-19.208583229999995,4.9451452699999985,4.8150241214032095,4.4656767641124455,45,0.6796318076542263
AlphaTrendHi,BTC/USDT,117,0.7533316600000131,0.01883329150000032,0.07533316600000128,33.33333333333333,1.0052481912350937,0.006438732136752248,2,2,-20.275003429999995,0.19504139000000098,,3.8607815206812677,25,0.8661486946197924
AlphaTrendHi,ETH/USDT,102,14.995822800000003,0.37489557000000007,1.4995822800000003,37.254901960784316,1.1023822225570006,0.14701787058823532,3,3,-5.115482839999996,2.7478075199999994,,2.2529842844205272,20,0.726740016865459
AlphaTrendLo,ALL,481,-62.601260329999995,-1.5650315082499997,-6.260126032999999,30.353430353430355,0.9049910463111649,-0.13014815037422037,1,1,-48.46430628999999,-24.16379222,7.51657764572516,7.310033643737851,95,1.0
AlphaTrendLo,BTC/USDT,249,-57.53889685999999,-1.4384724214999998,-5.753889685999999,27.710843373493976,0.817187729510309,-0.23107990706827303,1,1,-42.888165959999995,-14.678230934999997,,5.786015911990261,52,1.0
AlphaTrendLo,ETH/USDT,232,-5.06236346999999,-0.12655908674999972,-0.5062363469999989,33.189655172413794,0.9852904744366568,-0.02182053219827582,1,1,-18.140753789999998,-3.203254554999999,,3.95546011064903,43,1.0
LabBaseline,ALL,849,-121.09165954999997,-3.0272914887499995,-12.109165954999998,34.746760895170794,0.9053249804940067,-0.1426285742638398,1,1,-98.38880974,-41.767701389999985,11.070495316130437,10.876934538244916,203,1.0
LabBaseline,BTC/USDT,420,-52.178822669999995,-1.3044705667499998,-5.217882266999999,33.33333333333333,0.9073019892146635,-0.12423529207142855,1,1,-55.128481910000005,-15.537037579999996,,6.047764530712695,98,1.0
LabBaseline,ETH/USDT,429,-68.91283688000001,-1.7228209220000006,-6.891283688000002,36.13053613053613,0.9037710264506722,-0.16063598340326343,1,1,-43.26032783,-26.23066381,,6.946693494240183,102,1.0
