strategy,year,pair,trades,wins,losses,win_rate_pct,total_return_pct,net_usdt,average_trade_pct,profit_factor,gross_profit_usdt,gross_loss_usdt,expectancy_usdt,closed_trade_drawdown_pct,sharpe_daily_closed,sortino_daily_closed,average_duration_hours,consecutive_losses,wallet_drawdown_pct,engine_sharpe,engine_sortino,rejected_signals
LabBaseline,2019,ALL,223,72,151,32.28699551569507,-3.5165771879999985,-35.16577187999999,-0.15762080589346394,0.8770411852868051,250.83057545,285.99634733,-0.15769404430493267,9.251338175226675,-0.6764842688647091,-0.99483039458146,27.973094170403588,18,9.48312149667867,-0.6029532381248865,-1.1697605758862386,0.0
LabBaseline,2019,BTC/USDT,108,34,74,31.48148148148148,-1.7349660860000005,-17.349660860000004,-0.1606311603361302,0.8618027323450882,108.19305901,125.54271987,-0.160645007962963,4.7080783663031935,-0.5967829053013913,-0.91397517661814,30.453703703703702,9,,,,
LabBaseline,2019,ETH/USDT,115,38,77,33.04347826086956,-1.781611102,-17.81611102,-0.15479369041687277,0.888964111924229,142.63751644,160.45362746000004,-0.15492270452173915,5.15424801280323,-0.5052148929437061,-0.7554089373974081,25.643478260869568,12,,,,
AlphaTrend,2019,ALL,85,31,54,36.470588235294116,3.7183449040000007,37.183449040000006,0.4370162607995519,1.3960139450487399,131.07774116000002,93.89429212,0.4374523416470589,1.9626186714283775,1.1655650477612391,2.350675951357631,19.8,11,1.9318495368739907,0.6026774837172917,1.391734549139988,0.0
AlphaTrend,2019,BTC/USDT,45,17,28,37.77777777777778,1.6427886949999997,16.427886949999998,0.36469835539119566,1.3684668876061934,61.0123191,44.58443215,0.3650641544444444,1.6292716590000054,0.7680415968415024,1.4769905101750973,22.755555555555553,12,,,,
AlphaTrend,2019,ETH/USDT,40,14,26,35.0,2.0755562089999997,20.755562089999998,0.5183739043839529,1.4209211322568678,70.06542206,49.309859970000005,0.5188890522499999,1.1826159996033558,0.9319618279475108,1.7227254648208699,16.475,7,,,,
AlphaTrendLo,2019,ALL,115,39,76,33.91304347826087,3.4190630399999997,34.190630399999996,0.29707561733772114,1.2633843535867106,164.00331644,129.81268604,0.29730982956521734,2.9807550020336846,0.9504480646143223,1.8665879354106825,17.973913043478262,11,3.1704010371262124,0.5692010826478895,1.3327168911757077,0.0
AlphaTrendLo,2019,BTC/USDT,62,21,41,33.87096774193548,1.470573097,14.70573097,0.23705449279019342,1.2342184030665029,77.49213365,62.78640268,0.23718920919354838,1.924018964000004,0.6140805100056986,1.1551901013101153,20.709677419354836,15,,,,
AlphaTrendLo,2019,ETH/USDT,53,18,35,33.9622641509434,1.9484899430000007,19.484899430000006,0.3672890083178478,1.2907053539780222,86.51118279,67.02628336,0.36763961188679256,2.081734926092511,0.779257431771356,1.389245663899059,14.773584905660378,8,,,,
AlphaTrendHi,2019,ALL,57,21,36,36.84210526315789,2.506744715,25.06744715,0.43945131730339076,1.393763316187841,88.72865204,63.66120489,0.4397797745614035,1.8461805005312157,0.9107225827958939,1.7619406418230363,22.80701754385965,9,1.9774767942654439,0.4027714661290628,0.9206423249384225,0.0
AlphaTrendHi,2019,BTC/USDT,30,13,17,43.333333333333336,2.0638252310000005,20.638252310000006,0.687466038115645,1.735828887734616,48.68587677000001,28.047624459999998,0.6879417436666668,1.178895847000001,1.0856869916424665,2.2839533205891223,26.433333333333334,7,,,,
AlphaTrendHi,2019,ETH/USDT,27,8,19,29.629629629629626,0.4429194839999998,4.429194839999998,0.16387940528977474,1.1243681423356402,40.04277527000001,35.61358043,0.16404425333333328,1.4204195901860641,0.2535085676161103,0.434223332225454,18.77777777777778,6,,,,
AlphaBreakout,2019,ALL,123,50,73,40.65040650406504,-2.7725808709999997,-27.725808709999995,-0.2251884322075285,0.8766578862493845,197.06204247,224.78785118,-0.2254130789430894,3.915497026781363,-0.6755330460444278,-0.9886485712166222,23.772357723577233,9,4.356582545453915,-0.37402852926921454,-0.8578308021866199,0.0
AlphaBreakout,2019,BTC/USDT,61,26,35,42.62295081967213,-1.1525506260000002,-11.525506260000002,-0.18873558697137796,0.8905362553689155,93.76512032,105.29062658,-0.18894272557377054,3.0994193031845936,-0.4239468298969232,-0.6363541753780028,25.311475409836067,4,,,,
AlphaBreakout,2019,ETH/USDT,62,24,38,38.70967741935484,-1.620030245,-16.20030245,-0.26105332832696704,0.8644294668413579,103.29692215,119.49722460000001,-0.2612952008064516,2.7044823703996186,-0.5603742876397967,-0.7790612228542821,22.258064516129032,5,,,,
AlphaBreakoutLo,2019,ALL,127,50,77,39.37007874015748,-3.7151560139999993,-37.151560139999994,-0.2922603006781515,0.8413774446659155,197.06204247,234.21360261,-0.2925319696062992,4.672389348845586,-0.8894600635313226,-1.2757220488453092,24.094488188976378,9,5.0081825387134575,-0.5055870443344819,-1.1494469678543977,0.0
AlphaBreakoutLo,2019,BTC/USDT,63,26,37,41.269841269841265,-1.6890369890000003,-16.890369890000002,-0.2678480641743272,0.8473607603387255,93.76512032,110.65549021,-0.2681011093650794,3.368999476489583,-0.6144332912169245,-0.9093691658704829,25.587301587301585,4,,,,
AlphaBreakoutLo,2019,ETH/USDT,64,24,40,37.5,-2.0261190249999994,-20.261190249999995,-0.31629109598660354,0.8360189399429511,103.29692215,123.5581124,-0.3165810976562499,2.7272487030277537,-0.6948932379314969,-0.9581562394305009,22.625,5,,,,
AlphaBreakoutHi,2019,ALL,118,49,69,41.52542372881356,-2.566929408,-25.66929408,-0.21731587813878592,0.8821032605550688,192.05762696000002,217.72692104,-0.2175363905084746,3.4876460983739728,-0.6243600211472227,-0.9104684314836152,23.635593220338983,9,4.258176552658,-0.3434078499334474,-0.8031833685674231,0.0
AlphaBreakoutHi,2019,BTC/USDT,58,25,33,43.103448275862064,-1.1507858100000006,-11.507858100000005,-0.198190810670757,0.8852296495928705,88.76070481000001,100.26856291000001,-0.19841134655172424,2.6194092048234174,-0.4365143580614128,-0.6545300620530237,25.017241379310345,4,,,,
AlphaBreakoutHi,2019,ETH/USDT,60,24,36,40.0,-1.4161435979999997,-14.161435979999997,-0.23580344335788053,0.8794344122848502,103.29692215,117.45835813,-0.23602393299999994,2.6071070497824103,-0.49041203697090696,-0.6826587981602754,22.3,5,,,,
AlphaReversion,2019,ALL,1,1,0,100.0,0.007961187,0.07961187,0.07953700887086866,,0.07961187,-0.0,0.07961187,0.0,0.9999999999999999,,17.0,0,0.1965469380537172,-100.0,-100.0,0.0
AlphaReversion,2019,BTC/USDT,0,0,0,,0.0,0.0,,,0.0,-0.0,,0.0,,,,0,,,,
AlphaReversion,2019,ETH/USDT,1,1,0,100.0,0.007961187,0.07961187,0.07953700887086866,,0.07961187,-0.0,0.07961187,0.0,0.9999999999999999,,17.0,0,,,,
AlphaReversionLo,2019,ALL,1,1,0,100.0,0.007961187,0.07961187,0.07953700887086866,,0.07961187,-0.0,0.07961187,0.0,0.9999999999999999,,17.0,0,0.1965469380537172,-100.0,-100.0,0.0
AlphaReversionLo,2019,BTC/USDT,0,0,0,,0.0,0.0,,,0.0,-0.0,,0.0,,,,0,,,,
AlphaReversionLo,2019,ETH/USDT,1,1,0,100.0,0.007961187,0.07961187,0.07953700887086866,,0.07961187,-0.0,0.07961187,0.0,0.9999999999999999,,17.0,0,,,,
AlphaReversionHi,2019,ALL,1,1,0,100.0,0.007961187,0.07961187,0.07953700887086866,,0.07961187,-0.0,0.07961187,0.0,0.9999999999999999,,17.0,0,0.1965469380537172,-100.0,-100.0,0.0
AlphaReversionHi,2019,BTC/USDT,0,0,0,,0.0,0.0,,,0.0,-0.0,,0.0,,,,0,,,,
AlphaReversionHi,2019,ETH/USDT,1,1,0,100.0,0.007961187,0.07961187,0.07953700887086866,,0.07961187,-0.0,0.07961187,0.0,0.9999999999999999,,17.0,0,,,,
AlphaSqueeze,2019,ALL,198,70,128,35.35353535353536,6.251379508999999,62.51379508999999,0.3155095374355146,1.3295798873155562,252.19100992,189.67721483000003,0.31572623782828274,3.8934354907240607,1.1538488502989155,2.6582693035762377,13.171717171717171,14,3.9759969667620694,1.1557103406825195,3.0246079059664583,0.0
AlphaSqueeze,2019,BTC/USDT,104,35,69,33.65384615384615,2.8699965020000007,28.699965020000008,0.2758175073153587,1.3018109926100085,123.79247564,95.09251062000001,0.27596120211538466,2.8211825112838214,0.9534710961412192,2.013293904677539,13.961538461538462,9,,,,
AlphaSqueeze,2019,ETH/USDT,94,35,59,37.234042553191486,3.3813830069999993,33.813830069999995,0.35942412395143153,1.3574978676776897,128.39853427999998,94.58470420999998,0.35972159648936164,1.7500779437486573,1.0507192583527687,2.3866993121512343,12.297872340425531,8,,,,
AlphaSqueezeLo,2019,ALL,171,57,114,33.33333333333333,3.1563393860000013,31.563393860000012,0.18443492885518087,1.1878130263693876,199.62092677000004,168.05753291,0.18458125064327494,3.3723971360404352,0.7167383449270992,1.4331385959095129,12.947368421052632,12,3.6904728820445514,0.5986685499369736,1.4995906882858367,0.0
AlphaSqueezeLo,2019,BTC/USDT,90,29,61,32.22222222222222,1.5655326260000009,15.655326260000008,0.1737961062515313,1.189718376829291,98.17409182,82.51876556,0.17394806955555564,2.5101732088334283,0.5905983972364529,1.1858381552071982,13.71111111111111,9,,,,
AlphaSqueezeLo,2019,ETH/USDT,81,28,53,34.5679012345679,1.59080676,15.908067599999999,0.19625584285923592,1.185974945546138,101.44683495,85.53876734999999,0.19639589629629628,1.5759389997380462,0.5649763689301461,1.1699699442774716,12.098765432098766,6,,,,
AlphaSqueezeHi,2019,ALL,216,77,139,35.648148148148145,6.476414717000002,64.76414717000002,0.29958607440106944,1.3025714202688672,278.80996522000004,214.04581805,0.299834014675926,4.2641016291150775,1.1224615457107756,2.495134942887735,13.13425925925926,15,4.57814955441204,1.1729609938553154,2.890291694740025,0.0
AlphaSqueezeHi,2019,BTC/USDT,109,37,72,33.94495412844037,2.2079132290000003,22.079132290000004,0.20240504522988173,1.2059068121055296,129.30789302999997,107.22876074,0.20256084669724775,3.348864367445904,0.7039890497195747,1.384397807333328,13.63302752293578,10,,,,
AlphaSqueezeHi,2019,ETH/USDT,107,40,67,37.38317757009346,4.268501488,42.685014880000004,0.39858357140723255,1.3996086014251576,149.50207218999998,106.81705730999998,0.3989253727102804,2.0208664079438803,1.2249880362361578,2.7642509768829,12.626168224299066,7,,,,
AlphaMomentum,2019,ALL,100,30,70,30.0,-1.1021401750000004,-11.021401750000004,-0.11001430678071664,0.92199586411654,130.27112877,141.29253051999999,-0.11021401750000004,3.749764258259954,-0.344674470367265,-0.572114682106203,11.389999999999999,12,4.155304497113263,-0.17239634223649122,-0.33872299267390443,0.0
AlphaMomentum,2019,BTC/USDT,55,17,38,30.909090909090907,0.9709749520000001,9.70974952,0.17661752090873364,1.1422729896186463,77.95706439,68.24731487,0.17654090036363637,1.722986362412529,0.43508633904607996,0.8103855838516872,12.036363636363635,7,,,,
AlphaMomentum,2019,ETH/USDT,45,13,32,28.888888888888886,-2.0731151270000003,-20.73115127,-0.4603420961789337,0.7161874178134486,52.31406438,73.04521564999999,-0.4606922504444445,4.017028221955341,-0.9685190052584604,-1.4142058222836078,10.6,14,,,,
AlphaMomentumLo,2019,ALL,136,43,93,31.61764705882353,-2.602763767,-26.027637669999997,-0.19116204287828453,0.861189762153008,161.47753538999999,187.50517305999998,-0.19137968874999997,4.831289282418667,-0.652170398166209,-1.0577253752203768,11.382352941176471,11,5.454998482069844,-0.42838079117331823,-0.8545520516131475,0.0
AlphaMomentumLo,2019,BTC/USDT,73,24,49,32.87671232876712,0.5833998810000003,5.833998810000003,0.07996705867361069,1.067990511380282,91.64007221,85.8060734,0.07991779191780826,1.9006126431748875,0.24014562589494992,0.43312366597198493,11.589041095890412,7,,,,
AlphaMomentumLo,2019,ETH/USDT,63,19,44,30.158730158730158,-3.1861636480000004,-31.861636480000005,-0.5053275097558775,0.6867067989144476,69.83746317999999,101.69909965999999,-0.5057402615873017,5.258017088503243,-1.196818984781348,-1.627397711615261,11.142857142857142,13,,,,
AlphaMomentumHi,2019,ALL,52,21,31,40.38461538461539,1.6219114510000003,16.219114510000004,0.3117608281335597,1.2161838141188006,91.24376229,75.02464778,0.31190604826923085,2.5801042302326054,0.6171523390527438,1.1678195814747123,11.23076923076923,7,2.6075753939082795,0.22878034515639664,0.4659437985834122,0.0
AlphaMomentumHi,2019,BTC/USDT,30,13,17,43.333333333333336,1.8465192009999996,18.465192009999996,0.6152026221221923,1.5024660313786795,55.21432699,36.749134979999994,0.6155064003333331,1.3497464990445192,1.0150185647978445,2.1964523132501323,12.133333333333333,5,,,,
AlphaMomentumHi,2019,ETH/USDT,22,8,14,36.36363636363637,-0.22460774999999997,-2.2460774999999997,-0.10202343639639404,0.9413181604715167,36.029435299999996,38.2755128,-0.1020944318181818,1.9599428384824462,-0.11383368702416632,-0.1642689689658914,10.0,7,,,,
LabBaseline,2020,ALL,210,80,130,38.095238095238095,6.083255296999999,60.832552969999995,0.2896071755226553,1.223960942667295,332.45381088,271.62125790999994,0.28967882366666664,5.2762304542538505,1.0226876950899921,1.656135937199005,30.380952380952383,11,5.64867658909846,0.9209185764099908,1.9345493665856726,0.0
LabBaseline,2020,BTC/USDT,108,41,67,37.96296296296296,3.4023734400000003,34.0237344,0.31509152351786185,1.2957876027660733,149.05132204,115.02758764000001,0.3150345777777778,2.794911931852409,1.0568203504134737,1.831877309854355,33.06481481481482,9,,,,
LabBaseline,2020,ETH/USDT,102,39,63,38.23529411764706,2.6808818569999984,26.808818569999982,0.262623748233613,1.171199886456305,183.40248884,156.59367026999996,0.26283155460784297,2.627611874328367,0.6920166886789428,1.1036555226015405,27.53921568627451,6,,,,
AlphaTrend,2020,ALL,97,29,68,29.896907216494846,-1.6990052770000001,-16.990052770000002,-0.1750552686294984,0.8744015193323207,118.28270434999999,135.27275712,-0.1751551831958763,5.491148909822511,-0.4875168190953919,-0.7553025822940299,19.92783505154639,14,5.7423679806057875,-0.28283719586563666,-0.6800102706425719,0.0
AlphaTrend,2020,BTC/USDT,51,12,39,23.52941176470588,-2.152961812,-21.52961812,-0.4219408869676408,0.688750280333196,47.64190802,69.17152614000001,-0.42214937490196075,3.859794650977465,-1.072693277362306,-1.5994987929653317,19.745098039215687,18,,,,
AlphaTrend,2020,ETH/USDT,46,17,29,36.95652173913043,0.45395653499999983,4.539565349999998,0.09866574300626825,1.0686759578104303,70.64079633,66.10123098000001,0.09868620326086953,1.9700484687084685,0.19481010429175125,0.31902447000709855,20.130434782608695,6,,,,
AlphaTrendLo,2020,ALL,134,35,99,26.119402985074625,-4.236196427,-42.36196427,-0.3159124440623746,0.7731268786702039,144.35898364000002,186.72094790999998,-0.31613406171641795,7.310033643737851,-1.0796045239619592,-1.5653033195914676,18.238805970149254,15,7.51657764572516,-0.7312828644498496,-1.6018044030456584,0.0
AlphaTrendLo,2020,BTC/USDT,68,15,53,22.058823529411764,-2.4221210479999993,-24.221210479999993,-0.3560544917380998,0.7057437964107087,58.09212798,82.31333846,-0.35619427176470575,4.066518722590324,-1.1089647362053194,-1.6912255278111874,18.676470588235293,16,,,,
AlphaTrendLo,2020,ETH/USDT,66,20,46,30.303030303030305,-1.8140753789999997,-18.140753789999998,-0.27455397069950627,0.8262506546643281,86.26685565999999,104.40760945,-0.2748599059090909,3.503989833205281,-0.6619279946829301,-0.9910640398981488,17.78787878787879,6,,,,
AlphaTrendHi,2020,ALL,63,17,46,26.984126984126984,-1.9208583229999996,-19.208583229999995,-0.3046651229555617,0.7796999230309032,67.98422893,87.19281216,-0.30489814650793645,4.4656767641124455,-0.723157225324742,-1.0723473673845074,21.523809523809522,24,4.8150241214032095,-0.3392845159912576,-0.8170685255557599,0.0
AlphaTrendHi,2020,BTC/USDT,35,8,27,22.857142857142858,-2.0275003429999994,-20.275003429999995,-0.5788814769877423,0.5767605362804945,27.62932773,47.90433116,-0.5792858122857142,3.8607815206812677,-1.281452681984616,-1.7826749118827672,21.285714285714285,15,,,,
AlphaTrendHi,2020,ETH/USDT,28,9,19,32.142857142857146,0.10664202,1.0664202,0.03810531958466388,1.027143329873201,40.3549012,39.28848100000001,0.038086435714285716,1.4802063173438926,0.06079850287982457,0.10366029627072838,21.82142857142857,9,,,,
AlphaBreakout,2020,ALL,143,74,69,51.74825174825175,13.946771860000002,139.4677186,0.9745498716949413,1.8396091937486128,305.57799900000003,166.11028040000002,0.9752987314685315,1.8808656849603804,2.6112427296470546,5.626683879747354,23.783216783216783,7,2.310202136512254,1.9917056313367907,4.603259450090707,0.0
AlphaBreakout,2020,BTC/USDT,70,32,38,45.714285714285715,4.793941702,47.93941702,0.6844465602337946,1.6033329951401436,127.39705882999999,79.45764181,0.6848488145714285,1.1702686791683343,1.5115209722467224,3.0658126071427505,26.47142857142857,6,,,,
AlphaBreakout,2020,ETH/USDT,73,42,31,57.534246575342465,9.152830157999999,91.52830157999999,1.2527311292604244,2.0562667573583004,178.18094017,86.65263859,1.2538123504109588,1.0869562072176047,2.384133925702473,5.262222498641164,21.205479452054796,3,,,,
AlphaBreakoutLo,2020,ALL,146,74,72,50.68493150684932,13.120918259000002,131.20918259,0.8979466188276151,1.7524608933203043,305.58260685000005,174.37342426,0.8986930314383562,2.2749973611734844,2.4316010551478646,5.080219652629792,24.04109589041096,7,2.705620773460776,1.8719346050740022,4.381652547974872,0.0
AlphaBreakoutLo,2020,BTC/USDT,72,32,40,44.44444444444444,4.178014356,41.78014356,0.579835111518737,1.4879630966321917,127.40166668,85.62152312,0.5802797716666667,1.5250120134204894,1.3024967476265168,2.5621293934777154,26.625,6,,,,
AlphaBreakoutLo,2020,ETH/USDT,74,42,32,56.75675675675676,8.942903903,89.42903903,1.2074605178308475,2.00762955926918,178.18094017,88.75190114,1.2085005274324323,1.089129179078472,2.325137768016155,5.104386184063115,21.527027027027028,3,,,,
AlphaBreakoutHi,2020,ALL,141,71,70,50.35460992907801,12.236114493,122.36114493000001,0.8671256790520051,1.7327447268423335,289.35128549000007,166.99014056,0.8678095385106384,1.9018753869960003,2.3762154880048434,4.884113283830693,23.886524822695037,7,2.3359848061134465,1.7564683386110755,4.040963466953418,0.0
AlphaBreakoutHi,2020,BTC/USDT,69,31,38,44.927536231884055,3.794991409,37.94991409,0.5496439440842863,1.477611885094026,117.4075559,79.45764181,0.5499987549275362,1.172496048507179,1.2262242050313183,2.4269657891035052,26.782608695652176,6,,,,
AlphaBreakoutHi,2020,ETH/USDT,72,40,32,55.55555555555556,8.441123084,84.41123084,1.1713790083960691,1.9643416107780198,171.94372959,87.53249875,1.1723782061111112,1.0921476517765254,2.215700426271634,4.846827548005186,21.11111111111111,3,,,,
AlphaReversion,2020,ALL,1,1,0,100.0,0.099877061,0.99877061,0.9978405256748963,,0.99877061,-0.0,0.99877061,0.0,0.9986329453622239,,18.0,0,0.04315723717907846,-100.0,-100.0,0.0
AlphaReversion,2020,BTC/USDT,1,1,0,100.0,0.099877061,0.99877061,0.9978405256748963,,0.99877061,-0.0,0.99877061,0.0,0.9986329453622239,,18.0,0,,,,
AlphaReversion,2020,ETH/USDT,0,0,0,,0.0,0.0,,,0.0,-0.0,,0.0,,,,0,,,,
AlphaReversionLo,2020,ALL,1,1,0,100.0,0.099877061,0.99877061,0.9978405256748963,,0.99877061,-0.0,0.99877061,0.0,0.9986329453622239,,18.0,0,0.04315723717907846,-100.0,-100.0,0.0
AlphaReversionLo,2020,BTC/USDT,1,1,0,100.0,0.099877061,0.99877061,0.9978405256748963,,0.99877061,-0.0,0.99877061,0.0,0.9986329453622239,,18.0,0,,,,
AlphaReversionLo,2020,ETH/USDT,0,0,0,,0.0,0.0,,,0.0,-0.0,,0.0,,,,0,,,,
AlphaReversionHi,2020,ALL,1,1,0,100.0,0.099877061,0.99877061,0.9978405256748963,,0.99877061,-0.0,0.99877061,0.0,0.9986329453622239,,18.0,0,0.04315723717907846,-100.0,-100.0,0.0
AlphaReversionHi,2020,BTC/USDT,1,1,0,100.0,0.099877061,0.99877061,0.9978405256748963,,0.99877061,-0.0,0.99877061,0.0,0.9986329453622239,,18.0,0,,,,
AlphaReversionHi,2020,ETH/USDT,0,0,0,,0.0,0.0,,,0.0,-0.0,,0.0,,,,0,,,,
AlphaSqueeze,2020,ALL,219,88,131,40.182648401826484,11.881360222999998,118.81360222999999,0.5421632750515102,1.6248753074633908,308.9533002,190.13969797,0.5425278640639268,1.431758288577482,2.392260371989712,5.0703162551396055,14.17351598173516,9,1.761881716736225,2.162938532045902,5.628117445563309,0.0
AlphaSqueeze,2020,BTC/USDT,110,43,67,39.09090909090909,5.1834885590000015,51.83488559000001,0.4710028564189026,1.5713343048313668,142.56090213,90.72601654,0.47122623263636376,1.0939832976550872,1.7388741939246464,3.6597343407410055,15.027272727272727,4,,,,
AlphaSqueeze,2020,ETH/USDT,109,45,64,41.284403669724774,6.697871663999999,66.97871663999999,0.6139765415614812,1.6737374139711507,166.39239807,99.41368143,0.6144836388990824,1.0726398996322617,2.121122268888023,4.509006269561213,13.311926605504588,5,,,,
AlphaSqueezeLo,2020,ALL,190,74,116,38.94736842105263,9.730698393,97.30698393,0.5116889183008111,1.5753595431703584,266.43076937000006,169.12378543999998,0.5121420206842106,1.9700395964183184,2.035010422705768,4.29516712320864,13.852631578947369,8,2.3826432672199145,1.755226953715217,4.4770743166498,0.0
AlphaSqueezeLo,2020,BTC/USDT,98,35,63,35.714285714285715,3.2101966269999997,32.10196627,0.3272278687584359,1.3697122733908766,118.93155939000002,86.82959312,0.32757108438775506,1.3562374059708677,1.1808029957188209,2.2886664522197067,14.479591836734695,7,,,,
AlphaSqueezeLo,2020,ETH/USDT,92,39,53,42.391304347826086,6.520501766000002,65.20501766000002,0.708180036291602,1.792340453460568,147.49920998000002,82.29419232000001,0.708750191956522,0.9729740384401177,2.1610253665251036,4.682360226186165,13.184782608695652,4,,,,
AlphaSqueezeHi,2020,ALL,241,95,146,39.41908713692946,12.259942344999999,122.59942344999999,0.5083645348408452,1.5638314469432457,340.03927026,217.43984681,0.5087113006224065,2.394143865026696,2.297562779027483,4.793598113615133,14.12863070539419,11,2.5294114965660466,2.2044477664838467,5.653989562769849,0.0
AlphaSqueezeHi,2020,BTC/USDT,121,46,75,38.01652892561984,5.108825557000001,51.08825557000001,0.42201462560426056,1.4797945160248196,157.56770429999997,106.47944873000002,0.42221698818181824,1.3750346666094382,1.6088338175315864,3.2668345095829454,14.611570247933884,7,,,,
AlphaSqueezeHi,2020,ETH/USDT,120,49,71,40.833333333333336,7.151116788,71.51116788,0.5954340266544014,1.6444746875226786,182.47156596000002,110.96039808,0.595926399,1.5089085324534224,2.1236950799501697,4.427904851434619,13.641666666666667,6,,,,
AlphaMomentum,2020,ALL,134,47,87,35.07462686567165,-0.14015646399999956,-1.4015646399999957,-0.01047235940958958,0.9917324241591519,168.1239005,169.52546514,-0.010459437611940266,2.8250022254701883,-0.03427699628405664,-0.0570230156335492,13.134328358208956,13,2.9717992394491377,-0.02367985544641698,-0.053256994730580605,0.0
AlphaMomentum,2020,BTC/USDT,66,28,38,42.42424242424242,2.32807947,23.2807947,0.35245257597941265,1.322533410341726,95.46182759,72.18103289000001,0.3527393136363637,1.1364600119999977,0.8334622929836722,1.6246760176647221,14.833333333333334,6,,,,
AlphaMomentum,2020,ETH/USDT,68,19,49,27.941176470588236,-2.468235934000001,-24.68235934000001,-0.36272303199303296,0.7464430294625299,72.66207290999999,97.34443225,-0.36297587264705894,3.3638013264425255,-1.0183515695203857,-1.567435011340079,11.48529411764706,7,,,,
AlphaMomentumLo,2020,ALL,201,72,129,35.82089552238806,0.49507477600000005,4.9507477600000005,0.02465662187250871,1.0202246810429716,249.73818097,244.78743321000002,0.02463058587064677,3.925432287220485,0.10390949041819342,0.17865113665572582,13.18407960199005,8,4.079574008227172,0.08521932931643543,0.18738978961062794,0.0
AlphaMomentumLo,2020,BTC/USDT,92,40,52,43.47826086956522,3.0363204260000005,30.363204260000007,0.3298904189806764,1.3309237776227492,122.11606795,91.75286369000001,0.33003482891304353,1.3746096979999947,1.0097387276365786,1.9395416324248627,15.282608695652174,5,,,,
AlphaMomentumLo,2020,ETH/USDT,109,32,77,29.357798165137616,-2.54124565,-25.4124565,-0.23297190412704563,0.8339430327428151,127.62211302,153.03456952000002,-0.2331418027522936,5.003205433805497,-0.7919902774965192,-1.2869529110666513,11.412844036697248,11,,,,
AlphaMomentumHi,2020,ALL,66,26,40,39.39393939393939,1.705737439,17.05737439,0.25845319106939396,1.1944745156920606,104.76744956,87.71007517000001,0.25844506651515153,1.9619165088967967,0.5742324481366639,0.9175300574460646,13.848484848484848,8,2.1527572906894323,0.2598424947683949,0.591460907907222,0.0
AlphaMomentumHi,2020,BTC/USDT,38,17,21,44.73684210526316,3.3790349540000006,33.79034954000001,0.888830385539866,1.9492529141085981,69.38713206000001,35.596782520000005,0.8892197247368423,1.14431089390653,1.5122230750785353,3.5987125806948916,15.710526315789474,6,,,,
AlphaMomentumHi,2020,ETH/USDT,28,9,19,32.142857142857146,-1.6732975150000002,-16.73297515,-0.5970587157119611,0.6789115732452188,35.3803175,52.11329265,-0.597606255357143,2.277035492507421,-0.917887549666277,-1.2368597373385206,11.321428571428573,5,,,,
LabBaseline,2021,ALL,203,79,124,38.91625615763547,-4.836963089999998,-48.369630899999976,-0.23824954509593502,0.874935493720171,338.38783001999997,386.75746092,-0.23827404384236442,9.733536906447618,-0.7094840245525224,-0.9978161302559243,24.334975369458128,20,10.109359807899127,-0.6366893826691926,-1.4324847090796977,0.0
LabBaseline,2021,BTC/USDT,98,38,60,38.775510204081634,-1.3724414299999987,-13.724414299999987,-0.1398930379829738,0.9196296852983625,157.04030587000003,170.76472016999998,-0.1400450438775509,3.6059751220195455,-0.3660679631319164,-0.5342495337208515,28.183673469387756,11,,,,
LabBaseline,2021,ETH/USDT,105,41,64,39.04761904761905,-3.46452166,-34.6452166,-0.33004895173469867,0.8396000880413848,181.34752415,215.99274075,-0.32995444380952377,6.946693494240183,-0.813590278966193,-1.134462811369031,20.742857142857144,9,,,,
AlphaTrend,2021,ALL,95,32,63,33.68421052631579,-1.2031730339999995,-12.031730339999996,-0.12656918958742913,0.916403502945792,131.89451973,143.92625006999998,-0.12664979305263152,4.6268025145708345,-0.337130678837308,-0.5231515414348142,15.178947368421053,14,5.115268903089772,-0.1865632452385177,-0.4871642966535321,0.0
AlphaTrend,2021,BTC/USDT,44,13,31,29.545454545454547,-1.5184964160000003,-15.184964160000003,-0.3454053094506668,0.7710617713003929,51.14281450000001,66.32777866,-0.34511282181818187,3.6320280993577314,-0.7235729460149646,-1.0715717616232037,13.75,7,,,,
AlphaTrend,2021,ETH/USDT,51,19,32,37.254901960784316,0.31532338199999976,3.153233819999998,0.06223060009850152,1.040635256889785,80.75170522999998,77.59847141,0.061828114117647014,3.367768665718861,0.12913968002199075,0.21275270379027605,16.411764705882355,11,,,,
AlphaTrendLo,2021,ALL,137,42,95,30.656934306569344,-4.8464306289999985,-48.46430628999999,-0.35419912309150364,0.7816133064251481,173.45537890999998,221.91968519999995,-0.3537540605109488,6.946610724678544,-1.1549824673418456,-1.6756272010037077,15.226277372262775,10,7.059381107899304,-0.7555889437078281,-1.7867148900521288,0.0
AlphaTrendLo,2021,BTC/USDT,67,18,49,26.865671641791046,-4.288816595999999,-42.888165959999995,-0.6413664725228161,0.6122691224659977,67.72506720000001,110.61323316000001,-0.6401218799999999,5.786015911990261,-1.660056905117972,-2.2764179543598466,14.940298507462687,10,,,,
AlphaTrendLo,2021,ETH/USDT,70,24,46,34.285714285714285,-0.557614033,-5.57614033,-0.0793389457786761,0.9499028113123567,105.73031171000001,111.30645204000001,-0.07965914757142857,3.95546011064903,-0.1906607193783565,-0.2966291809485694,15.5,8,,,,
AlphaTrendHi,2021,ALL,54,21,33,38.88888888888889,-0.19261262899999998,-1.9261262899999998,-0.03591122765273047,0.9769811624646226,81.74996234999999,83.67608863999999,-0.03566900537037037,4.213691048049084,-0.07114237199806506,-0.11278835525585512,16.666666666666668,7,4.350998740943016,-0.02854232178780684,-0.07404957095122687,0.0
AlphaTrendHi,2021,BTC/USDT,27,10,17,37.03703703703704,0.3189356550000002,3.189356550000002,0.1178667765693402,1.0845324631603008,40.9187262,37.72936965,0.11812431666666674,2.393918514311543,0.1846087176709644,0.3063666063183522,15.222222222222223,4,,,,
AlphaTrendHi,2021,ETH/USDT,27,11,16,40.74074074074074,-0.5115482839999996,-5.115482839999996,-0.18968923187480116,0.8886648937628525,40.831236149999995,45.94671899000001,-0.18946232740740726,2.2529842844205272,-0.26792960974348035,-0.40018572694300597,18.11111111111111,6,,,,
AlphaBreakout,2021,ALL,124,67,57,54.03225806451613,13.506355509999997,135.06355509999997,1.0889198501601507,1.9578904068833705,276.06460713,141.00105203,1.0892222185483869,1.827716804880098,2.8084904371612462,5.755918600285337,22.685483870967744,8,2.008164347534643,1.914007892853397,4.296461720550808,0.0
AlphaBreakout,2021,BTC/USDT,60,28,32,46.666666666666664,3.4903089949999986,34.90308994999999,0.5817979568155889,1.4643885775750252,110.06232434,75.15923439,0.5817181658333331,1.6397868580299073,1.2893625783269802,2.3013485682278803,24.35,6,,,,
AlphaBreakout,2021,ETH/USDT,64,39,25,60.9375,10.016046515,100.16046515,1.5643466251706766,2.5212287379069993,166.00228279,65.84181764,1.56500726796875,1.210952907951009,2.7253308850661395,6.490642459936692,21.125,4,,,,
AlphaBreakoutLo,2021,ALL,135,68,67,50.37037037037037,11.539858155,115.39858154999999,0.8545484503867119,1.696588570603935,281.06104921,165.66246766,0.8548043077777777,2.6437271174323023,2.3538972512465985,4.610097867421448,22.437037037037037,10,2.823018776093269,1.637014987400225,3.8333006567653793,0.0
AlphaBreakoutLo,2021,BTC/USDT,64,29,35,45.3125,3.4234957280000002,34.23495728,0.5350066051593034,1.4235751524739386,115.05876642000001,80.82380914,0.5349212075,1.6317493083552146,1.2322185537425663,2.191942264768278,23.890625,8,,,,
AlphaBreakoutLo,2021,ETH/USDT,71,39,32,54.929577464788736,8.116362427,81.16362427,1.1425861700283195,1.956682079677938,166.00228279,84.83865852,1.1431496376056338,2.2339819870081077,2.154436788967282,4.709117499413924,21.126760563380284,6,,,,
AlphaBreakoutHi,2021,ALL,117,66,51,56.41025641025641,14.469418467999997,144.69418467999998,1.2361673829847277,2.16741309683101,268.63847233,123.94428765,1.236702433162393,1.7416993698620875,3.166328699401328,6.612386303293071,23.025641025641026,6,1.84715291760242,2.079336374835456,4.612517737057643,0.0
AlphaBreakoutHi,2021,BTC/USDT,57,28,29,49.122807017543856,3.687667716000001,36.87667716000001,0.6467443534447839,1.5212207921104817,107.62726447,70.75058731,0.6469592484210528,1.6397868580299073,1.385330128317862,2.4604998658441324,24.56140350877193,6,,,,
AlphaBreakoutHi,2021,ETH/USDT,60,38,22,63.33333333333333,10.781750752,107.81750752,1.7961192610476735,3.026884891084079,161.01120786,53.19370033999999,1.7969584586666667,1.2026932700335522,3.034810360267778,8.05582889035912,21.566666666666666,4,,,,
AlphaReversion,2021,ALL,0,0,0,,0.0,0.0,,,0.0,-0.0,,0.0,,,,0,0.0,0.0,0.0,0.0
AlphaReversion,2021,BTC/USDT,0,0,0,,0.0,0.0,,,0.0,-0.0,,0.0,,,,0,,,,
AlphaReversion,2021,ETH/USDT,0,0,0,,0.0,0.0,,,0.0,-0.0,,0.0,,,,0,,,,
AlphaReversionLo,2021,ALL,0,0,0,,0.0,0.0,,,0.0,-0.0,,0.0,,,,0,0.0,0.0,0.0,0.0
AlphaReversionLo,2021,BTC/USDT,0,0,0,,0.0,0.0,,,0.0,-0.0,,0.0,,,,0,,,,
AlphaReversionLo,2021,ETH/USDT,0,0,0,,0.0,0.0,,,0.0,-0.0,,0.0,,,,0,,,,
AlphaReversionHi,2021,ALL,0,0,0,,0.0,0.0,,,0.0,-0.0,,0.0,,,,0,0.0,0.0,0.0,0.0
AlphaReversionHi,2021,BTC/USDT,0,0,0,,0.0,0.0,,,0.0,-0.0,,0.0,,,,0,,,,
AlphaReversionHi,2021,ETH/USDT,0,0,0,,0.0,0.0,,,0.0,-0.0,,0.0,,,,0,,,,
AlphaSqueeze,2021,ALL,208,85,123,40.86538461538461,6.598254834,65.98254834,0.3173706225754068,1.3105314403159716,278.46521442,212.48266607999997,0.3172237900961538,2.6826723550708644,1.4936909231813176,2.8129011460963698,13.04326923076923,11,2.8312562347158594,1.1938398614663859,3.2306463837311923,0.0
AlphaSqueeze,2021,BTC/USDT,113,45,68,39.823008849557525,2.4003521299999995,24.003521299999996,0.21263176825609179,1.2212363701994566,132.50069686999996,108.49717557,0.21242054247787606,1.9760972368576335,0.8589725229902715,1.6137703451220666,13.734513274336283,7,,,,
AlphaSqueeze,2021,ETH/USDT,95,40,55,42.10526315789473,4.197902704,41.97902704,0.4419547335025921,1.403700812816409,145.96451754999998,103.98549051,0.44188449515789474,1.2747491030491929,1.3548677021977393,2.468265984937946,12.221052631578948,6,,,,
AlphaSqueezeLo,2021,ALL,167,69,98,41.31736526946108,5.856125620999999,58.56125620999998,0.3509157785192946,1.3451916835836535,228.20977033999998,169.64851413000002,0.3506662048502993,2.1103558146739867,1.5022153371322566,2.750582317069805,12.904191616766466,7,2.185583597558237,1.0544682354219481,2.848769366349966,0.0
AlphaSqueezeLo,2021,BTC/USDT,86,34,52,39.53488372093023,1.0698844720000003,10.698844720000002,0.12463876995022294,1.1271416109003316,94.84788644000001,84.14904172,0.12440517116279072,1.636295360141041,0.44448713912739973,0.8107914031090931,13.604651162790699,5,,,,
AlphaSqueezeLo,2021,ETH/USDT,81,35,46,43.20987654320987,4.786241148999999,47.86241148999999,0.5911605036667039,1.5597977407449126,133.3618839,85.49947241000001,0.5908939690123456,1.0484458127105312,1.635354412574352,3.0895902956321497,12.160493827160495,6,,,,
AlphaSqueezeHi,2021,ALL,230,94,136,40.869565217391305,6.691547123000001,66.91547123000001,0.2910506001287294,1.2747412966786698,310.47358221999997,243.55811099,0.29093683143478266,2.799435447607023,1.412726058321858,2.639381887143596,12.97391304347826,12,3.0093542148951564,1.1890465349942192,3.10522370610625,0.0
AlphaSqueezeHi,2021,BTC/USDT,121,48,73,39.66942148760331,1.6058544149999996,16.058544149999996,0.13295298308462622,1.1301787121351223,139.41622596000002,123.35768181,0.13271524090909087,2.102916455606052,0.5473166783892547,0.9713434864197589,13.71900826446281,8,,,,
AlphaSqueezeHi,2021,ETH/USDT,109,46,63,42.201834862385326,5.085692708000001,50.856927080000006,0.46655345941622,1.423101044039051,171.05735626,120.20042917999999,0.4665773126605505,1.478566908500503,1.5186243519097202,2.8431386720599074,12.146788990825687,7,,,,
AlphaMomentum,2021,ALL,114,45,69,39.473684210526315,-0.28837793199999984,-2.883779319999998,-0.02616196494475335,0.9810189648968293,149.04572843999998,151.92950775999998,-0.025296309824561387,5.146384291764569,-0.07488323562135189,-0.1216860714825248,13.24561403508772,9,5.493567572418918,-0.04750541465553173,-0.10207311022770661,0.0
AlphaMomentum,2021,BTC/USDT,50,14,36,28.000000000000004,-4.620962682,-46.20962682,-0.9256966206851507,0.3637985702275241,26.42401507,72.63364188999999,-0.9241925364,4.6826798419999935,-2.7144946314605756,-3.1537621489004115,14.18,6,,,,
AlphaMomentum,2021,ETH/USDT,64,31,33,48.4375,4.332584749999999,43.32584749999999,0.6765994848524319,1.5463821729499707,122.62171337000002,79.29586587,0.6769663671874998,3.0368567216229545,1.3108886086529385,2.6355121933462082,12.515625,9,,,,
AlphaMomentumLo,2021,ALL,173,62,111,35.83815028901734,1.0745027209999998,10.745027209999998,0.061704276579928004,1.0518576964939346,217.94719654,207.20216933,0.06210998387283236,4.10208628476225,0.24589632539221531,0.40833351623289915,12.861271676300579,10,4.263475526664565,0.18583798940818227,0.41428324567528846,0.0
AlphaMomentumLo,2021,BTC/USDT,77,24,53,31.16883116883117,-4.109309817000001,-41.093098170000005,-0.534447404327243,0.6036768742937891,62.5927468,103.68584497,-0.5336765996103897,4.805016696940183,-1.8411919960026693,-2.491236045597748,13.493506493506493,6,,,,
AlphaMomentumLo,2021,ETH/USDT,96,38,58,39.58333333333333,5.183812538,51.838125379999994,0.5398676039742214,1.5007724694679259,155.35444974000004,103.51632436000001,0.5399804727083333,2.9335916748364492,1.4980612021493698,3.0913460152161854,12.354166666666666,6,,,,
AlphaMomentumHi,2021,ALL,63,21,42,33.33333333333333,-2.6801190230000005,-26.801190230000003,-0.42643993165908795,0.7265519581198998,71.21081250999998,98.01200274,-0.425415717936508,6.300440681945988,-0.9329587135524764,-1.4919516077223505,12.555555555555555,10,6.36945750815546,-0.446597271843405,-0.9803686229156238,0.0
AlphaMomentumHi,2021,BTC/USDT,23,5,18,21.73913043478261,-3.3701913410000004,-33.70191341,-1.467350516949081,0.14530313838983905,5.7295095,39.43142291,-1.4653005830434784,3.3701913409999973,-3.051579505158618,-3.139681382557483,14.043478260869565,9,,,,
AlphaMomentumHi,2021,ETH/USDT,40,16,24,40.0,0.6900723180000001,6.900723180000001,0.17208365488265825,1.1177988200189517,65.48130301,58.580579830000005,0.17251807950000003,3.336790831932522,0.26540158040507067,0.5252730794231026,11.7,8,,,,
LabBaseline,2022,ALL,213,64,149,30.046948356807512,-9.838880974,-98.38880974,-0.46228283159880784,0.7059943013591382,236.26051915,334.64932889,-0.4619192945539906,10.876934538244916,-1.6691724199517373,-2.222492333639365,24.68075117370892,24,11.070495316130437,-1.5727421572241786,-2.882196627372961,0.0
LabBaseline,2022,BTC/USDT,106,27,79,25.471698113207548,-5.512848191000001,-55.128481910000005,-0.5202375365397097,0.6362486394152476,96.42691522,151.55539712999996,-0.5200800180188679,6.047764530712695,-1.7965643711671073,-2.4653948420726337,26.40566037735849,20,,,,
LabBaseline,2022,ETH/USDT,107,37,70,34.57943925233645,-4.3260327830000005,-43.26032783,-0.40486975941436304,0.7637260426156245,139.83360393,183.09393176,-0.40430212925233644,6.030111740200177,-1.151726323249755,-1.5785732857232864,22.97196261682243,12,,,,
AlphaTrend,2022,ALL,69,26,43,37.68115942028986,0.3807770090000001,3.807770090000001,0.055235373965623884,1.0401975028384778,98.53430336,94.72653327,0.055185073768115954,4.105422471811152,0.12799623285315692,0.19855279010787946,19.753623188405797,11,4.424675210891499,0.05988298870197734,0.14506223021679732,0.0
AlphaTrend,2022,BTC/USDT,39,13,26,33.33333333333333,-0.004416962000000019,-0.04416962000000019,-0.0008256428500312134,0.9990796885999139,47.950041899999995,47.99421151999999,-0.0011325543589743637,2.272845093154676,-0.0023709556801281093,-0.004067492601255576,21.076923076923077,8,,,,
AlphaTrend,2022,ETH/USDT,30,13,17,43.333333333333336,0.3851939709999999,3.851939709999999,0.12811469582597557,1.082425601077695,50.58426145999999,46.732321750000004,0.1283979903333333,2.0398823299259683,0.18711585382653312,0.2933884998872512,18.033333333333335,4,,,,
AlphaTrendLo,2022,ALL,95,30,65,31.57894736842105,-0.5965620170000003,-5.965620170000003,-0.06273594413900763,0.9504702601671154,114.47959497,120.44521514,-0.06279600178947371,4.517203245575705,-0.19379196338441895,-0.3057745529320359,18.273684210526316,15,4.760924956545717,-0.10302650653431472,-0.251960211673502,0.0
AlphaTrendLo,2022,BTC/USDT,52,15,37,28.846153846153843,-0.5135251390000002,-5.135251390000001,-0.09837416602391671,0.9130062290799416,53.89485313000001,59.030104519999995,-0.09875483442307695,2.5644511478584278,-0.2621047490132592,-0.4523072571865074,19.69230769230769,13,,,,
AlphaTrendLo,2022,ETH/USDT,43,15,28,34.883720930232556,-0.08303687799999979,-0.8303687799999979,-0.019638559534001516,0.9864794059374437,60.58474183999999,61.41511062000001,-0.01931090186046507,2.113706824203975,-0.039397803296880994,-0.06411685093790144,16.558139534883722,9,,,,
AlphaTrendHi,2022,ALL,45,18,27,40.0,1.1816416829999996,11.816416829999996,0.26250680246490726,1.2129847671962795,67.29651987,55.480103039999996,0.2625870406666666,2.7963421431074234,0.5328439299751636,0.888757127176261,20.42222222222222,9,3.1193177668158723,0.18937981368717635,0.48551779180976545,0.0
AlphaTrendHi,2022,BTC/USDT,25,8,17,32.0,-0.27992737700000003,-2.79927377,-0.11161254483921254,0.906252992247295,27.060599489999998,29.859873260000004,-0.11197095080000001,2.2396099751881415,-0.2012098865522596,-0.34576449905132034,21.8,10,,,,
AlphaTrendHi,2022,ETH/USDT,20,10,10,50.0,1.46156906,14.615690599999999,0.7301559865950572,1.570474610317878,40.235920379999996,25.620229780000003,0.73078453,1.2046968842644217,0.8540020102767567,1.5195437295940544,18.7,4,,,,
AlphaBreakout,2022,ALL,95,44,51,46.31578947368421,4.021705420999999,40.21705420999999,0.4232304967734286,1.3427756008499974,157.54469979000004,117.32764558,0.42333741273684206,2.172256611646497,1.090968243315698,1.9127284297231644,24.91578947368421,7,2.476183412068576,0.6193823186523244,1.440599859152345,0.0
AlphaBreakout,2022,BTC/USDT,43,22,21,51.162790697674424,3.7734221369999994,37.73422136999999,0.8779602409013759,1.9883754353880354,75.91224564999999,38.17802428,0.8775400318604649,0.8106277755217489,1.6606101967238285,3.579847687929689,27.58139534883721,4,,,,
AlphaBreakout,2022,ETH/USDT,52,22,30,42.30769230769231,0.248283284,2.48283284,0.0472039775907026,1.0313688530560283,81.63245414,79.1496213,0.04774678538461538,1.953988760991552,0.09493885285404478,0.15266231754207119,22.71153846153846,7,,,,
AlphaBreakoutLo,2022,ALL,107,51,56,47.66355140186916,4.784932685000001,47.84932685000001,0.44698609633660485,1.372269523557049,176.38342330999998,128.53409646,0.4471899705607478,2.5294744767692223,1.1963059566123968,2.135439263535012,25.074766355140188,7,2.8300071556733237,0.7460640459262313,1.727750736454805,0.0
AlphaBreakoutLo,2022,BTC/USDT,47,24,23,51.06382978723404,3.57818756,35.7818756,0.7616875149590077,1.849529166884175,77.90153081,42.11965521,0.7613165021276596,0.8934548886499537,1.5528801313625247,3.2230518452633867,28.191489361702125,5,,,,
AlphaBreakoutLo,2022,ETH/USDT,60,27,33,45.0,1.206745125,12.067451250000001,0.20046998508238936,1.1396462336091309,98.4818925,86.41444124999998,0.20112418750000002,2.038670248593749,0.43121983406298703,0.7132047260226535,22.633333333333333,6,,,,
AlphaBreakoutHi,2022,ALL,87,38,49,43.67816091954023,2.1285889239999998,21.285889239999996,0.24460673530893906,1.1937134359857642,131.1692803,109.88339106,0.24466539356321834,2.522571436330109,0.6393405609504188,1.043629655795717,25.2183908045977,10,2.875846137913761,0.33594922480346856,0.7563871932477231,0.0
AlphaBreakoutHi,2022,BTC/USDT,39,20,19,51.28205128205128,3.151855315,31.518553150000002,0.8089342731243229,1.9167088007543696,65.90084895000001,34.38229580000001,0.8081680294871796,0.8117990730768888,1.5671048081539507,3.1761230259535305,28.69230769230769,4,,,,
AlphaBreakoutHi,2022,ETH/USDT,48,18,30,37.5,-1.0232663910000004,-10.232663910000005,-0.21390938916606006,0.8644699937827098,65.26843134999999,75.50109526,-0.2131804981250001,2.2010294956095238,-0.42015992631088295,-0.6458323396123422,22.395833333333332,6,,,,
AlphaReversion,2022,ALL,0,0,0,,0.0,0.0,,,0.0,-0.0,,0.0,,,,0,0.0,0.0,0.0,0.0
AlphaReversion,2022,BTC/USDT,0,0,0,,0.0,0.0,,,0.0,-0.0,,0.0,,,,0,,,,
AlphaReversion,2022,ETH/USDT,0,0,0,,0.0,0.0,,,0.0,-0.0,,0.0,,,,0,,,,
AlphaReversionLo,2022,ALL,0,0,0,,0.0,0.0,,,0.0,-0.0,,0.0,,,,0,0.0,0.0,0.0,0.0
AlphaReversionLo,2022,BTC/USDT,0,0,0,,0.0,0.0,,,0.0,-0.0,,0.0,,,,0,,,,
AlphaReversionLo,2022,ETH/USDT,0,0,0,,0.0,0.0,,,0.0,-0.0,,0.0,,,,0,,,,
AlphaReversionHi,2022,ALL,0,0,0,,0.0,0.0,,,0.0,-0.0,,0.0,,,,0,0.0,0.0,0.0,0.0
AlphaReversionHi,2022,BTC/USDT,0,0,0,,0.0,0.0,,,0.0,-0.0,,0.0,,,,0,,,,
AlphaReversionHi,2022,ETH/USDT,0,0,0,,0.0,0.0,,,0.0,-0.0,,0.0,,,,0,,,,
AlphaSqueeze,2022,ALL,188,61,127,32.4468085106383,-4.354304057,-43.54304057,-0.23176118242471283,0.7903676732320667,164.1684381,207.71147867000008,-0.23161191792553193,5.47231629940309,-1.1519551182748247,-1.690756328483233,12.537234042553191,13,5.6304759257342285,-0.926570891471704,-2.3570824385732947,0.0
AlphaSqueeze,2022,BTC/USDT,87,26,61,29.88505747126437,-3.6255409700000008,-36.25540970000001,-0.4171657453995589,0.6031460783306996,55.10165576000001,91.35706546,-0.4167288471264369,4.034151431999999,-1.812142904847235,-2.6236834895400643,13.126436781609195,8,,,,
AlphaSqueeze,2022,ETH/USDT,101,35,66,34.65346534653465,-0.7287630870000004,-7.287630870000004,-0.07205626184241969,0.937366957823533,109.06678234,116.35441321,-0.07215476108910894,2.368898735968837,-0.2554653466960225,-0.4362673640127515,12.029702970297029,12,,,,
AlphaSqueezeLo,2022,ALL,158,49,109,31.0126582278481,-5.128282716,-51.282827160000004,-0.32482053835655805,0.715489751992652,128.96666304,180.24949020000005,-0.324574855443038,6.81779495502825,-1.4884344016802824,-2.1358019320435924,12.639240506329115,16,6.974417425297376,-1.1096539565320587,-2.701242208043931,0.0
AlphaSqueezeLo,2022,BTC/USDT,76,22,54,28.947368421052634,-3.4579863160000004,-34.57986316,-0.4554117806779749,0.5771251890803295,47.19342356,81.77328672,-0.45499819947368425,4.0868487459999985,-1.8389016066278983,-2.6360633920303975,13.131578947368421,8,,,,
AlphaSqueezeLo,2022,ETH/USDT,82,27,55,32.926829268292686,-1.6702964000000002,-16.702964,-0.20378475279036692,0.8303857844865814,81.77323948,98.47620347999998,-0.2036946829268293,2.93613894019965,-0.6531319745955382,-1.063170559271361,12.182926829268293,9,,,,
AlphaSqueezeHi,2022,ALL,207,68,139,32.850241545893724,-3.748464146999999,-37.48464146999999,-0.18130324590448987,0.8344909709023131,188.99630445999998,226.48094593000002,-0.18108522449275358,4.362886117000005,-0.9292615520961302,-1.399785406755401,12.76328502415459,15,4.565466974281802,-0.7852497799677561,-2.0255675632813093,0.0
AlphaSqueezeHi,2022,BTC/USDT,94,29,65,30.851063829787233,-2.869726871,-28.697268710000003,-0.3057703860299738,0.7012938823396542,67.37464616999999,96.07191488,-0.3052900926595745,3.278337333000002,-1.3330545199525832,-2.042486703201044,13.574468085106384,8,,,,
AlphaSqueezeHi,2022,ETH/USDT,113,39,74,34.51327433628318,-0.8787372760000007,-8.787372760000007,-0.07776420898594569,0.9326168388090327,121.62165829,130.40903105,-0.07776436070796466,2.1347323264761684,-0.29175098871244076,-0.4942625081370604,12.088495575221238,10,,,,
AlphaMomentum,2022,ALL,66,20,46,30.303030303030305,-3.4597673029999996,-34.597673029999996,-0.5243009386260828,0.5223944456546002,37.842173439999996,72.43984646999999,-0.5242071671212121,4.568692623025106,-1.7701409813254396,-2.1807775649618057,15.893939393939394,7,4.800701782001844,-0.8325079802739986,-1.448500074222391,0.0
AlphaMomentum,2022,BTC/USDT,30,11,19,36.666666666666664,-1.2736911869999998,-12.736911869999998,-0.42448713102080693,0.5396931053755571,14.93356628,27.67047815,-0.42456372899999995,2.253275446357943,-1.2431266333329312,-1.619118698593444,18.2,5,,,,
AlphaMomentum,2022,ETH/USDT,36,9,27,25.0,-2.1860761159999997,-21.86076116,-0.6074791116304793,0.5117027114668032,22.90860716,44.76936832,-0.6072433655555556,2.6457291722226537,-1.4338278355307603,-1.9129260701449031,13.972222222222223,10,,,,
AlphaMomentumLo,2022,ALL,125,42,83,33.6,-4.554170684999999,-45.54170684999999,-0.36443209856423586,0.6768454417422712,95.38685406999998,140.92856092,-0.3643336547999999,5.08847897156516,-1.5753771477427982,-2.0617614292504505,14.168000000000001,8,5.243429318414013,-0.9749403509590985,-1.8422521947541561,0.0
AlphaMomentumLo,2022,BTC/USDT,56,19,37,33.92857142857143,-2.1602828780000003,-21.602828780000003,-0.385575485018031,0.6186835374329563,35.05045242,56.653281199999995,-0.3857647996428572,2.8853944395006645,-1.3934032923580124,-1.961425630682205,14.839285714285715,5,,,,
AlphaMomentumLo,2022,ETH/USDT,69,23,46,33.33333333333333,-2.3938878069999996,-23.938878069999998,-0.347272248688692,0.7159442466458064,60.336401650000006,84.27527972,-0.3469402618840579,2.4952855720000002,-1.0200588380736522,-1.4129717167808673,13.623188405797102,8,,,,
AlphaMomentumHi,2022,ALL,32,12,20,37.5,-0.4721589589999999,-4.721589589999999,-0.14730059899733572,0.8389290284112962,24.59213183,29.313721419999997,-0.14754967468749997,2.4691265610162394,-0.3642903488414702,-0.525991690760792,16.3125,13,2.8141178868625287,-0.10790570710219599,-0.19181367060329324,0.0
AlphaMomentumHi,2022,BTC/USDT,17,8,9,47.05882352941176,0.4869894419999998,4.869894419999998,0.2870919878522333,1.5247125391885124,14.150965589999998,9.28107117,0.2864643776470587,0.7628866484244298,0.6406283468288477,1.2693310126675417,19.235294117647058,5,,,,
AlphaMomentumHi,2022,ETH/USDT,15,4,11,26.666666666666668,-0.959148401,-9.59148401,-0.6396121974268473,0.5212074343483334,10.44116624,20.03265025,-0.6394322673333334,1.7198566277908975,-0.9069563097653044,-1.2217779913963682,13.0,8,,,,
