pair,signal_candle_open,decision_time,synthetic
BTC/USDT,2019-01-02 04:00:00+00:00,2019-01-02 05:00:00+00:00,False
BTC/USDT,2019-01-05 09:00:00+00:00,2019-01-05 10:00:00+00:00,False
BTC/USDT,2019-01-06 17:00:00+00:00,2019-01-06 18:00:00+00:00,False
BTC/USDT,2019-01-09 01:00:00+00:00,2019-01-09 02:00:00+00:00,False
BTC/USDT,2019-01-14 22:00:00+00:00,2019-01-14 23:00:00+00:00,False
BTC/USDT,2019-01-17 16:00:00+00:00,2019-01-17 17:00:00+00:00,False
BTC/USDT,2019-01-22 16:00:00+00:00,2019-01-22 17:00:00+00:00,False
BTC/USDT,2019-01-25 02:00:00+00:00,2019-01-25 03:00:00+00:00,False
BTC/USDT,2019-01-30 08:00:00+00:00,2019-01-30 09:00:00+00:00,False
BTC/USDT,2019-02-01 21:00:00+00:00,2019-02-01 22:00:00+00:00,False
BTC/USDT,2019-02-05 06:00:00+00:00,2019-02-05 07:00:00+00:00,False
BTC/USDT,2019-02-08 13:00:00+00:00,2019-02-08 14:00:00+00:00,False
BTC/USDT,2019-02-13 06:00:00+00:00,2019-02-13 07:00:00+00:00,False
BTC/USDT,2019-02-15 11:00:00+00:00,2019-02-15 12:00:00+00:00,False
BTC/USDT,2019-02-16 02:00:00+00:00,2019-02-16 03:00:00+00:00,False
BTC/USDT,2019-02-22 14:00:00+00:00,2019-02-22 15:00:00+00:00,False
BTC/USDT,2019-02-26 12:00:00+00:00,2019-02-26 13:00:00+00:00,False
BTC/USDT,2019-02-28 11:00:00+00:00,2019-02-28 12:00:00+00:00,False
BTC/USDT,2019-03-05 18:00:00+00:00,2019-03-05 19:00:00+00:00,False
BTC/USDT,2019-03-13 00:00:00+00:00,2019-03-13 01:00:00+00:00,False
BTC/USDT,2019-03-15 00:00:00+00:00,2019-03-15 01:00:00+00:00,False
BTC/USDT,2019-03-18 08:00:00+00:00,2019-03-18 09:00:00+00:00,False
BTC/USDT,2019-03-19 14:00:00+00:00,2019-03-19 15:00:00+00:00,False
BTC/USDT,2019-03-23 07:00:00+00:00,2019-03-23 08:00:00+00:00,False
BTC/USDT,2019-03-27 07:00:00+00:00,2019-03-27 08:00:00+00:00,False
BTC/USDT,2019-03-31 13:00:00+00:00,2019-03-31 14:00:00+00:00,False
BTC/USDT,2019-04-05 21:00:00+00:00,2019-04-05 22:00:00+00:00,False
BTC/USDT,2019-04-10 07:00:00+00:00,2019-04-10 08:00:00+00:00,False
BTC/USDT,2019-04-13 04:00:00+00:00,2019-04-13 05:00:00+00:00,False
BTC/USDT,2019-04-14 22:00:00+00:00,2019-04-14 23:00:00+00:00,False
BTC/USDT,2019-04-17 00:00:00+00:00,2019-04-17 01:00:00+00:00,False
BTC/USDT,2019-04-19 21:00:00+00:00,2019-04-19 22:00:00+00:00,False
BTC/USDT,2019-04-22 17:00:00+00:00,2019-04-22 18:00:00+00:00,False
BTC/USDT,2019-04-27 22:00:00+00:00,2019-04-27 23:00:00+00:00,False
BTC/USDT,2019-04-28 05:00:00+00:00,2019-04-28 06:00:00+00:00,False
BTC/USDT,2019-04-30 23:00:00+00:00,2019-05-01 00:00:00+00:00,False
BTC/USDT,2019-05-05 12:00:00+00:00,2019-05-05 13:00:00+00:00,False
BTC/USDT,2019-05-07 03:00:00+00:00,2019-05-07 04:00:00+00:00,False
BTC/USDT,2019-05-13 12:00:00+00:00,2019-05-13 13:00:00+00:00,False
BTC/USDT,2019-05-15 16:00:00+00:00,2019-05-15 17:00:00+00:00,False
BTC/USDT,2019-05-18 23:00:00+00:00,2019-05-19 00:00:00+00:00,False
BTC/USDT,2019-05-21 20:00:00+00:00,2019-05-21 21:00:00+00:00,False
BTC/USDT,2019-05-24 05:00:00+00:00,2019-05-24 06:00:00+00:00,False
BTC/USDT,2019-05-26 20:00:00+00:00,2019-05-26 21:00:00+00:00,False
BTC/USDT,2019-05-30 06:00:00+00:00,2019-05-30 07:00:00+00:00,False
BTC/USDT,2019-06-01 08:00:00+00:00,2019-06-01 09:00:00+00:00,False
BTC/USDT,2019-06-06 11:00:00+00:00,2019-06-06 12:00:00+00:00,False
BTC/USDT,2019-06-07 11:00:00+00:00,2019-06-07 12:00:00+00:00,False
BTC/USDT,2019-06-10 20:00:00+00:00,2019-06-10 21:00:00+00:00,False
BTC/USDT,2019-06-12 08:00:00+00:00,2019-06-12 09:00:00+00:00,False
BTC/USDT,2019-06-20 00:00:00+00:00,2019-06-20 01:00:00+00:00,False
BTC/USDT,2019-06-29 00:00:00+00:00,2019-06-29 01:00:00+00:00,False
BTC/USDT,2019-07-03 03:00:00+00:00,2019-07-03 04:00:00+00:00,False
BTC/USDT,2019-07-06 16:00:00+00:00,2019-07-06 17:00:00+00:00,False
BTC/USDT,2019-07-08 03:00:00+00:00,2019-07-08 04:00:00+00:00,False
BTC/USDT,2019-07-12 23:00:00+00:00,2019-07-13 00:00:00+00:00,False
BTC/USDT,2019-07-16 04:00:00+00:00,2019-07-16 05:00:00+00:00,False
BTC/USDT,2019-07-18 10:00:00+00:00,2019-07-18 11:00:00+00:00,False
BTC/USDT,2019-07-25 09:00:00+00:00,2019-07-25 10:00:00+00:00,False
BTC/USDT,2019-07-27 06:00:00+00:00,2019-07-27 07:00:00+00:00,False
BTC/USDT,2019-07-29 07:00:00+00:00,2019-07-29 08:00:00+00:00,False
BTC/USDT,2019-07-30 23:00:00+00:00,2019-07-31 00:00:00+00:00,False
BTC/USDT,2019-08-07 22:00:00+00:00,2019-08-07 23:00:00+00:00,False
BTC/USDT,2019-08-09 16:00:00+00:00,2019-08-09 17:00:00+00:00,False
BTC/USDT,2019-08-10 05:00:00+00:00,2019-08-10 06:00:00+00:00,False
BTC/USDT,2019-08-12 10:00:00+00:00,2019-08-12 11:00:00+00:00,False
BTC/USDT,2019-08-16 13:00:00+00:00,2019-08-16 14:00:00+00:00,False
BTC/USDT,2019-08-18 22:00:00+00:00,2019-08-18 23:00:00+00:00,False
BTC/USDT,2019-08-23 04:00:00+00:00,2019-08-23 05:00:00+00:00,False
BTC/USDT,2019-08-26 01:00:00+00:00,2019-08-26 02:00:00+00:00,False
BTC/USDT,2019-08-30 21:00:00+00:00,2019-08-30 22:00:00+00:00,False
BTC/USDT,2019-09-05 09:00:00+00:00,2019-09-05 10:00:00+00:00,False
BTC/USDT,2019-09-05 23:00:00+00:00,2019-09-06 00:00:00+00:00,False
BTC/USDT,2019-09-08 09:00:00+00:00,2019-09-08 10:00:00+00:00,False
BTC/USDT,2019-09-12 11:00:00+00:00,2019-09-12 12:00:00+00:00,False
BTC/USDT,2019-09-14 17:00:00+00:00,2019-09-14 18:00:00+00:00,False
BTC/USDT,2019-09-18 06:00:00+00:00,2019-09-18 07:00:00+00:00,False
BTC/USDT,2019-09-20 07:00:00+00:00,2019-09-20 08:00:00+00:00,False
BTC/USDT,2019-09-23 02:00:00+00:00,2019-09-23 03:00:00+00:00,False
BTC/USDT,2019-09-28 09:00:00+00:00,2019-09-28 10:00:00+00:00,False
BTC/USDT,2019-09-30 22:00:00+00:00,2019-09-30 23:00:00+00:00,False
BTC/USDT,2019-10-03 13:00:00+00:00,2019-10-03 14:00:00+00:00,False
BTC/USDT,2019-10-07 19:00:00+00:00,2019-10-07 20:00:00+00:00,False
BTC/USDT,2019-10-09 16:00:00+00:00,2019-10-09 17:00:00+00:00,False
BTC/USDT,2019-10-13 07:00:00+00:00,2019-10-13 08:00:00+00:00,False
BTC/USDT,2019-10-18 00:00:00+00:00,2019-10-18 01:00:00+00:00,False
BTC/USDT,2019-10-19 22:00:00+00:00,2019-10-19 23:00:00+00:00,False
BTC/USDT,2019-10-20 18:00:00+00:00,2019-10-20 19:00:00+00:00,False
BTC/USDT,2019-10-25 13:00:00+00:00,2019-10-25 14:00:00+00:00,False
BTC/USDT,2019-11-01 01:00:00+00:00,2019-11-01 02:00:00+00:00,False
BTC/USDT,2019-11-02 00:00:00+00:00,2019-11-02 01:00:00+00:00,False
BTC/USDT,2019-11-04 20:00:00+00:00,2019-11-04 21:00:00+00:00,False
BTC/USDT,2019-11-06 22:00:00+00:00,2019-11-06 23:00:00+00:00,False
BTC/USDT,2019-11-10 15:00:00+00:00,2019-11-10 16:00:00+00:00,False
BTC/USDT,2019-11-13 07:00:00+00:00,2019-11-13 08:00:00+00:00,False
BTC/USDT,2019-11-17 13:00:00+00:00,2019-11-17 14:00:00+00:00,False
BTC/USDT,2019-11-24 06:00:00+00:00,2019-11-24 07:00:00+00:00,False
BTC/USDT,2019-11-26 01:00:00+00:00,2019-11-26 02:00:00+00:00,False
BTC/USDT,2019-11-27 17:00:00+00:00,2019-11-27 18:00:00+00:00,False
BTC/USDT,2019-12-05 00:00:00+00:00,2019-12-05 01:00:00+00:00,False
BTC/USDT,2019-12-05 16:00:00+00:00,2019-12-05 17:00:00+00:00,False
BTC/USDT,2019-12-09 01:00:00+00:00,2019-12-09 02:00:00+00:00,False
BTC/USDT,2019-12-13 04:00:00+00:00,2019-12-13 05:00:00+00:00,False
BTC/USDT,2019-12-16 12:00:00+00:00,2019-12-16 13:00:00+00:00,False
BTC/USDT,2019-12-18 23:00:00+00:00,2019-12-19 00:00:00+00:00,False
BTC/USDT,2019-12-22 16:00:00+00:00,2019-12-22 17:00:00+00:00,False
BTC/USDT,2019-12-26 18:00:00+00:00,2019-12-26 19:00:00+00:00,False
BTC/USDT,2019-12-28 03:00:00+00:00,2019-12-28 04:00:00+00:00,False
BTC/USDT,2020-01-03 16:00:00+00:00,2020-01-03 17:00:00+00:00,False
BTC/USDT,2020-01-10 23:00:00+00:00,2020-01-11 00:00:00+00:00,False
BTC/USDT,2020-01-14 01:00:00+00:00,2020-01-14 02:00:00+00:00,False
BTC/USDT,2020-01-17 06:00:00+00:00,2020-01-17 07:00:00+00:00,False
BTC/USDT,2020-01-21 12:00:00+00:00,2020-01-21 13:00:00+00:00,False
BTC/USDT,2020-01-21 23:00:00+00:00,2020-01-22 00:00:00+00:00,False
BTC/USDT,2020-01-25 04:00:00+00:00,2020-01-25 05:00:00+00:00,False
BTC/USDT,2020-01-26 13:00:00+00:00,2020-01-26 14:00:00+00:00,False
BTC/USDT,2020-02-02 00:00:00+00:00,2020-02-02 01:00:00+00:00,False
BTC/USDT,2020-02-02 10:00:00+00:00,2020-02-02 11:00:00+00:00,False
BTC/USDT,2020-02-05 13:00:00+00:00,2020-02-05 14:00:00+00:00,False
BTC/USDT,2020-02-08 15:00:00+00:00,2020-02-08 16:00:00+00:00,False
BTC/USDT,2020-02-11 21:00:00+00:00,2020-02-11 22:00:00+00:00,False
BTC/USDT,2020-02-15 00:00:00+00:00,2020-02-15 01:00:00+00:00,False
BTC/USDT,2020-02-18 17:00:00+00:00,2020-02-18 18:00:00+00:00,False
BTC/USDT,2020-02-21 18:00:00+00:00,2020-02-21 19:00:00+00:00,False
BTC/USDT,2020-02-23 05:00:00+00:00,2020-02-23 06:00:00+00:00,False
BTC/USDT,2020-03-02 12:00:00+00:00,2020-03-02 13:00:00+00:00,False
BTC/USDT,2020-03-05 06:00:00+00:00,2020-03-05 07:00:00+00:00,False
BTC/USDT,2020-03-10 20:00:00+00:00,2020-03-10 21:00:00+00:00,False
BTC/USDT,2020-03-11 11:00:00+00:00,2020-03-11 12:00:00+00:00,False
BTC/USDT,2020-03-14 14:00:00+00:00,2020-03-14 15:00:00+00:00,False
BTC/USDT,2020-03-16 04:00:00+00:00,2020-03-16 05:00:00+00:00,False
BTC/USDT,2020-03-17 12:00:00+00:00,2020-03-17 13:00:00+00:00,False
BTC/USDT,2020-03-19 06:00:00+00:00,2020-03-19 07:00:00+00:00,False
BTC/USDT,2020-03-22 13:00:00+00:00,2020-03-22 14:00:00+00:00,False
BTC/USDT,2020-03-23 22:00:00+00:00,2020-03-23 23:00:00+00:00,False
BTC/USDT,2020-03-27 01:00:00+00:00,2020-03-27 02:00:00+00:00,False
BTC/USDT,2020-03-30 16:00:00+00:00,2020-03-30 17:00:00+00:00,False
BTC/USDT,2020-04-02 06:00:00+00:00,2020-04-02 07:00:00+00:00,False
BTC/USDT,2020-04-05 03:00:00+00:00,2020-04-05 04:00:00+00:00,False
BTC/USDT,2020-04-05 08:00:00+00:00,2020-04-05 09:00:00+00:00,False
BTC/USDT,2020-04-08 20:00:00+00:00,2020-04-08 21:00:00+00:00,False
BTC/USDT,2020-04-12 16:00:00+00:00,2020-04-12 17:00:00+00:00,False
BTC/USDT,2020-04-14 14:00:00+00:00,2020-04-14 15:00:00+00:00,False
BTC/USDT,2020-04-16 17:00:00+00:00,2020-04-16 18:00:00+00:00,False
BTC/USDT,2020-04-22 11:00:00+00:00,2020-04-22 12:00:00+00:00,False
BTC/USDT,2020-05-02 09:00:00+00:00,2020-05-02 10:00:00+00:00,False
BTC/USDT,2020-05-05 06:00:00+00:00,2020-05-05 07:00:00+00:00,False
BTC/USDT,2020-05-12 01:00:00+00:00,2020-05-12 02:00:00+00:00,False
BTC/USDT,2020-05-12 13:00:00+00:00,2020-05-12 14:00:00+00:00,False
BTC/USDT,2020-05-17 11:00:00+00:00,2020-05-17 12:00:00+00:00,False
BTC/USDT,2020-05-20 01:00:00+00:00,2020-05-20 02:00:00+00:00,False
BTC/USDT,2020-05-23 04:00:00+00:00,2020-05-23 05:00:00+00:00,False
BTC/USDT,2020-05-26 12:00:00+00:00,2020-05-26 13:00:00+00:00,False
BTC/USDT,2020-05-27 11:00:00+00:00,2020-05-27 12:00:00+00:00,False
BTC/USDT,2020-06-01 19:00:00+00:00,2020-06-01 20:00:00+00:00,False
BTC/USDT,2020-06-04 11:00:00+00:00,2020-06-04 12:00:00+00:00,False
BTC/USDT,2020-06-08 08:00:00+00:00,2020-06-08 09:00:00+00:00,False
BTC/USDT,2020-06-10 00:00:00+00:00,2020-06-10 01:00:00+00:00,False
BTC/USDT,2020-06-13 12:00:00+00:00,2020-06-13 13:00:00+00:00,False
BTC/USDT,2020-06-16 04:00:00+00:00,2020-06-16 05:00:00+00:00,False
BTC/USDT,2020-06-21 06:00:00+00:00,2020-06-21 07:00:00+00:00,False
BTC/USDT,2020-06-29 01:00:00+00:00,2020-06-29 02:00:00+00:00,False
BTC/USDT,2020-07-01 14:00:00+00:00,2020-07-01 15:00:00+00:00,False
BTC/USDT,2020-07-04 22:00:00+00:00,2020-07-04 23:00:00+00:00,False
BTC/USDT,2020-07-06 10:00:00+00:00,2020-07-06 11:00:00+00:00,False
BTC/USDT,2020-07-08 13:00:00+00:00,2020-07-08 14:00:00+00:00,False
BTC/USDT,2020-07-11 09:00:00+00:00,2020-07-11 10:00:00+00:00,False
BTC/USDT,2020-07-15 11:00:00+00:00,2020-07-15 12:00:00+00:00,False
BTC/USDT,2020-07-17 23:00:00+00:00,2020-07-18 00:00:00+00:00,False
BTC/USDT,2020-07-20 04:00:00+00:00,2020-07-20 05:00:00+00:00,False
BTC/USDT,2020-07-31 10:00:00+00:00,2020-07-31 11:00:00+00:00,False
BTC/USDT,2020-08-04 01:00:00+00:00,2020-08-04 02:00:00+00:00,False
BTC/USDT,2020-08-05 12:00:00+00:00,2020-08-05 13:00:00+00:00,False
BTC/USDT,2020-08-08 23:00:00+00:00,2020-08-09 00:00:00+00:00,False
BTC/USDT,2020-08-10 04:00:00+00:00,2020-08-10 05:00:00+00:00,False
BTC/USDT,2020-08-13 03:00:00+00:00,2020-08-13 04:00:00+00:00,False
BTC/USDT,2020-08-16 20:00:00+00:00,2020-08-16 21:00:00+00:00,False
BTC/USDT,2020-08-17 11:00:00+00:00,2020-08-17 12:00:00+00:00,False
BTC/USDT,2020-08-20 23:00:00+00:00,2020-08-21 00:00:00+00:00,False
BTC/USDT,2020-08-23 09:00:00+00:00,2020-08-23 10:00:00+00:00,False
BTC/USDT,2020-08-27 05:00:00+00:00,2020-08-27 06:00:00+00:00,False
BTC/USDT,2020-08-28 15:00:00+00:00,2020-08-28 16:00:00+00:00,False
BTC/USDT,2020-09-07 02:00:00+00:00,2020-09-07 03:00:00+00:00,False
BTC/USDT,2020-09-08 07:00:00+00:00,2020-09-08 08:00:00+00:00,False
BTC/USDT,2020-09-09 18:00:00+00:00,2020-09-09 19:00:00+00:00,False
BTC/USDT,2020-09-12 03:00:00+00:00,2020-09-12 04:00:00+00:00,False
BTC/USDT,2020-09-14 16:00:00+00:00,2020-09-14 17:00:00+00:00,False
BTC/USDT,2020-09-18 10:00:00+00:00,2020-09-18 11:00:00+00:00,False
BTC/USDT,2020-09-23 10:00:00+00:00,2020-09-23 11:00:00+00:00,False
BTC/USDT,2020-09-24 21:00:00+00:00,2020-09-24 22:00:00+00:00,False
BTC/USDT,2020-09-28 02:00:00+00:00,2020-09-28 03:00:00+00:00,False
BTC/USDT,2020-10-01 01:00:00+00:00,2020-10-01 02:00:00+00:00,False
BTC/USDT,2020-10-03 17:00:00+00:00,2020-10-03 18:00:00+00:00,False
BTC/USDT,2020-10-08 10:00:00+00:00,2020-10-08 11:00:00+00:00,False
BTC/USDT,2020-10-15 21:00:00+00:00,2020-10-15 22:00:00+00:00,False
BTC/USDT,2020-10-18 03:00:00+00:00,2020-10-18 04:00:00+00:00,False
BTC/USDT,2020-10-24 00:00:00+00:00,2020-10-24 01:00:00+00:00,False
BTC/USDT,2020-10-24 03:00:00+00:00,2020-10-24 04:00:00+00:00,False
BTC/USDT,2020-10-24 14:00:00+00:00,2020-10-24 15:00:00+00:00,False
BTC/USDT,2020-10-26 11:00:00+00:00,2020-10-26 12:00:00+00:00,False
BTC/USDT,2020-10-30 03:00:00+00:00,2020-10-30 04:00:00+00:00,False
BTC/USDT,2020-11-03 22:00:00+00:00,2020-11-03 23:00:00+00:00,False
BTC/USDT,2020-11-09 00:00:00+00:00,2020-11-09 01:00:00+00:00,False
BTC/USDT,2020-11-11 08:00:00+00:00,2020-11-11 09:00:00+00:00,False
BTC/USDT,2020-11-16 07:00:00+00:00,2020-11-16 08:00:00+00:00,False
BTC/USDT,2020-11-19 20:00:00+00:00,2020-11-19 21:00:00+00:00,False
BTC/USDT,2020-11-20 04:00:00+00:00,2020-11-20 05:00:00+00:00,False
BTC/USDT,2020-11-23 20:00:00+00:00,2020-11-23 21:00:00+00:00,False
BTC/USDT,2020-11-28 11:00:00+00:00,2020-11-28 12:00:00+00:00,False
BTC/USDT,2020-12-03 08:00:00+00:00,2020-12-03 09:00:00+00:00,False
BTC/USDT,2020-12-06 00:00:00+00:00,2020-12-06 01:00:00+00:00,False
BTC/USDT,2020-12-12 07:00:00+00:00,2020-12-12 08:00:00+00:00,False
BTC/USDT,2020-12-19 12:00:00+00:00,2020-12-19 13:00:00+00:00,False
BTC/USDT,2020-12-22 23:00:00+00:00,2020-12-23 00:00:00+00:00,False
BTC/USDT,2020-12-25 03:00:00+00:00,2020-12-25 04:00:00+00:00,False
BTC/USDT,2020-12-30 02:00:00+00:00,2020-12-30 03:00:00+00:00,False
BTC/USDT,2021-01-05 22:00:00+00:00,2021-01-05 23:00:00+00:00,False
BTC/USDT,2021-01-12 20:00:00+00:00,2021-01-12 21:00:00+00:00,False
BTC/USDT,2021-01-13 21:00:00+00:00,2021-01-13 22:00:00+00:00,False
BTC/USDT,2021-01-18 13:00:00+00:00,2021-01-18 14:00:00+00:00,False
BTC/USDT,2021-01-23 02:00:00+00:00,2021-01-23 03:00:00+00:00,False
BTC/USDT,2021-01-25 05:00:00+00:00,2021-01-25 06:00:00+00:00,False
BTC/USDT,2021-01-28 18:00:00+00:00,2021-01-28 19:00:00+00:00,False
BTC/USDT,2021-02-01 18:00:00+00:00,2021-02-01 19:00:00+00:00,False
BTC/USDT,2021-02-08 14:00:00+00:00,2021-02-08 15:00:00+00:00,False
BTC/USDT,2021-02-11 19:00:00+00:00,2021-02-11 20:00:00+00:00,False
BTC/USDT,2021-02-14 08:00:00+00:00,2021-02-14 09:00:00+00:00,False
BTC/USDT,2021-02-16 05:00:00+00:00,2021-02-16 06:00:00+00:00,False
BTC/USDT,2021-02-24 18:00:00+00:00,2021-02-24 19:00:00+00:00,False
BTC/USDT,2021-02-27 18:00:00+00:00,2021-02-27 19:00:00+00:00,False
BTC/USDT,2021-03-01 12:00:00+00:00,2021-03-01 13:00:00+00:00,False
BTC/USDT,2021-03-06 05:00:00+00:00,2021-03-06 06:00:00+00:00,False
BTC/USDT,2021-03-17 08:00:00+00:00,2021-03-17 09:00:00+00:00,False
BTC/USDT,2021-03-19 20:00:00+00:00,2021-03-19 21:00:00+00:00,False
BTC/USDT,2021-03-24 14:00:00+00:00,2021-03-24 15:00:00+00:00,False
BTC/USDT,2021-03-26 17:00:00+00:00,2021-03-26 18:00:00+00:00,False
BTC/USDT,2021-03-29 09:00:00+00:00,2021-03-29 10:00:00+00:00,False
BTC/USDT,2021-04-03 16:00:00+00:00,2021-04-03 17:00:00+00:00,False
BTC/USDT,2021-04-05 16:00:00+00:00,2021-04-05 17:00:00+00:00,False
BTC/USDT,2021-04-08 20:00:00+00:00,2021-04-08 21:00:00+00:00,False
BTC/USDT,2021-04-12 09:00:00+00:00,2021-04-12 10:00:00+00:00,False
BTC/USDT,2021-04-21 03:00:00+00:00,2021-04-21 04:00:00+00:00,False
BTC/USDT,2021-04-24 23:00:00+00:00,2021-04-25 00:00:00+00:00,False
BTC/USDT,2021-04-26 04:00:00+00:00,2021-04-26 05:00:00+00:00,False
BTC/USDT,2021-04-30 15:00:00+00:00,2021-04-30 16:00:00+00:00,False
BTC/USDT,2021-05-03 08:00:00+00:00,2021-05-03 09:00:00+00:00,False
BTC/USDT,2021-05-05 19:00:00+00:00,2021-05-05 20:00:00+00:00,False
BTC/USDT,2021-05-07 22:00:00+00:00,2021-05-07 23:00:00+00:00,False
BTC/USDT,2021-05-10 13:00:00+00:00,2021-05-10 14:00:00+00:00,False
BTC/USDT,2021-05-12 07:00:00+00:00,2021-05-12 08:00:00+00:00,False
BTC/USDT,2021-05-14 22:00:00+00:00,2021-05-14 23:00:00+00:00,False
BTC/USDT,2021-05-20 20:00:00+00:00,2021-05-20 21:00:00+00:00,False
BTC/USDT,2021-05-24 16:00:00+00:00,2021-05-24 17:00:00+00:00,False
BTC/USDT,2021-05-30 18:00:00+00:00,2021-05-30 19:00:00+00:00,False
BTC/USDT,2021-06-02 14:00:00+00:00,2021-06-02 15:00:00+00:00,False
BTC/USDT,2021-06-07 08:00:00+00:00,2021-06-07 09:00:00+00:00,False
BTC/USDT,2021-06-09 14:00:00+00:00,2021-06-09 15:00:00+00:00,False
BTC/USDT,2021-06-13 20:00:00+00:00,2021-06-13 21:00:00+00:00,False
BTC/USDT,2021-06-23 06:00:00+00:00,2021-06-23 07:00:00+00:00,False
BTC/USDT,2021-06-24 18:00:00+00:00,2021-06-24 19:00:00+00:00,False
BTC/USDT,2021-06-27 09:00:00+00:00,2021-06-27 10:00:00+00:00,False
BTC/USDT,2021-07-03 04:00:00+00:00,2021-07-03 05:00:00+00:00,False
BTC/USDT,2021-07-06 22:00:00+00:00,2021-07-06 23:00:00+00:00,False
BTC/USDT,2021-07-09 20:00:00+00:00,2021-07-09 21:00:00+00:00,False
BTC/USDT,2021-07-11 17:00:00+00:00,2021-07-11 18:00:00+00:00,False
BTC/USDT,2021-07-15 03:00:00+00:00,2021-07-15 04:00:00+00:00,False
BTC/USDT,2021-07-18 02:00:00+00:00,2021-07-18 03:00:00+00:00,False
BTC/USDT,2021-07-21 12:00:00+00:00,2021-07-21 13:00:00+00:00,False
BTC/USDT,2021-07-28 00:00:00+00:00,2021-07-28 01:00:00+00:00,False
BTC/USDT,2021-07-31 02:00:00+00:00,2021-07-31 03:00:00+00:00,False
BTC/USDT,2021-08-04 20:00:00+00:00,2021-08-04 21:00:00+00:00,False
BTC/USDT,2021-08-09 13:00:00+00:00,2021-08-09 14:00:00+00:00,False
BTC/USDT,2021-08-11 12:00:00+00:00,2021-08-11 13:00:00+00:00,False
BTC/USDT,2021-08-13 16:00:00+00:00,2021-08-13 17:00:00+00:00,False
BTC/USDT,2021-08-16 07:00:00+00:00,2021-08-16 08:00:00+00:00,False
BTC/USDT,2021-08-19 21:00:00+00:00,2021-08-19 22:00:00+00:00,False
BTC/USDT,2021-08-23 04:00:00+00:00,2021-08-23 05:00:00+00:00,False
BTC/USDT,2021-08-27 20:00:00+00:00,2021-08-27 21:00:00+00:00,False
BTC/USDT,2021-09-01 19:00:00+00:00,2021-09-01 20:00:00+00:00,False
BTC/USDT,2021-09-05 19:00:00+00:00,2021-09-05 20:00:00+00:00,False
BTC/USDT,2021-09-09 18:00:00+00:00,2021-09-09 19:00:00+00:00,False
BTC/USDT,2021-09-12 11:00:00+00:00,2021-09-12 12:00:00+00:00,False
BTC/USDT,2021-09-14 12:00:00+00:00,2021-09-14 13:00:00+00:00,False
BTC/USDT,2021-09-18 09:00:00+00:00,2021-09-18 10:00:00+00:00,False
BTC/USDT,2021-09-22 21:00:00+00:00,2021-09-22 22:00:00+00:00,False
BTC/USDT,2021-09-26 10:00:00+00:00,2021-09-26 11:00:00+00:00,False
BTC/USDT,2021-09-30 01:00:00+00:00,2021-09-30 02:00:00+00:00,False
BTC/USDT,2021-10-04 20:00:00+00:00,2021-10-04 21:00:00+00:00,False
BTC/USDT,2021-10-08 19:00:00+00:00,2021-10-08 20:00:00+00:00,False
BTC/USDT,2021-10-14 03:00:00+00:00,2021-10-14 04:00:00+00:00,False
BTC/USDT,2021-10-18 03:00:00+00:00,2021-10-18 04:00:00+00:00,False
BTC/USDT,2021-10-25 07:00:00+00:00,2021-10-25 08:00:00+00:00,False
BTC/USDT,2021-10-28 18:00:00+00:00,2021-10-28 19:00:00+00:00,False
BTC/USDT,2021-11-01 13:00:00+00:00,2021-11-01 14:00:00+00:00,False
BTC/USDT,2021-11-07 07:00:00+00:00,2021-11-07 08:00:00+00:00,False
BTC/USDT,2021-11-14 01:00:00+00:00,2021-11-14 02:00:00+00:00,False
BTC/USDT,2021-11-18 05:00:00+00:00,2021-11-18 06:00:00+00:00,False
BTC/USDT,2021-11-18 10:00:00+00:00,2021-11-18 11:00:00+00:00,False
BTC/USDT,2021-11-20 05:00:00+00:00,2021-11-20 06:00:00+00:00,False
BTC/USDT,2021-11-24 04:00:00+00:00,2021-11-24 05:00:00+00:00,False
BTC/USDT,2021-11-25 03:00:00+00:00,2021-11-25 04:00:00+00:00,False
BTC/USDT,2021-11-28 07:00:00+00:00,2021-11-28 08:00:00+00:00,False
BTC/USDT,2021-11-28 22:00:00+00:00,2021-11-28 23:00:00+00:00,False
BTC/USDT,2021-12-01 03:00:00+00:00,2021-12-01 04:00:00+00:00,False
BTC/USDT,2021-12-01 21:00:00+00:00,2021-12-01 22:00:00+00:00,False
BTC/USDT,2021-12-06 00:00:00+00:00,2021-12-06 01:00:00+00:00,False
BTC/USDT,2021-12-07 02:00:00+00:00,2021-12-07 03:00:00+00:00,False
BTC/USDT,2021-12-11 15:00:00+00:00,2021-12-11 16:00:00+00:00,False
BTC/USDT,2021-12-15 06:00:00+00:00,2021-12-15 07:00:00+00:00,False
BTC/USDT,2021-12-19 03:00:00+00:00,2021-12-19 04:00:00+00:00,False
BTC/USDT,2021-12-21 07:00:00+00:00,2021-12-21 08:00:00+00:00,False
BTC/USDT,2021-12-23 20:00:00+00:00,2021-12-23 21:00:00+00:00,False
BTC/USDT,2021-12-27 07:00:00+00:00,2021-12-27 08:00:00+00:00,False
BTC/USDT,2021-12-31 05:00:00+00:00,2021-12-31 06:00:00+00:00,False
BTC/USDT,2022-01-01 23:00:00+00:00,2022-01-02 00:00:00+00:00,False
BTC/USDT,2022-01-09 16:00:00+00:00,2022-01-09 17:00:00+00:00,False
BTC/USDT,2022-01-11 10:00:00+00:00,2022-01-11 11:00:00+00:00,False
BTC/USDT,2022-01-15 08:00:00+00:00,2022-01-15 09:00:00+00:00,False
BTC/USDT,2022-01-19 16:00:00+00:00,2022-01-19 17:00:00+00:00,False
BTC/USDT,2022-01-20 04:00:00+00:00,2022-01-20 05:00:00+00:00,False
BTC/USDT,2022-01-23 23:00:00+00:00,2022-01-24 00:00:00+00:00,False
BTC/USDT,2022-01-25 06:00:00+00:00,2022-01-25 07:00:00+00:00,False
BTC/USDT,2022-01-28 15:00:00+00:00,2022-01-28 16:00:00+00:00,False
BTC/USDT,2022-02-01 01:00:00+00:00,2022-02-01 02:00:00+00:00,False
BTC/USDT,2022-02-04 11:00:00+00:00,2022-02-04 12:00:00+00:00,False
BTC/USDT,2022-02-09 22:00:00+00:00,2022-02-09 23:00:00+00:00,False
BTC/USDT,2022-02-13 21:00:00+00:00,2022-02-13 22:00:00+00:00,False
BTC/USDT,2022-02-14 22:00:00+00:00,2022-02-14 23:00:00+00:00,False
BTC/USDT,2022-02-23 05:00:00+00:00,2022-02-23 06:00:00+00:00,False
BTC/USDT,2022-02-25 06:00:00+00:00,2022-02-25 07:00:00+00:00,False
BTC/USDT,2022-02-28 19:00:00+00:00,2022-02-28 20:00:00+00:00,False
BTC/USDT,2022-03-08 15:00:00+00:00,2022-03-08 16:00:00+00:00,False
BTC/USDT,2022-03-12 16:00:00+00:00,2022-03-12 17:00:00+00:00,False
BTC/USDT,2022-03-14 22:00:00+00:00,2022-03-14 23:00:00+00:00,False
BTC/USDT,2022-03-18 21:00:00+00:00,2022-03-18 22:00:00+00:00,False
BTC/USDT,2022-03-22 05:00:00+00:00,2022-03-22 06:00:00+00:00,False
BTC/USDT,2022-03-24 05:00:00+00:00,2022-03-24 06:00:00+00:00,False
BTC/USDT,2022-04-02 04:00:00+00:00,2022-04-02 05:00:00+00:00,False
BTC/USDT,2022-04-03 22:00:00+00:00,2022-04-03 23:00:00+00:00,False
BTC/USDT,2022-04-04 06:00:00+00:00,2022-04-04 07:00:00+00:00,False
BTC/USDT,2022-04-05 08:00:00+00:00,2022-04-05 09:00:00+00:00,False
BTC/USDT,2022-04-10 14:00:00+00:00,2022-04-10 15:00:00+00:00,False
BTC/USDT,2022-04-13 15:00:00+00:00,2022-04-13 16:00:00+00:00,False
BTC/USDT,2022-04-16 05:00:00+00:00,2022-04-16 06:00:00+00:00,False
BTC/USDT,2022-04-19 04:00:00+00:00,2022-04-19 05:00:00+00:00,False
BTC/USDT,2022-04-24 12:00:00+00:00,2022-04-24 13:00:00+00:00,False
BTC/USDT,2022-04-24 22:00:00+00:00,2022-04-24 23:00:00+00:00,False
BTC/USDT,2022-04-26 02:00:00+00:00,2022-04-26 03:00:00+00:00,False
BTC/USDT,2022-04-28 06:00:00+00:00,2022-04-28 07:00:00+00:00,False
BTC/USDT,2022-05-02 05:00:00+00:00,2022-05-02 06:00:00+00:00,False
BTC/USDT,2022-05-04 16:00:00+00:00,2022-05-04 17:00:00+00:00,False
BTC/USDT,2022-05-13 09:00:00+00:00,2022-05-13 10:00:00+00:00,False
BTC/USDT,2022-05-15 11:00:00+00:00,2022-05-15 12:00:00+00:00,False
BTC/USDT,2022-05-17 12:00:00+00:00,2022-05-17 13:00:00+00:00,False
BTC/USDT,2022-05-19 22:00:00+00:00,2022-05-19 23:00:00+00:00,False
BTC/USDT,2022-05-22 09:00:00+00:00,2022-05-22 10:00:00+00:00,False
BTC/USDT,2022-05-25 09:00:00+00:00,2022-05-25 10:00:00+00:00,False
BTC/USDT,2022-05-28 22:00:00+00:00,2022-05-28 23:00:00+00:00,False
BTC/USDT,2022-06-03 09:00:00+00:00,2022-06-03 10:00:00+00:00,False
BTC/USDT,2022-06-05 08:00:00+00:00,2022-06-05 09:00:00+00:00,False
BTC/USDT,2022-06-08 09:00:00+00:00,2022-06-08 10:00:00+00:00,False
BTC/USDT,2022-06-16 08:00:00+00:00,2022-06-16 09:00:00+00:00,False
BTC/USDT,2022-06-19 22:00:00+00:00,2022-06-19 23:00:00+00:00,False
BTC/USDT,2022-06-23 19:00:00+00:00,2022-06-23 20:00:00+00:00,False
BTC/USDT,2022-07-01 18:00:00+00:00,2022-07-01 19:00:00+00:00,False
BTC/USDT,2022-07-04 09:00:00+00:00,2022-07-04 10:00:00+00:00,False
BTC/USDT,2022-07-14 00:00:00+00:00,2022-07-14 01:00:00+00:00,False
BTC/USDT,2022-07-22 13:00:00+00:00,2022-07-22 14:00:00+00:00,False
BTC/USDT,2022-07-24 17:00:00+00:00,2022-07-24 18:00:00+00:00,False
BTC/USDT,2022-07-27 16:00:00+00:00,2022-07-27 17:00:00+00:00,False
BTC/USDT,2022-08-03 10:00:00+00:00,2022-08-03 11:00:00+00:00,False
BTC/USDT,2022-08-05 16:00:00+00:00,2022-08-05 17:00:00+00:00,False
BTC/USDT,2022-08-08 02:00:00+00:00,2022-08-08 03:00:00+00:00,False
BTC/USDT,2022-08-10 21:00:00+00:00,2022-08-10 22:00:00+00:00,False
BTC/USDT,2022-08-13 06:00:00+00:00,2022-08-13 07:00:00+00:00,False
BTC/USDT,2022-08-21 14:00:00+00:00,2022-08-21 15:00:00+00:00,False
BTC/USDT,2022-08-23 17:00:00+00:00,2022-08-23 18:00:00+00:00,False
BTC/USDT,2022-08-29 21:00:00+00:00,2022-08-29 22:00:00+00:00,False
BTC/USDT,2022-08-31 16:00:00+00:00,2022-08-31 17:00:00+00:00,False
BTC/USDT,2022-09-02 12:00:00+00:00,2022-09-02 13:00:00+00:00,False
BTC/USDT,2022-09-05 02:00:00+00:00,2022-09-05 03:00:00+00:00,False
BTC/USDT,2022-09-06 07:00:00+00:00,2022-09-06 08:00:00+00:00,False
BTC/USDT,2022-09-08 09:00:00+00:00,2022-09-08 10:00:00+00:00,False
BTC/USDT,2022-09-17 12:00:00+00:00,2022-09-17 13:00:00+00:00,False
BTC/USDT,2022-09-20 08:00:00+00:00,2022-09-20 09:00:00+00:00,False
BTC/USDT,2022-09-22 21:00:00+00:00,2022-09-22 22:00:00+00:00,False
BTC/USDT,2022-09-24 14:00:00+00:00,2022-09-24 15:00:00+00:00,False
BTC/USDT,2022-09-25 03:00:00+00:00,2022-09-25 04:00:00+00:00,False
BTC/USDT,2022-09-26 19:00:00+00:00,2022-09-26 20:00:00+00:00,False
BTC/USDT,2022-09-29 06:00:00+00:00,2022-09-29 07:00:00+00:00,False
BTC/USDT,2022-10-03 18:00:00+00:00,2022-10-03 19:00:00+00:00,False
BTC/USDT,2022-10-10 01:00:00+00:00,2022-10-10 02:00:00+00:00,False
BTC/USDT,2022-10-12 18:00:00+00:00,2022-10-12 19:00:00+00:00,False
BTC/USDT,2022-10-14 02:00:00+00:00,2022-10-14 03:00:00+00:00,False
BTC/USDT,2022-10-16 19:00:00+00:00,2022-10-16 20:00:00+00:00,False
BTC/USDT,2022-10-22 05:00:00+00:00,2022-10-22 06:00:00+00:00,False
BTC/USDT,2022-10-25 16:00:00+00:00,2022-10-25 17:00:00+00:00,False
BTC/USDT,2022-10-29 03:00:00+00:00,2022-10-29 04:00:00+00:00,False
BTC/USDT,2022-11-02 01:00:00+00:00,2022-11-02 02:00:00+00:00,False
BTC/USDT,2022-11-04 09:00:00+00:00,2022-11-04 10:00:00+00:00,False
BTC/USDT,2022-11-11 01:00:00+00:00,2022-11-11 02:00:00+00:00,False
BTC/USDT,2022-11-15 00:00:00+00:00,2022-11-15 01:00:00+00:00,False
BTC/USDT,2022-11-18 03:00:00+00:00,2022-11-18 04:00:00+00:00,False
BTC/USDT,2022-11-20 08:00:00+00:00,2022-11-20 09:00:00+00:00,False
BTC/USDT,2022-11-20 13:00:00+00:00,2022-11-20 14:00:00+00:00,False
BTC/USDT,2022-11-23 01:00:00+00:00,2022-11-23 02:00:00+00:00,False
BTC/USDT,2022-11-26 06:00:00+00:00,2022-11-26 07:00:00+00:00,False
BTC/USDT,2022-11-27 21:00:00+00:00,2022-11-27 22:00:00+00:00,False
BTC/USDT,2022-11-29 13:00:00+00:00,2022-11-29 14:00:00+00:00,False
BTC/USDT,2022-12-03 09:00:00+00:00,2022-12-03 10:00:00+00:00,False
BTC/USDT,2022-12-04 18:00:00+00:00,2022-12-04 19:00:00+00:00,False
BTC/USDT,2022-12-08 20:00:00+00:00,2022-12-08 21:00:00+00:00,False
BTC/USDT,2022-12-11 08:00:00+00:00,2022-12-11 09:00:00+00:00,False
BTC/USDT,2022-12-13 06:00:00+00:00,2022-12-13 07:00:00+00:00,False
BTC/USDT,2022-12-18 17:00:00+00:00,2022-12-18 18:00:00+00:00,False
BTC/USDT,2022-12-20 15:00:00+00:00,2022-12-20 16:00:00+00:00,False
BTC/USDT,2022-12-23 13:00:00+00:00,2022-12-23 14:00:00+00:00,False
BTC/USDT,2022-12-26 09:00:00+00:00,2022-12-26 10:00:00+00:00,False
BTC/USDT,2022-12-30 04:00:00+00:00,2022-12-30 05:00:00+00:00,False
BTC/USDT,2022-12-31 14:00:00+00:00,2022-12-31 15:00:00+00:00,False
BTC/USDT,2023-01-02 00:00:00+00:00,2023-01-02 01:00:00+00:00,False
BTC/USDT,2023-01-04 06:00:00+00:00,2023-01-04 07:00:00+00:00,False
BTC/USDT,2023-01-07 00:00:00+00:00,2023-01-07 01:00:00+00:00,False
BTC/USDT,2023-01-20 07:00:00+00:00,2023-01-20 08:00:00+00:00,False
BTC/USDT,2023-01-23 21:00:00+00:00,2023-01-23 22:00:00+00:00,False
BTC/USDT,2023-01-26 04:00:00+00:00,2023-01-26 05:00:00+00:00,False
BTC/USDT,2023-01-27 23:00:00+00:00,2023-01-28 00:00:00+00:00,False
BTC/USDT,2023-01-29 01:00:00+00:00,2023-01-29 02:00:00+00:00,False
BTC/USDT,2023-02-01 05:00:00+00:00,2023-02-01 06:00:00+00:00,False
BTC/USDT,2023-02-07 17:00:00+00:00,2023-02-07 18:00:00+00:00,False
BTC/USDT,2023-02-12 03:00:00+00:00,2023-02-12 04:00:00+00:00,False
BTC/USDT,2023-02-14 15:00:00+00:00,2023-02-14 16:00:00+00:00,False
BTC/USDT,2023-02-18 05:00:00+00:00,2023-02-18 06:00:00+00:00,False
BTC/USDT,2023-02-20 19:00:00+00:00,2023-02-20 20:00:00+00:00,False
BTC/USDT,2023-02-23 16:00:00+00:00,2023-02-23 17:00:00+00:00,False
BTC/USDT,2023-02-26 14:00:00+00:00,2023-02-26 15:00:00+00:00,False
BTC/USDT,2023-03-01 07:00:00+00:00,2023-03-01 08:00:00+00:00,False
BTC/USDT,2023-03-05 06:00:00+00:00,2023-03-05 07:00:00+00:00,False
BTC/USDT,2023-03-11 17:00:00+00:00,2023-03-11 18:00:00+00:00,False
BTC/USDT,2023-03-16 20:00:00+00:00,2023-03-16 21:00:00+00:00,False
BTC/USDT,2023-03-19 19:00:00+00:00,2023-03-19 20:00:00+00:00,False
BTC/USDT,2023-03-21 18:00:00+00:00,2023-03-21 19:00:00+00:00,False
BTC/USDT,2023-03-24 00:00:00+00:00,2023-03-24 01:00:00+00:00,False
BTC/USDT,2023-03-26 14:00:00+00:00,2023-03-26 15:00:00+00:00,False
BTC/USDT,2023-03-29 07:00:00+00:00,2023-03-29 08:00:00+00:00,False
BTC/USDT,2023-04-01 03:00:00+00:00,2023-04-01 04:00:00+00:00,False
BTC/USDT,2023-04-04 17:00:00+00:00,2023-04-04 18:00:00+00:00,False
BTC/USDT,2023-04-08 10:00:00+00:00,2023-04-08 11:00:00+00:00,False
BTC/USDT,2023-04-09 22:00:00+00:00,2023-04-09 23:00:00+00:00,False
BTC/USDT,2023-04-13 14:00:00+00:00,2023-04-13 15:00:00+00:00,False
BTC/USDT,2023-04-18 18:00:00+00:00,2023-04-18 19:00:00+00:00,False
BTC/USDT,2023-04-23 08:00:00+00:00,2023-04-23 09:00:00+00:00,False
BTC/USDT,2023-04-25 22:00:00+00:00,2023-04-25 23:00:00+00:00,False
BTC/USDT,2023-04-29 09:00:00+00:00,2023-04-29 10:00:00+00:00,False
BTC/USDT,2023-04-30 17:00:00+00:00,2023-04-30 18:00:00+00:00,False
BTC/USDT,2023-05-03 01:00:00+00:00,2023-05-03 02:00:00+00:00,False
BTC/USDT,2023-05-10 12:00:00+00:00,2023-05-10 13:00:00+00:00,False
BTC/USDT,2023-05-13 13:00:00+00:00,2023-05-13 14:00:00+00:00,False
BTC/USDT,2023-05-18 03:00:00+00:00,2023-05-18 04:00:00+00:00,False
BTC/USDT,2023-05-20 15:00:00+00:00,2023-05-20 16:00:00+00:00,False
BTC/USDT,2023-05-23 03:00:00+00:00,2023-05-23 04:00:00+00:00,False
BTC/USDT,2023-05-26 06:00:00+00:00,2023-05-26 07:00:00+00:00,False
BTC/USDT,2023-06-02 11:00:00+00:00,2023-06-02 12:00:00+00:00,False
BTC/USDT,2023-06-04 20:00:00+00:00,2023-06-04 21:00:00+00:00,False
BTC/USDT,2023-06-07 01:00:00+00:00,2023-06-07 02:00:00+00:00,False
BTC/USDT,2023-06-09 06:00:00+00:00,2023-06-09 07:00:00+00:00,False
BTC/USDT,2023-06-12 00:00:00+00:00,2023-06-12 01:00:00+00:00,False
BTC/USDT,2023-06-14 18:00:00+00:00,2023-06-14 19:00:00+00:00,False
BTC/USDT,2023-06-16 09:00:00+00:00,2023-06-16 10:00:00+00:00,False
BTC/USDT,2023-06-19 22:00:00+00:00,2023-06-19 23:00:00+00:00,False
BTC/USDT,2023-06-23 15:00:00+00:00,2023-06-23 16:00:00+00:00,False
BTC/USDT,2023-06-25 11:00:00+00:00,2023-06-25 12:00:00+00:00,False
BTC/USDT,2023-06-25 19:00:00+00:00,2023-06-25 20:00:00+00:00,False
BTC/USDT,2023-06-27 14:00:00+00:00,2023-06-27 15:00:00+00:00,False
BTC/USDT,2023-06-29 19:00:00+00:00,2023-06-29 20:00:00+00:00,False
BTC/USDT,2023-07-02 00:00:00+00:00,2023-07-02 01:00:00+00:00,False
BTC/USDT,2023-07-08 12:00:00+00:00,2023-07-08 13:00:00+00:00,False
BTC/USDT,2023-07-09 08:00:00+00:00,2023-07-09 09:00:00+00:00,False
BTC/USDT,2023-07-09 14:00:00+00:00,2023-07-09 15:00:00+00:00,False
BTC/USDT,2023-07-10 20:00:00+00:00,2023-07-10 21:00:00+00:00,False
BTC/USDT,2023-07-13 19:00:00+00:00,2023-07-13 20:00:00+00:00,False
BTC/USDT,2023-07-16 19:00:00+00:00,2023-07-16 20:00:00+00:00,False
BTC/USDT,2023-07-17 00:00:00+00:00,2023-07-17 01:00:00+00:00,False
BTC/USDT,2023-07-19 17:00:00+00:00,2023-07-19 18:00:00+00:00,False
BTC/USDT,2023-07-22 09:00:00+00:00,2023-07-22 10:00:00+00:00,False
BTC/USDT,2023-07-23 17:00:00+00:00,2023-07-23 18:00:00+00:00,False
BTC/USDT,2023-07-26 07:00:00+00:00,2023-07-26 08:00:00+00:00,False
BTC/USDT,2023-07-29 04:00:00+00:00,2023-07-29 05:00:00+00:00,False
BTC/USDT,2023-07-30 16:00:00+00:00,2023-07-30 17:00:00+00:00,False
BTC/USDT,2023-07-31 03:00:00+00:00,2023-07-31 04:00:00+00:00,False
BTC/USDT,2023-08-02 04:00:00+00:00,2023-08-02 05:00:00+00:00,False
BTC/USDT,2023-08-04 09:00:00+00:00,2023-08-04 10:00:00+00:00,False
BTC/USDT,2023-08-06 18:00:00+00:00,2023-08-06 19:00:00+00:00,False
BTC/USDT,2023-08-12 23:00:00+00:00,2023-08-13 00:00:00+00:00,False
BTC/USDT,2023-08-14 17:00:00+00:00,2023-08-14 18:00:00+00:00,False
BTC/USDT,2023-08-20 08:00:00+00:00,2023-08-20 09:00:00+00:00,False
BTC/USDT,2023-08-23 17:00:00+00:00,2023-08-23 18:00:00+00:00,False
BTC/USDT,2023-08-26 15:00:00+00:00,2023-08-26 16:00:00+00:00,False
BTC/USDT,2023-08-27 12:00:00+00:00,2023-08-27 13:00:00+00:00,False
BTC/USDT,2023-08-29 02:00:00+00:00,2023-08-29 03:00:00+00:00,False
BTC/USDT,2023-08-29 14:00:00+00:00,2023-08-29 15:00:00+00:00,False
BTC/USDT,2023-09-03 05:00:00+00:00,2023-09-03 06:00:00+00:00,False
BTC/USDT,2023-09-07 12:00:00+00:00,2023-09-07 13:00:00+00:00,False
BTC/USDT,2023-09-07 14:00:00+00:00,2023-09-07 15:00:00+00:00,False
BTC/USDT,2023-09-12 15:00:00+00:00,2023-09-12 16:00:00+00:00,False
BTC/USDT,2023-09-16 13:00:00+00:00,2023-09-16 14:00:00+00:00,False
BTC/USDT,2023-09-18 04:00:00+00:00,2023-09-18 05:00:00+00:00,False
BTC/USDT,2023-09-24 11:00:00+00:00,2023-09-24 12:00:00+00:00,False
BTC/USDT,2023-09-24 17:00:00+00:00,2023-09-24 18:00:00+00:00,False
BTC/USDT,2023-09-26 20:00:00+00:00,2023-09-26 21:00:00+00:00,False
BTC/USDT,2023-09-27 11:00:00+00:00,2023-09-27 12:00:00+00:00,False
BTC/USDT,2023-09-30 21:00:00+00:00,2023-09-30 22:00:00+00:00,False
BTC/USDT,2023-10-04 21:00:00+00:00,2023-10-04 22:00:00+00:00,False
BTC/USDT,2023-10-06 19:00:00+00:00,2023-10-06 20:00:00+00:00,False
BTC/USDT,2023-10-13 14:00:00+00:00,2023-10-13 15:00:00+00:00,False
BTC/USDT,2023-10-15 15:00:00+00:00,2023-10-15 16:00:00+00:00,False
BTC/USDT,2023-10-19 18:00:00+00:00,2023-10-19 19:00:00+00:00,False
BTC/USDT,2023-10-28 15:00:00+00:00,2023-10-28 16:00:00+00:00,False
BTC/USDT,2023-11-01 02:00:00+00:00,2023-11-01 03:00:00+00:00,False
BTC/USDT,2023-11-04 13:00:00+00:00,2023-11-04 14:00:00+00:00,False
BTC/USDT,2023-11-06 09:00:00+00:00,2023-11-06 10:00:00+00:00,False
BTC/USDT,2023-11-08 00:00:00+00:00,2023-11-08 01:00:00+00:00,False
BTC/USDT,2023-11-12 22:00:00+00:00,2023-11-12 23:00:00+00:00,False
BTC/USDT,2023-11-15 21:00:00+00:00,2023-11-15 22:00:00+00:00,False
BTC/USDT,2023-11-18 12:00:00+00:00,2023-11-18 13:00:00+00:00,False
BTC/USDT,2023-11-23 02:00:00+00:00,2023-11-23 03:00:00+00:00,False
BTC/USDT,2023-11-28 17:00:00+00:00,2023-11-28 18:00:00+00:00,False
BTC/USDT,2023-12-01 09:00:00+00:00,2023-12-01 10:00:00+00:00,False
BTC/USDT,2023-12-08 20:00:00+00:00,2023-12-08 21:00:00+00:00,False
BTC/USDT,2023-12-13 20:00:00+00:00,2023-12-13 21:00:00+00:00,False
BTC/USDT,2023-12-19 02:00:00+00:00,2023-12-19 03:00:00+00:00,False
BTC/USDT,2023-12-24 04:00:00+00:00,2023-12-24 05:00:00+00:00,False
BTC/USDT,2023-12-26 04:00:00+00:00,2023-12-26 05:00:00+00:00,False
BTC/USDT,2023-12-27 21:00:00+00:00,2023-12-27 22:00:00+00:00,False
BTC/USDT,2023-12-31 06:00:00+00:00,2023-12-31 07:00:00+00:00,False
BTC/USDT,2024-01-05 02:00:00+00:00,2024-01-05 03:00:00+00:00,False
BTC/USDT,2024-01-06 12:00:00+00:00,2024-01-06 13:00:00+00:00,False
BTC/USDT,2024-01-07 00:00:00+00:00,2024-01-07 01:00:00+00:00,False
BTC/USDT,2024-01-08 12:00:00+00:00,2024-01-08 13:00:00+00:00,False
BTC/USDT,2024-01-11 09:00:00+00:00,2024-01-11 10:00:00+00:00,False
BTC/USDT,2024-01-16 06:00:00+00:00,2024-01-16 07:00:00+00:00,False
BTC/USDT,2024-01-20 11:00:00+00:00,2024-01-20 12:00:00+00:00,False
BTC/USDT,2024-01-24 14:00:00+00:00,2024-01-24 15:00:00+00:00,False
BTC/USDT,2024-01-26 11:00:00+00:00,2024-01-26 12:00:00+00:00,False
BTC/USDT,2024-01-29 16:00:00+00:00,2024-01-29 17:00:00+00:00,False
BTC/USDT,2024-02-02 04:00:00+00:00,2024-02-02 05:00:00+00:00,False
BTC/USDT,2024-02-05 22:00:00+00:00,2024-02-05 23:00:00+00:00,False
BTC/USDT,2024-02-06 16:00:00+00:00,2024-02-06 17:00:00+00:00,False
BTC/USDT,2024-02-14 10:00:00+00:00,2024-02-14 11:00:00+00:00,False
BTC/USDT,2024-02-16 16:00:00+00:00,2024-02-16 17:00:00+00:00,False
BTC/USDT,2024-02-17 04:00:00+00:00,2024-02-17 05:00:00+00:00,False
BTC/USDT,2024-02-18 19:00:00+00:00,2024-02-18 20:00:00+00:00,False
BTC/USDT,2024-02-21 04:00:00+00:00,2024-02-21 05:00:00+00:00,False
BTC/USDT,2024-02-22 16:00:00+00:00,2024-02-22 17:00:00+00:00,False
BTC/USDT,2024-02-24 21:00:00+00:00,2024-02-24 22:00:00+00:00,False
BTC/USDT,2024-02-26 16:00:00+00:00,2024-02-26 17:00:00+00:00,False
BTC/USDT,2024-03-01 23:00:00+00:00,2024-03-02 00:00:00+00:00,False
BTC/USDT,2024-03-03 19:00:00+00:00,2024-03-03 20:00:00+00:00,False
BTC/USDT,2024-03-06 22:00:00+00:00,2024-03-06 23:00:00+00:00,False
BTC/USDT,2024-03-13 12:00:00+00:00,2024-03-13 13:00:00+00:00,False
BTC/USDT,2024-03-18 03:00:00+00:00,2024-03-18 04:00:00+00:00,False
BTC/USDT,2024-03-21 00:00:00+00:00,2024-03-21 01:00:00+00:00,False
BTC/USDT,2024-03-23 21:00:00+00:00,2024-03-23 22:00:00+00:00,False
BTC/USDT,2024-03-28 14:00:00+00:00,2024-03-28 15:00:00+00:00,False
BTC/USDT,2024-03-31 02:00:00+00:00,2024-03-31 03:00:00+00:00,False
BTC/USDT,2024-04-04 03:00:00+00:00,2024-04-04 04:00:00+00:00,False
BTC/USDT,2024-04-04 07:00:00+00:00,2024-04-04 08:00:00+00:00,False
BTC/USDT,2024-04-11 05:00:00+00:00,2024-04-11 06:00:00+00:00,False
BTC/USDT,2024-04-15 10:00:00+00:00,2024-04-15 11:00:00+00:00,False
BTC/USDT,2024-04-17 13:00:00+00:00,2024-04-17 14:00:00+00:00,False
BTC/USDT,2024-04-18 22:00:00+00:00,2024-04-18 23:00:00+00:00,False
BTC/USDT,2024-04-26 11:00:00+00:00,2024-04-26 12:00:00+00:00,False
BTC/USDT,2024-04-28 10:00:00+00:00,2024-04-28 11:00:00+00:00,False
BTC/USDT,2024-04-30 07:00:00+00:00,2024-04-30 08:00:00+00:00,False
BTC/USDT,2024-05-02 22:00:00+00:00,2024-05-02 23:00:00+00:00,False
BTC/USDT,2024-05-10 03:00:00+00:00,2024-05-10 04:00:00+00:00,False
BTC/USDT,2024-05-12 13:00:00+00:00,2024-05-12 14:00:00+00:00,False
BTC/USDT,2024-05-15 15:00:00+00:00,2024-05-15 16:00:00+00:00,False
BTC/USDT,2024-05-20 17:00:00+00:00,2024-05-20 18:00:00+00:00,False
BTC/USDT,2024-05-25 04:00:00+00:00,2024-05-25 05:00:00+00:00,False
BTC/USDT,2024-05-27 18:00:00+00:00,2024-05-27 19:00:00+00:00,False
BTC/USDT,2024-05-30 17:00:00+00:00,2024-05-30 18:00:00+00:00,False
BTC/USDT,2024-06-02 07:00:00+00:00,2024-06-02 08:00:00+00:00,False
BTC/USDT,2024-06-07 15:00:00+00:00,2024-06-07 16:00:00+00:00,False
BTC/USDT,2024-06-09 18:00:00+00:00,2024-06-09 19:00:00+00:00,False
BTC/USDT,2024-06-12 17:00:00+00:00,2024-06-12 18:00:00+00:00,False
BTC/USDT,2024-06-16 11:00:00+00:00,2024-06-16 12:00:00+00:00,False
BTC/USDT,2024-06-20 09:00:00+00:00,2024-06-20 10:00:00+00:00,False
BTC/USDT,2024-06-22 21:00:00+00:00,2024-06-22 22:00:00+00:00,False
BTC/USDT,2024-06-25 23:00:00+00:00,2024-06-26 00:00:00+00:00,False
BTC/USDT,2024-06-28 00:00:00+00:00,2024-06-28 01:00:00+00:00,False
BTC/USDT,2024-06-30 06:00:00+00:00,2024-06-30 07:00:00+00:00,False
BTC/USDT,2024-07-06 12:00:00+00:00,2024-07-06 13:00:00+00:00,False
BTC/USDT,2024-07-09 06:00:00+00:00,2024-07-09 07:00:00+00:00,False
BTC/USDT,2024-07-13 03:00:00+00:00,2024-07-13 04:00:00+00:00,False
BTC/USDT,2024-07-19 17:00:00+00:00,2024-07-19 18:00:00+00:00,False
BTC/USDT,2024-07-26 06:00:00+00:00,2024-07-26 07:00:00+00:00,False
BTC/USDT,2024-07-29 04:00:00+00:00,2024-07-29 05:00:00+00:00,False
BTC/USDT,2024-08-06 15:00:00+00:00,2024-08-06 16:00:00+00:00,False
BTC/USDT,2024-08-08 14:00:00+00:00,2024-08-08 15:00:00+00:00,False
BTC/USDT,2024-08-11 00:00:00+00:00,2024-08-11 01:00:00+00:00,False
BTC/USDT,2024-08-13 15:00:00+00:00,2024-08-13 16:00:00+00:00,False
BTC/USDT,2024-08-16 20:00:00+00:00,2024-08-16 21:00:00+00:00,False
BTC/USDT,2024-08-20 05:00:00+00:00,2024-08-20 06:00:00+00:00,False
BTC/USDT,2024-08-21 22:00:00+00:00,2024-08-21 23:00:00+00:00,False
BTC/USDT,2024-08-25 23:00:00+00:00,2024-08-26 00:00:00+00:00,False
BTC/USDT,2024-08-26 02:00:00+00:00,2024-08-26 03:00:00+00:00,False
BTC/USDT,2024-08-29 18:00:00+00:00,2024-08-29 19:00:00+00:00,False
BTC/USDT,2024-09-02 22:00:00+00:00,2024-09-02 23:00:00+00:00,False
BTC/USDT,2024-09-05 08:00:00+00:00,2024-09-05 09:00:00+00:00,False
BTC/USDT,2024-09-08 13:00:00+00:00,2024-09-08 14:00:00+00:00,False
BTC/USDT,2024-09-12 02:00:00+00:00,2024-09-12 03:00:00+00:00,False
BTC/USDT,2024-09-17 16:00:00+00:00,2024-09-17 17:00:00+00:00,False
BTC/USDT,2024-09-22 06:00:00+00:00,2024-09-22 07:00:00+00:00,False
BTC/USDT,2024-09-23 03:00:00+00:00,2024-09-23 04:00:00+00:00,False
BTC/USDT,2024-09-24 21:00:00+00:00,2024-09-24 22:00:00+00:00,False
BTC/USDT,2024-09-26 16:00:00+00:00,2024-09-26 17:00:00+00:00,False
BTC/USDT,2024-10-04 11:00:00+00:00,2024-10-04 12:00:00+00:00,False
BTC/USDT,2024-10-06 16:00:00+00:00,2024-10-06 17:00:00+00:00,False
BTC/USDT,2024-10-11 16:00:00+00:00,2024-10-11 17:00:00+00:00,False
BTC/USDT,2024-10-14 07:00:00+00:00,2024-10-14 08:00:00+00:00,False
BTC/USDT,2024-10-18 09:00:00+00:00,2024-10-18 10:00:00+00:00,False
BTC/USDT,2024-10-20 17:00:00+00:00,2024-10-20 18:00:00+00:00,False
BTC/USDT,2024-10-24 13:00:00+00:00,2024-10-24 14:00:00+00:00,False
BTC/USDT,2024-10-27 13:00:00+00:00,2024-10-27 14:00:00+00:00,False
BTC/USDT,2024-11-04 13:00:00+00:00,2024-11-04 14:00:00+00:00,False
BTC/USDT,2024-11-05 16:00:00+00:00,2024-11-05 17:00:00+00:00,False
BTC/USDT,2024-11-16 00:00:00+00:00,2024-11-16 01:00:00+00:00,False
BTC/USDT,2024-11-18 15:00:00+00:00,2024-11-18 16:00:00+00:00,False
BTC/USDT,2024-11-25 16:00:00+00:00,2024-11-25 17:00:00+00:00,False
BTC/USDT,2024-11-27 18:00:00+00:00,2024-11-27 19:00:00+00:00,False
BTC/USDT,2024-12-01 20:00:00+00:00,2024-12-01 21:00:00+00:00,False
BTC/USDT,2024-12-04 07:00:00+00:00,2024-12-04 08:00:00+00:00,False
BTC/USDT,2024-12-07 07:00:00+00:00,2024-12-07 08:00:00+00:00,False
BTC/USDT,2024-12-08 23:00:00+00:00,2024-12-09 00:00:00+00:00,False
BTC/USDT,2024-12-11 14:00:00+00:00,2024-12-11 15:00:00+00:00,False
BTC/USDT,2024-12-13 23:00:00+00:00,2024-12-14 00:00:00+00:00,False
BTC/USDT,2024-12-21 12:00:00+00:00,2024-12-21 13:00:00+00:00,False
BTC/USDT,2024-12-24 16:00:00+00:00,2024-12-24 17:00:00+00:00,False
BTC/USDT,2024-12-29 08:00:00+00:00,2024-12-29 09:00:00+00:00,False
BTC/USDT,2024-12-31 17:00:00+00:00,2024-12-31 18:00:00+00:00,False
ETH/USDT,2019-01-01 22:00:00+00:00,2019-01-01 23:00:00+00:00,False
ETH/USDT,2019-01-04 16:00:00+00:00,2019-01-04 17:00:00+00:00,False
ETH/USDT,2019-01-07 08:00:00+00:00,2019-01-07 09:00:00+00:00,False
ETH/USDT,2019-01-09 13:00:00+00:00,2019-01-09 14:00:00+00:00,False
ETH/USDT,2019-01-14 22:00:00+00:00,2019-01-14 23:00:00+00:00,False
ETH/USDT,2019-01-18 10:00:00+00:00,2019-01-18 11:00:00+00:00,False
ETH/USDT,2019-01-19 14:00:00+00:00,2019-01-19 15:00:00+00:00,False
ETH/USDT,2019-01-22 19:00:00+00:00,2019-01-22 20:00:00+00:00,False
ETH/USDT,2019-01-26 15:00:00+00:00,2019-01-26 16:00:00+00:00,False
ETH/USDT,2019-01-30 04:00:00+00:00,2019-01-30 05:00:00+00:00,False
ETH/USDT,2019-02-02 03:00:00+00:00,2019-02-02 04:00:00+00:00,False
ETH/USDT,2019-02-05 07:00:00+00:00,2019-02-05 08:00:00+00:00,False
ETH/USDT,2019-02-07 14:00:00+00:00,2019-02-07 15:00:00+00:00,False
ETH/USDT,2019-02-11 04:00:00+00:00,2019-02-11 05:00:00+00:00,False
ETH/USDT,2019-02-12 21:00:00+00:00,2019-02-12 22:00:00+00:00,False
ETH/USDT,2019-02-15 20:00:00+00:00,2019-02-15 21:00:00+00:00,False
ETH/USDT,2019-02-16 05:00:00+00:00,2019-02-16 06:00:00+00:00,False
ETH/USDT,2019-02-21 00:00:00+00:00,2019-02-21 01:00:00+00:00,False
ETH/USDT,2019-02-22 14:00:00+00:00,2019-02-22 15:00:00+00:00,False
ETH/USDT,2019-02-27 18:00:00+00:00,2019-02-27 19:00:00+00:00,False
ETH/USDT,2019-02-28 01:00:00+00:00,2019-02-28 02:00:00+00:00,False
ETH/USDT,2019-02-28 18:00:00+00:00,2019-02-28 19:00:00+00:00,False
ETH/USDT,2019-03-01 15:00:00+00:00,2019-03-01 16:00:00+00:00,False
ETH/USDT,2019-03-05 16:00:00+00:00,2019-03-05 17:00:00+00:00,False
ETH/USDT,2019-03-09 21:00:00+00:00,2019-03-09 22:00:00+00:00,False
ETH/USDT,2019-03-13 00:00:00+00:00,2019-03-13 01:00:00+00:00,False
ETH/USDT,2019-03-15 01:00:00+00:00,2019-03-15 02:00:00+00:00,False
ETH/USDT,2019-03-20 04:00:00+00:00,2019-03-20 05:00:00+00:00,False
ETH/USDT,2019-03-20 22:00:00+00:00,2019-03-20 23:00:00+00:00,False
ETH/USDT,2019-03-23 04:00:00+00:00,2019-03-23 05:00:00+00:00,False
ETH/USDT,2019-03-27 06:00:00+00:00,2019-03-27 07:00:00+00:00,False
ETH/USDT,2019-03-29 09:00:00+00:00,2019-03-29 10:00:00+00:00,False
ETH/USDT,2019-04-01 06:00:00+00:00,2019-04-01 07:00:00+00:00,False
ETH/USDT,2019-04-05 18:00:00+00:00,2019-04-05 19:00:00+00:00,False
ETH/USDT,2019-04-10 08:00:00+00:00,2019-04-10 09:00:00+00:00,False
ETH/USDT,2019-04-13 07:00:00+00:00,2019-04-13 08:00:00+00:00,False
ETH/USDT,2019-04-14 23:00:00+00:00,2019-04-15 00:00:00+00:00,False
ETH/USDT,2019-04-17 02:00:00+00:00,2019-04-17 03:00:00+00:00,False
ETH/USDT,2019-04-22 20:00:00+00:00,2019-04-22 21:00:00+00:00,False
ETH/USDT,2019-04-27 17:00:00+00:00,2019-04-27 18:00:00+00:00,False
ETH/USDT,2019-04-30 16:00:00+00:00,2019-04-30 17:00:00+00:00,False
ETH/USDT,2019-05-02 15:00:00+00:00,2019-05-02 16:00:00+00:00,False
ETH/USDT,2019-05-06 15:00:00+00:00,2019-05-06 16:00:00+00:00,False
ETH/USDT,2019-05-10 08:00:00+00:00,2019-05-10 09:00:00+00:00,False
ETH/USDT,2019-05-13 19:00:00+00:00,2019-05-13 20:00:00+00:00,False
ETH/USDT,2019-05-19 03:00:00+00:00,2019-05-19 04:00:00+00:00,False
ETH/USDT,2019-05-21 18:00:00+00:00,2019-05-21 19:00:00+00:00,False
ETH/USDT,2019-05-24 11:00:00+00:00,2019-05-24 12:00:00+00:00,False
ETH/USDT,2019-05-26 22:00:00+00:00,2019-05-26 23:00:00+00:00,False
ETH/USDT,2019-05-30 02:00:00+00:00,2019-05-30 03:00:00+00:00,False
ETH/USDT,2019-06-01 09:00:00+00:00,2019-06-01 10:00:00+00:00,False
ETH/USDT,2019-06-06 01:00:00+00:00,2019-06-06 02:00:00+00:00,False
ETH/USDT,2019-06-07 10:00:00+00:00,2019-06-07 11:00:00+00:00,False
ETH/USDT,2019-06-10 20:00:00+00:00,2019-06-10 21:00:00+00:00,False
ETH/USDT,2019-06-15 02:00:00+00:00,2019-06-15 03:00:00+00:00,False
ETH/USDT,2019-06-19 23:00:00+00:00,2019-06-20 00:00:00+00:00,False
ETH/USDT,2019-06-25 05:00:00+00:00,2019-06-25 06:00:00+00:00,False
ETH/USDT,2019-06-29 08:00:00+00:00,2019-06-29 09:00:00+00:00,False
ETH/USDT,2019-07-03 05:00:00+00:00,2019-07-03 06:00:00+00:00,False
ETH/USDT,2019-07-06 11:00:00+00:00,2019-07-06 12:00:00+00:00,False
ETH/USDT,2019-07-07 18:00:00+00:00,2019-07-07 19:00:00+00:00,False
ETH/USDT,2019-07-13 00:00:00+00:00,2019-07-13 01:00:00+00:00,False
ETH/USDT,2019-07-18 05:00:00+00:00,2019-07-18 06:00:00+00:00,False
ETH/USDT,2019-07-20 04:00:00+00:00,2019-07-20 05:00:00+00:00,False
ETH/USDT,2019-07-25 02:00:00+00:00,2019-07-25 03:00:00+00:00,False
ETH/USDT,2019-07-27 06:00:00+00:00,2019-07-27 07:00:00+00:00,False
ETH/USDT,2019-07-29 06:00:00+00:00,2019-07-29 07:00:00+00:00,False
ETH/USDT,2019-07-31 03:00:00+00:00,2019-07-31 04:00:00+00:00,False
ETH/USDT,2019-08-05 03:00:00+00:00,2019-08-05 04:00:00+00:00,False
ETH/USDT,2019-08-11 14:00:00+00:00,2019-08-11 15:00:00+00:00,False
ETH/USDT,2019-08-17 10:00:00+00:00,2019-08-17 11:00:00+00:00,False
ETH/USDT,2019-08-18 03:00:00+00:00,2019-08-18 04:00:00+00:00,False
ETH/USDT,2019-08-18 11:00:00+00:00,2019-08-18 12:00:00+00:00,False
ETH/USDT,2019-08-22 22:00:00+00:00,2019-08-22 23:00:00+00:00,False
ETH/USDT,2019-08-26 14:00:00+00:00,2019-08-26 15:00:00+00:00,False
ETH/USDT,2019-08-31 02:00:00+00:00,2019-08-31 03:00:00+00:00,False
ETH/USDT,2019-08-31 14:00:00+00:00,2019-08-31 15:00:00+00:00,False
ETH/USDT,2019-08-31 23:00:00+00:00,2019-09-01 00:00:00+00:00,False
ETH/USDT,2019-09-06 13:00:00+00:00,2019-09-06 14:00:00+00:00,False
ETH/USDT,2019-09-07 22:00:00+00:00,2019-09-07 23:00:00+00:00,False
ETH/USDT,2019-09-09 23:00:00+00:00,2019-09-10 00:00:00+00:00,False
ETH/USDT,2019-09-12 20:00:00+00:00,2019-09-12 21:00:00+00:00,False
ETH/USDT,2019-09-19 23:00:00+00:00,2019-09-20 00:00:00+00:00,False
ETH/USDT,2019-09-27 23:00:00+00:00,2019-09-28 00:00:00+00:00,False
ETH/USDT,2019-09-30 16:00:00+00:00,2019-09-30 17:00:00+00:00,False
ETH/USDT,2019-10-03 05:00:00+00:00,2019-10-03 06:00:00+00:00,False
ETH/USDT,2019-10-05 01:00:00+00:00,2019-10-05 02:00:00+00:00,False
ETH/USDT,2019-10-07 18:00:00+00:00,2019-10-07 19:00:00+00:00,False
ETH/USDT,2019-10-13 19:00:00+00:00,2019-10-13 20:00:00+00:00,False
ETH/USDT,2019-10-18 00:00:00+00:00,2019-10-18 01:00:00+00:00,False
ETH/USDT,2019-10-20 23:00:00+00:00,2019-10-21 00:00:00+00:00,False
ETH/USDT,2019-10-25 09:00:00+00:00,2019-10-25 10:00:00+00:00,False
ETH/USDT,2019-10-27 21:00:00+00:00,2019-10-27 22:00:00+00:00,False
ETH/USDT,2019-10-29 04:00:00+00:00,2019-10-29 05:00:00+00:00,False
ETH/USDT,2019-10-29 11:00:00+00:00,2019-10-29 12:00:00+00:00,False
ETH/USDT,2019-11-02 05:00:00+00:00,2019-11-02 06:00:00+00:00,False
ETH/USDT,2019-11-04 16:00:00+00:00,2019-11-04 17:00:00+00:00,False
ETH/USDT,2019-11-10 05:00:00+00:00,2019-11-10 06:00:00+00:00,False
ETH/USDT,2019-11-13 10:00:00+00:00,2019-11-13 11:00:00+00:00,False
ETH/USDT,2019-11-16 23:00:00+00:00,2019-11-17 00:00:00+00:00,False
ETH/USDT,2019-11-24 06:00:00+00:00,2019-11-24 07:00:00+00:00,False
ETH/USDT,2019-11-26 02:00:00+00:00,2019-11-26 03:00:00+00:00,False
ETH/USDT,2019-11-27 16:00:00+00:00,2019-11-27 17:00:00+00:00,False
ETH/USDT,2019-12-02 12:00:00+00:00,2019-12-02 13:00:00+00:00,False
ETH/USDT,2019-12-05 05:00:00+00:00,2019-12-05 06:00:00+00:00,False
ETH/USDT,2019-12-05 21:00:00+00:00,2019-12-05 22:00:00+00:00,False
ETH/USDT,2019-12-08 18:00:00+00:00,2019-12-08 19:00:00+00:00,False
ETH/USDT,2019-12-13 02:00:00+00:00,2019-12-13 03:00:00+00:00,False
ETH/USDT,2019-12-16 02:00:00+00:00,2019-12-16 03:00:00+00:00,False
ETH/USDT,2019-12-16 06:00:00+00:00,2019-12-16 07:00:00+00:00,False
ETH/USDT,2019-12-19 04:00:00+00:00,2019-12-19 05:00:00+00:00,False
ETH/USDT,2019-12-21 00:00:00+00:00,2019-12-21 01:00:00+00:00,False
ETH/USDT,2019-12-22 11:00:00+00:00,2019-12-22 12:00:00+00:00,False
ETH/USDT,2019-12-26 19:00:00+00:00,2019-12-26 20:00:00+00:00,False
ETH/USDT,2019-12-28 05:00:00+00:00,2019-12-28 06:00:00+00:00,False
ETH/USDT,2020-01-01 19:00:00+00:00,2020-01-01 20:00:00+00:00,False
ETH/USDT,2020-01-03 17:00:00+00:00,2020-01-03 18:00:00+00:00,False
ETH/USDT,2020-01-10 20:00:00+00:00,2020-01-10 21:00:00+00:00,False
ETH/USDT,2020-01-14 04:00:00+00:00,2020-01-14 05:00:00+00:00,False
ETH/USDT,2020-01-17 04:00:00+00:00,2020-01-17 05:00:00+00:00,False
ETH/USDT,2020-01-21 08:00:00+00:00,2020-01-21 09:00:00+00:00,False
ETH/USDT,2020-01-26 02:00:00+00:00,2020-01-26 03:00:00+00:00,False
ETH/USDT,2020-01-30 18:00:00+00:00,2020-01-30 19:00:00+00:00,False
ETH/USDT,2020-02-05 07:00:00+00:00,2020-02-05 08:00:00+00:00,False
ETH/USDT,2020-02-11 19:00:00+00:00,2020-02-11 20:00:00+00:00,False
ETH/USDT,2020-02-18 04:00:00+00:00,2020-02-18 05:00:00+00:00,False
ETH/USDT,2020-02-21 18:00:00+00:00,2020-02-21 19:00:00+00:00,False
ETH/USDT,2020-02-23 05:00:00+00:00,2020-02-23 06:00:00+00:00,False
ETH/USDT,2020-02-28 03:00:00+00:00,2020-02-28 04:00:00+00:00,False
ETH/USDT,2020-02-29 17:00:00+00:00,2020-02-29 18:00:00+00:00,False
ETH/USDT,2020-03-02 15:00:00+00:00,2020-03-02 16:00:00+00:00,False
ETH/USDT,2020-03-05 10:00:00+00:00,2020-03-05 11:00:00+00:00,False
ETH/USDT,2020-03-10 22:00:00+00:00,2020-03-10 23:00:00+00:00,False
ETH/USDT,2020-03-14 10:00:00+00:00,2020-03-14 11:00:00+00:00,False
ETH/USDT,2020-03-17 18:00:00+00:00,2020-03-17 19:00:00+00:00,False
ETH/USDT,2020-03-19 07:00:00+00:00,2020-03-19 08:00:00+00:00,False
ETH/USDT,2020-03-24 01:00:00+00:00,2020-03-24 02:00:00+00:00,False
ETH/USDT,2020-03-27 05:00:00+00:00,2020-03-27 06:00:00+00:00,False
ETH/USDT,2020-03-30 16:00:00+00:00,2020-03-30 17:00:00+00:00,False
ETH/USDT,2020-04-02 04:00:00+00:00,2020-04-02 05:00:00+00:00,False
ETH/USDT,2020-04-04 23:00:00+00:00,2020-04-05 00:00:00+00:00,False
ETH/USDT,2020-04-08 20:00:00+00:00,2020-04-08 21:00:00+00:00,False
ETH/USDT,2020-04-12 16:00:00+00:00,2020-04-12 17:00:00+00:00,False
ETH/USDT,2020-04-14 13:00:00+00:00,2020-04-14 14:00:00+00:00,False
ETH/USDT,2020-04-16 12:00:00+00:00,2020-04-16 13:00:00+00:00,False
ETH/USDT,2020-04-22 12:00:00+00:00,2020-04-22 13:00:00+00:00,False
ETH/USDT,2020-04-28 16:00:00+00:00,2020-04-28 17:00:00+00:00,False
ETH/USDT,2020-05-02 07:00:00+00:00,2020-05-02 08:00:00+00:00,False
ETH/USDT,2020-05-05 08:00:00+00:00,2020-05-05 09:00:00+00:00,False
ETH/USDT,2020-05-06 07:00:00+00:00,2020-05-06 08:00:00+00:00,False
ETH/USDT,2020-05-06 10:00:00+00:00,2020-05-06 11:00:00+00:00,False
ETH/USDT,2020-05-07 20:00:00+00:00,2020-05-07 21:00:00+00:00,False
ETH/USDT,2020-05-12 12:00:00+00:00,2020-05-12 13:00:00+00:00,False
ETH/USDT,2020-05-16 18:00:00+00:00,2020-05-16 19:00:00+00:00,False
ETH/USDT,2020-05-22 23:00:00+00:00,2020-05-23 00:00:00+00:00,False
ETH/USDT,2020-05-27 14:00:00+00:00,2020-05-27 15:00:00+00:00,False
ETH/USDT,2020-06-01 19:00:00+00:00,2020-06-01 20:00:00+00:00,False
ETH/USDT,2020-06-04 04:00:00+00:00,2020-06-04 05:00:00+00:00,False
ETH/USDT,2020-06-07 04:00:00+00:00,2020-06-07 05:00:00+00:00,False
ETH/USDT,2020-06-08 09:00:00+00:00,2020-06-08 10:00:00+00:00,False
ETH/USDT,2020-06-10 02:00:00+00:00,2020-06-10 03:00:00+00:00,False
ETH/USDT,2020-06-13 09:00:00+00:00,2020-06-13 10:00:00+00:00,False
ETH/USDT,2020-06-16 09:00:00+00:00,2020-06-16 10:00:00+00:00,False
ETH/USDT,2020-06-21 13:00:00+00:00,2020-06-21 14:00:00+00:00,False
ETH/USDT,2020-06-29 04:00:00+00:00,2020-06-29 05:00:00+00:00,False
ETH/USDT,2020-07-01 14:00:00+00:00,2020-07-01 15:00:00+00:00,False
ETH/USDT,2020-07-04 20:00:00+00:00,2020-07-04 21:00:00+00:00,False
ETH/USDT,2020-07-06 08:00:00+00:00,2020-07-06 09:00:00+00:00,False
ETH/USDT,2020-07-11 15:00:00+00:00,2020-07-11 16:00:00+00:00,False
ETH/USDT,2020-07-12 06:00:00+00:00,2020-07-12 07:00:00+00:00,False
ETH/USDT,2020-07-12 15:00:00+00:00,2020-07-12 16:00:00+00:00,False
ETH/USDT,2020-07-13 02:00:00+00:00,2020-07-13 03:00:00+00:00,False
ETH/USDT,2020-07-15 14:00:00+00:00,2020-07-15 15:00:00+00:00,False
ETH/USDT,2020-07-18 07:00:00+00:00,2020-07-18 08:00:00+00:00,False
ETH/USDT,2020-07-29 14:00:00+00:00,2020-07-29 15:00:00+00:00,False
ETH/USDT,2020-07-30 19:00:00+00:00,2020-07-30 20:00:00+00:00,False
ETH/USDT,2020-08-05 13:00:00+00:00,2020-08-05 14:00:00+00:00,False
ETH/USDT,2020-08-08 23:00:00+00:00,2020-08-09 00:00:00+00:00,False
ETH/USDT,2020-08-13 02:00:00+00:00,2020-08-13 03:00:00+00:00,False
ETH/USDT,2020-08-17 17:00:00+00:00,2020-08-17 18:00:00+00:00,False
ETH/USDT,2020-08-20 23:00:00+00:00,2020-08-21 00:00:00+00:00,False
ETH/USDT,2020-08-23 21:00:00+00:00,2020-08-23 22:00:00+00:00,False
ETH/USDT,2020-08-24 06:00:00+00:00,2020-08-24 07:00:00+00:00,False
ETH/USDT,2020-08-27 06:00:00+00:00,2020-08-27 07:00:00+00:00,False
ETH/USDT,2020-08-28 12:00:00+00:00,2020-08-28 13:00:00+00:00,False
ETH/USDT,2020-09-07 03:00:00+00:00,2020-09-07 04:00:00+00:00,False
ETH/USDT,2020-09-09 18:00:00+00:00,2020-09-09 19:00:00+00:00,False
ETH/USDT,2020-09-11 23:00:00+00:00,2020-09-12 00:00:00+00:00,False
ETH/USDT,2020-09-15 00:00:00+00:00,2020-09-15 01:00:00+00:00,False
ETH/USDT,2020-09-17 03:00:00+00:00,2020-09-17 04:00:00+00:00,False
ETH/USDT,2020-09-20 03:00:00+00:00,2020-09-20 04:00:00+00:00,False
ETH/USDT,2020-09-24 22:00:00+00:00,2020-09-24 23:00:00+00:00,False
ETH/USDT,2020-09-30 23:00:00+00:00,2020-10-01 00:00:00+00:00,False
ETH/USDT,2020-10-03 17:00:00+00:00,2020-10-03 18:00:00+00:00,False
ETH/USDT,2020-10-08 17:00:00+00:00,2020-10-08 18:00:00+00:00,False
ETH/USDT,2020-10-12 13:00:00+00:00,2020-10-12 14:00:00+00:00,False
ETH/USDT,2020-10-18 04:00:00+00:00,2020-10-18 05:00:00+00:00,False
ETH/USDT,2020-10-21 15:00:00+00:00,2020-10-21 16:00:00+00:00,False
ETH/USDT,2020-10-24 23:00:00+00:00,2020-10-25 00:00:00+00:00,False
ETH/USDT,2020-10-27 22:00:00+00:00,2020-10-27 23:00:00+00:00,False
ETH/USDT,2020-10-31 12:00:00+00:00,2020-10-31 13:00:00+00:00,False
ETH/USDT,2020-11-04 07:00:00+00:00,2020-11-04 08:00:00+00:00,False
ETH/USDT,2020-11-09 02:00:00+00:00,2020-11-09 03:00:00+00:00,False
ETH/USDT,2020-11-11 00:00:00+00:00,2020-11-11 01:00:00+00:00,False
ETH/USDT,2020-11-13 13:00:00+00:00,2020-11-13 14:00:00+00:00,False
ETH/USDT,2020-11-16 21:00:00+00:00,2020-11-16 22:00:00+00:00,False
ETH/USDT,2020-11-20 05:00:00+00:00,2020-11-20 06:00:00+00:00,False
ETH/USDT,2020-11-28 11:00:00+00:00,2020-11-28 12:00:00+00:00,False
ETH/USDT,2020-12-03 10:00:00+00:00,2020-12-03 11:00:00+00:00,False
ETH/USDT,2020-12-06 01:00:00+00:00,2020-12-06 02:00:00+00:00,False
ETH/USDT,2020-12-10 04:00:00+00:00,2020-12-10 05:00:00+00:00,False
ETH/USDT,2020-12-12 09:00:00+00:00,2020-12-12 10:00:00+00:00,False
ETH/USDT,2020-12-15 13:00:00+00:00,2020-12-15 14:00:00+00:00,False
ETH/USDT,2020-12-19 12:00:00+00:00,2020-12-19 13:00:00+00:00,False
ETH/USDT,2020-12-23 02:00:00+00:00,2020-12-23 03:00:00+00:00,False
ETH/USDT,2020-12-25 05:00:00+00:00,2020-12-25 06:00:00+00:00,False
ETH/USDT,2020-12-30 00:00:00+00:00,2020-12-30 01:00:00+00:00,False
ETH/USDT,2021-01-02 16:00:00+00:00,2021-01-02 17:00:00+00:00,False
ETH/USDT,2021-01-09 00:00:00+00:00,2021-01-09 01:00:00+00:00,False
ETH/USDT,2021-01-09 18:00:00+00:00,2021-01-09 19:00:00+00:00,False
ETH/USDT,2021-01-12 22:00:00+00:00,2021-01-12 23:00:00+00:00,False
ETH/USDT,2021-01-14 00:00:00+00:00,2021-01-14 01:00:00+00:00,False
ETH/USDT,2021-01-16 17:00:00+00:00,2021-01-16 18:00:00+00:00,False
ETH/USDT,2021-01-18 03:00:00+00:00,2021-01-18 04:00:00+00:00,False
ETH/USDT,2021-01-18 05:00:00+00:00,2021-01-18 06:00:00+00:00,False
ETH/USDT,2021-01-18 10:00:00+00:00,2021-01-18 11:00:00+00:00,False
ETH/USDT,2021-01-18 23:00:00+00:00,2021-01-19 00:00:00+00:00,False
ETH/USDT,2021-01-23 02:00:00+00:00,2021-01-23 03:00:00+00:00,False
ETH/USDT,2021-01-28 16:00:00+00:00,2021-01-28 17:00:00+00:00,False
ETH/USDT,2021-01-31 00:00:00+00:00,2021-01-31 01:00:00+00:00,False
ETH/USDT,2021-02-02 01:00:00+00:00,2021-02-02 02:00:00+00:00,False
ETH/USDT,2021-02-08 16:00:00+00:00,2021-02-08 17:00:00+00:00,False
ETH/USDT,2021-02-11 21:00:00+00:00,2021-02-11 22:00:00+00:00,False
ETH/USDT,2021-02-16 04:00:00+00:00,2021-02-16 05:00:00+00:00,False
ETH/USDT,2021-02-17 18:00:00+00:00,2021-02-17 19:00:00+00:00,False
ETH/USDT,2021-02-24 16:00:00+00:00,2021-02-24 17:00:00+00:00,False
ETH/USDT,2021-02-27 21:00:00+00:00,2021-02-27 22:00:00+00:00,False
ETH/USDT,2021-03-01 11:00:00+00:00,2021-03-01 12:00:00+00:00,False
ETH/USDT,2021-03-03 14:00:00+00:00,2021-03-03 15:00:00+00:00,False
ETH/USDT,2021-03-06 07:00:00+00:00,2021-03-06 08:00:00+00:00,False
ETH/USDT,2021-03-12 06:00:00+00:00,2021-03-12 07:00:00+00:00,False
ETH/USDT,2021-03-13 15:00:00+00:00,2021-03-13 16:00:00+00:00,False
ETH/USDT,2021-03-17 03:00:00+00:00,2021-03-17 04:00:00+00:00,False
ETH/USDT,2021-03-17 21:00:00+00:00,2021-03-17 22:00:00+00:00,False
ETH/USDT,2021-03-19 21:00:00+00:00,2021-03-19 22:00:00+00:00,False
ETH/USDT,2021-03-24 20:00:00+00:00,2021-03-24 21:00:00+00:00,False
ETH/USDT,2021-03-26 14:00:00+00:00,2021-03-26 15:00:00+00:00,False
ETH/USDT,2021-03-29 13:00:00+00:00,2021-03-29 14:00:00+00:00,False
ETH/USDT,2021-04-05 14:00:00+00:00,2021-04-05 15:00:00+00:00,False
ETH/USDT,2021-04-08 22:00:00+00:00,2021-04-08 23:00:00+00:00,False
ETH/USDT,2021-04-12 06:00:00+00:00,2021-04-12 07:00:00+00:00,False
ETH/USDT,2021-04-17 09:00:00+00:00,2021-04-17 10:00:00+00:00,False
ETH/USDT,2021-04-19 20:00:00+00:00,2021-04-19 21:00:00+00:00,False
ETH/USDT,2021-04-20 22:00:00+00:00,2021-04-20 23:00:00+00:00,False
ETH/USDT,2021-04-25 22:00:00+00:00,2021-04-25 23:00:00+00:00,False
ETH/USDT,2021-05-05 19:00:00+00:00,2021-05-05 20:00:00+00:00,False
ETH/USDT,2021-05-08 00:00:00+00:00,2021-05-08 01:00:00+00:00,False
ETH/USDT,2021-05-12 00:00:00+00:00,2021-05-12 01:00:00+00:00,False
ETH/USDT,2021-05-14 17:00:00+00:00,2021-05-14 18:00:00+00:00,False
ETH/USDT,2021-05-18 18:00:00+00:00,2021-05-18 19:00:00+00:00,False
ETH/USDT,2021-05-21 00:00:00+00:00,2021-05-21 01:00:00+00:00,False
ETH/USDT,2021-05-24 14:00:00+00:00,2021-05-24 15:00:00+00:00,False
ETH/USDT,2021-05-30 21:00:00+00:00,2021-05-30 22:00:00+00:00,False
ETH/USDT,2021-06-02 08:00:00+00:00,2021-06-02 09:00:00+00:00,False
ETH/USDT,2021-06-02 11:00:00+00:00,2021-06-02 12:00:00+00:00,False
ETH/USDT,2021-06-06 19:00:00+00:00,2021-06-06 20:00:00+00:00,False
ETH/USDT,2021-06-09 21:00:00+00:00,2021-06-09 22:00:00+00:00,False
ETH/USDT,2021-06-13 04:00:00+00:00,2021-06-13 05:00:00+00:00,False
ETH/USDT,2021-06-13 19:00:00+00:00,2021-06-13 20:00:00+00:00,False
ETH/USDT,2021-06-23 09:00:00+00:00,2021-06-23 10:00:00+00:00,False
ETH/USDT,2021-06-24 22:00:00+00:00,2021-06-24 23:00:00+00:00,False
ETH/USDT,2021-06-27 10:00:00+00:00,2021-06-27 11:00:00+00:00,False
ETH/USDT,2021-06-30 23:00:00+00:00,2021-07-01 00:00:00+00:00,False
ETH/USDT,2021-07-03 05:00:00+00:00,2021-07-03 06:00:00+00:00,False
ETH/USDT,2021-07-06 16:00:00+00:00,2021-07-06 17:00:00+00:00,False
ETH/USDT,2021-07-10 07:00:00+00:00,2021-07-10 08:00:00+00:00,False
ETH/USDT,2021-07-11 21:00:00+00:00,2021-07-11 22:00:00+00:00,False
ETH/USDT,2021-07-15 02:00:00+00:00,2021-07-15 03:00:00+00:00,False
ETH/USDT,2021-07-18 02:00:00+00:00,2021-07-18 03:00:00+00:00,False
ETH/USDT,2021-07-21 08:00:00+00:00,2021-07-21 09:00:00+00:00,False
ETH/USDT,2021-07-28 10:00:00+00:00,2021-07-28 11:00:00+00:00,False
ETH/USDT,2021-08-04 17:00:00+00:00,2021-08-04 18:00:00+00:00,False
ETH/USDT,2021-08-09 22:00:00+00:00,2021-08-09 23:00:00+00:00,False
ETH/USDT,2021-08-13 16:00:00+00:00,2021-08-13 17:00:00+00:00,False
ETH/USDT,2021-08-16 08:00:00+00:00,2021-08-16 09:00:00+00:00,False
ETH/USDT,2021-08-19 22:00:00+00:00,2021-08-19 23:00:00+00:00,False
ETH/USDT,2021-08-23 10:00:00+00:00,2021-08-23 11:00:00+00:00,False
ETH/USDT,2021-08-27 19:00:00+00:00,2021-08-27 20:00:00+00:00,False
ETH/USDT,2021-08-30 20:00:00+00:00,2021-08-30 21:00:00+00:00,False
ETH/USDT,2021-09-05 21:00:00+00:00,2021-09-05 22:00:00+00:00,False
ETH/USDT,2021-09-09 09:00:00+00:00,2021-09-09 10:00:00+00:00,False
ETH/USDT,2021-09-12 07:00:00+00:00,2021-09-12 08:00:00+00:00,False
ETH/USDT,2021-09-14 14:00:00+00:00,2021-09-14 15:00:00+00:00,False
ETH/USDT,2021-09-22 22:00:00+00:00,2021-09-22 23:00:00+00:00,False
ETH/USDT,2021-09-26 16:00:00+00:00,2021-09-26 17:00:00+00:00,False
ETH/USDT,2021-09-30 03:00:00+00:00,2021-09-30 04:00:00+00:00,False
ETH/USDT,2021-10-05 10:00:00+00:00,2021-10-05 11:00:00+00:00,False
ETH/USDT,2021-10-11 20:00:00+00:00,2021-10-11 21:00:00+00:00,False
ETH/USDT,2021-10-13 23:00:00+00:00,2021-10-14 00:00:00+00:00,False
ETH/USDT,2021-10-19 18:00:00+00:00,2021-10-19 19:00:00+00:00,False
ETH/USDT,2021-10-23 23:00:00+00:00,2021-10-24 00:00:00+00:00,False
ETH/USDT,2021-10-25 07:00:00+00:00,2021-10-25 08:00:00+00:00,False
ETH/USDT,2021-10-28 19:00:00+00:00,2021-10-28 20:00:00+00:00,False
ETH/USDT,2021-11-01 15:00:00+00:00,2021-11-01 16:00:00+00:00,False
ETH/USDT,2021-11-07 07:00:00+00:00,2021-11-07 08:00:00+00:00,False
ETH/USDT,2021-11-11 23:00:00+00:00,2021-11-12 00:00:00+00:00,False
ETH/USDT,2021-11-14 05:00:00+00:00,2021-11-14 06:00:00+00:00,False
ETH/USDT,2021-11-15 09:00:00+00:00,2021-11-15 10:00:00+00:00,False
ETH/USDT,2021-11-18 04:00:00+00:00,2021-11-18 05:00:00+00:00,False
ETH/USDT,2021-11-19 22:00:00+00:00,2021-11-19 23:00:00+00:00,False
ETH/USDT,2021-11-23 20:00:00+00:00,2021-11-23 21:00:00+00:00,False
ETH/USDT,2021-11-25 10:00:00+00:00,2021-11-25 11:00:00+00:00,False
ETH/USDT,2021-11-28 23:00:00+00:00,2021-11-29 00:00:00+00:00,False
ETH/USDT,2021-12-05 13:00:00+00:00,2021-12-05 14:00:00+00:00,False
ETH/USDT,2021-12-07 02:00:00+00:00,2021-12-07 03:00:00+00:00,False
ETH/USDT,2021-12-12 05:00:00+00:00,2021-12-12 06:00:00+00:00,False
ETH/USDT,2021-12-15 10:00:00+00:00,2021-12-15 11:00:00+00:00,False
ETH/USDT,2021-12-18 20:00:00+00:00,2021-12-18 21:00:00+00:00,False
ETH/USDT,2021-12-21 08:00:00+00:00,2021-12-21 09:00:00+00:00,False
ETH/USDT,2021-12-24 00:00:00+00:00,2021-12-24 01:00:00+00:00,False
ETH/USDT,2021-12-27 03:00:00+00:00,2021-12-27 04:00:00+00:00,False
ETH/USDT,2021-12-31 07:00:00+00:00,2021-12-31 08:00:00+00:00,False
ETH/USDT,2022-01-02 02:00:00+00:00,2022-01-02 03:00:00+00:00,False
ETH/USDT,2022-01-04 20:00:00+00:00,2022-01-04 21:00:00+00:00,False
ETH/USDT,2022-01-10 04:00:00+00:00,2022-01-10 05:00:00+00:00,False
ETH/USDT,2022-01-11 18:00:00+00:00,2022-01-11 19:00:00+00:00,False
ETH/USDT,2022-01-15 07:00:00+00:00,2022-01-15 08:00:00+00:00,False
ETH/USDT,2022-01-20 12:00:00+00:00,2022-01-20 13:00:00+00:00,False
ETH/USDT,2022-01-23 23:00:00+00:00,2022-01-24 00:00:00+00:00,False
ETH/USDT,2022-01-25 12:00:00+00:00,2022-01-25 13:00:00+00:00,False
ETH/USDT,2022-01-28 21:00:00+00:00,2022-01-28 22:00:00+00:00,False
ETH/USDT,2022-01-31 23:00:00+00:00,2022-02-01 00:00:00+00:00,False
ETH/USDT,2022-02-04 09:00:00+00:00,2022-02-04 10:00:00+00:00,False
ETH/USDT,2022-02-07 06:00:00+00:00,2022-02-07 07:00:00+00:00,False
ETH/USDT,2022-02-09 15:00:00+00:00,2022-02-09 16:00:00+00:00,False
ETH/USDT,2022-02-15 00:00:00+00:00,2022-02-15 01:00:00+00:00,False
ETH/USDT,2022-02-21 16:00:00+00:00,2022-02-21 17:00:00+00:00,False
ETH/USDT,2022-02-23 07:00:00+00:00,2022-02-23 08:00:00+00:00,False
ETH/USDT,2022-02-25 08:00:00+00:00,2022-02-25 09:00:00+00:00,False
ETH/USDT,2022-02-28 23:00:00+00:00,2022-03-01 00:00:00+00:00,False
ETH/USDT,2022-03-06 13:00:00+00:00,2022-03-06 14:00:00+00:00,False
ETH/USDT,2022-03-08 19:00:00+00:00,2022-03-08 20:00:00+00:00,False
ETH/USDT,2022-03-12 21:00:00+00:00,2022-03-12 22:00:00+00:00,False
ETH/USDT,2022-03-13 15:00:00+00:00,2022-03-13 16:00:00+00:00,False
ETH/USDT,2022-03-14 23:00:00+00:00,2022-03-15 00:00:00+00:00,False
ETH/USDT,2022-03-15 18:00:00+00:00,2022-03-15 19:00:00+00:00,False
ETH/USDT,2022-03-21 22:00:00+00:00,2022-03-21 23:00:00+00:00,False
ETH/USDT,2022-03-24 03:00:00+00:00,2022-03-24 04:00:00+00:00,False
ETH/USDT,2022-03-26 23:00:00+00:00,2022-03-27 00:00:00+00:00,False
ETH/USDT,2022-03-31 11:00:00+00:00,2022-03-31 12:00:00+00:00,False
ETH/USDT,2022-04-01 23:00:00+00:00,2022-04-02 00:00:00+00:00,False
ETH/USDT,2022-04-05 08:00:00+00:00,2022-04-05 09:00:00+00:00,False
ETH/USDT,2022-04-08 08:00:00+00:00,2022-04-08 09:00:00+00:00,False
ETH/USDT,2022-04-10 07:00:00+00:00,2022-04-10 08:00:00+00:00,False
ETH/USDT,2022-04-13 07:00:00+00:00,2022-04-13 08:00:00+00:00,False
ETH/USDT,2022-04-16 09:00:00+00:00,2022-04-16 10:00:00+00:00,False
ETH/USDT,2022-04-19 07:00:00+00:00,2022-04-19 08:00:00+00:00,False
ETH/USDT,2022-04-21 14:00:00+00:00,2022-04-21 15:00:00+00:00,False
ETH/USDT,2022-04-26 02:00:00+00:00,2022-04-26 03:00:00+00:00,False
ETH/USDT,2022-04-28 10:00:00+00:00,2022-04-28 11:00:00+00:00,False
ETH/USDT,2022-05-02 04:00:00+00:00,2022-05-02 05:00:00+00:00,False
ETH/USDT,2022-05-04 18:00:00+00:00,2022-05-04 19:00:00+00:00,False
ETH/USDT,2022-05-11 05:00:00+00:00,2022-05-11 06:00:00+00:00,False
ETH/USDT,2022-05-11 10:00:00+00:00,2022-05-11 11:00:00+00:00,False
ETH/USDT,2022-05-13 14:00:00+00:00,2022-05-13 15:00:00+00:00,False
ETH/USDT,2022-05-15 14:00:00+00:00,2022-05-15 15:00:00+00:00,False
ETH/USDT,2022-05-17 14:00:00+00:00,2022-05-17 15:00:00+00:00,False
ETH/USDT,2022-05-20 02:00:00+00:00,2022-05-20 03:00:00+00:00,False
ETH/USDT,2022-05-22 09:00:00+00:00,2022-05-22 10:00:00+00:00,False
ETH/USDT,2022-05-25 19:00:00+00:00,2022-05-25 20:00:00+00:00,False
ETH/USDT,2022-05-28 20:00:00+00:00,2022-05-28 21:00:00+00:00,False
ETH/USDT,2022-06-05 03:00:00+00:00,2022-06-05 04:00:00+00:00,False
ETH/USDT,2022-06-08 12:00:00+00:00,2022-06-08 13:00:00+00:00,False
ETH/USDT,2022-06-16 08:00:00+00:00,2022-06-16 09:00:00+00:00,False
ETH/USDT,2022-06-19 20:00:00+00:00,2022-06-19 21:00:00+00:00,False
ETH/USDT,2022-06-23 19:00:00+00:00,2022-06-23 20:00:00+00:00,False
ETH/USDT,2022-07-01 18:00:00+00:00,2022-07-01 19:00:00+00:00,False
ETH/USDT,2022-07-03 03:00:00+00:00,2022-07-03 04:00:00+00:00,False
ETH/USDT,2022-07-13 23:00:00+00:00,2022-07-14 00:00:00+00:00,False
ETH/USDT,2022-07-22 04:00:00+00:00,2022-07-22 05:00:00+00:00,False
ETH/USDT,2022-07-24 12:00:00+00:00,2022-07-24 13:00:00+00:00,False
ETH/USDT,2022-07-27 15:00:00+00:00,2022-07-27 16:00:00+00:00,False
ETH/USDT,2022-08-03 08:00:00+00:00,2022-08-03 09:00:00+00:00,False
ETH/USDT,2022-08-05 12:00:00+00:00,2022-08-05 13:00:00+00:00,False
ETH/USDT,2022-08-08 04:00:00+00:00,2022-08-08 05:00:00+00:00,False
ETH/USDT,2022-08-10 19:00:00+00:00,2022-08-10 20:00:00+00:00,False
ETH/USDT,2022-08-22 00:00:00+00:00,2022-08-22 01:00:00+00:00,False
ETH/USDT,2022-08-23 13:00:00+00:00,2022-08-23 14:00:00+00:00,False
ETH/USDT,2022-08-29 20:00:00+00:00,2022-08-29 21:00:00+00:00,False
ETH/USDT,2022-09-02 05:00:00+00:00,2022-09-02 06:00:00+00:00,False
ETH/USDT,2022-09-04 22:00:00+00:00,2022-09-04 23:00:00+00:00,False
ETH/USDT,2022-09-08 06:00:00+00:00,2022-09-08 07:00:00+00:00,False
ETH/USDT,2022-09-15 12:00:00+00:00,2022-09-15 13:00:00+00:00,False
ETH/USDT,2022-09-18 03:00:00+00:00,2022-09-18 04:00:00+00:00,False
ETH/USDT,2022-09-20 09:00:00+00:00,2022-09-20 10:00:00+00:00,False
ETH/USDT,2022-09-23 05:00:00+00:00,2022-09-23 06:00:00+00:00,False
ETH/USDT,2022-09-26 22:00:00+00:00,2022-09-26 23:00:00+00:00,False
ETH/USDT,2022-09-29 07:00:00+00:00,2022-09-29 08:00:00+00:00,False
ETH/USDT,2022-10-03 20:00:00+00:00,2022-10-03 21:00:00+00:00,False
ETH/USDT,2022-10-10 03:00:00+00:00,2022-10-10 04:00:00+00:00,False
ETH/USDT,2022-10-12 15:00:00+00:00,2022-10-12 16:00:00+00:00,False
ETH/USDT,2022-10-14 08:00:00+00:00,2022-10-14 09:00:00+00:00,False
ETH/USDT,2022-10-16 22:00:00+00:00,2022-10-16 23:00:00+00:00,False
ETH/USDT,2022-10-21 23:00:00+00:00,2022-10-22 00:00:00+00:00,False
ETH/USDT,2022-10-29 03:00:00+00:00,2022-10-29 04:00:00+00:00,False
ETH/USDT,2022-11-01 17:00:00+00:00,2022-11-01 18:00:00+00:00,False
ETH/USDT,2022-11-04 08:00:00+00:00,2022-11-04 09:00:00+00:00,False
ETH/USDT,2022-11-10 21:00:00+00:00,2022-11-10 22:00:00+00:00,False
ETH/USDT,2022-11-14 23:00:00+00:00,2022-11-15 00:00:00+00:00,False
ETH/USDT,2022-11-18 09:00:00+00:00,2022-11-18 10:00:00+00:00,False
ETH/USDT,2022-11-20 04:00:00+00:00,2022-11-20 05:00:00+00:00,False
ETH/USDT,2022-11-23 02:00:00+00:00,2022-11-23 03:00:00+00:00,False
ETH/USDT,2022-11-26 04:00:00+00:00,2022-11-26 05:00:00+00:00,False
ETH/USDT,2022-11-29 12:00:00+00:00,2022-11-29 13:00:00+00:00,False
ETH/USDT,2022-12-02 23:00:00+00:00,2022-12-03 00:00:00+00:00,False
ETH/USDT,2022-12-05 02:00:00+00:00,2022-12-05 03:00:00+00:00,False
ETH/USDT,2022-12-08 20:00:00+00:00,2022-12-08 21:00:00+00:00,False
ETH/USDT,2022-12-11 07:00:00+00:00,2022-12-11 08:00:00+00:00,False
ETH/USDT,2022-12-13 08:00:00+00:00,2022-12-13 09:00:00+00:00,False
ETH/USDT,2022-12-18 16:00:00+00:00,2022-12-18 17:00:00+00:00,False
ETH/USDT,2022-12-19 06:00:00+00:00,2022-12-19 07:00:00+00:00,False
ETH/USDT,2022-12-19 09:00:00+00:00,2022-12-19 10:00:00+00:00,False
ETH/USDT,2022-12-20 06:00:00+00:00,2022-12-20 07:00:00+00:00,False
ETH/USDT,2022-12-22 12:00:00+00:00,2022-12-22 13:00:00+00:00,False
ETH/USDT,2022-12-23 11:00:00+00:00,2022-12-23 12:00:00+00:00,False
ETH/USDT,2022-12-25 04:00:00+00:00,2022-12-25 05:00:00+00:00,False
ETH/USDT,2022-12-26 15:00:00+00:00,2022-12-26 16:00:00+00:00,False
ETH/USDT,2022-12-29 22:00:00+00:00,2022-12-29 23:00:00+00:00,False
ETH/USDT,2022-12-31 10:00:00+00:00,2022-12-31 11:00:00+00:00,False
ETH/USDT,2023-01-02 00:00:00+00:00,2023-01-02 01:00:00+00:00,False
ETH/USDT,2023-01-06 19:00:00+00:00,2023-01-06 20:00:00+00:00,False
ETH/USDT,2023-01-08 22:00:00+00:00,2023-01-08 23:00:00+00:00,False
ETH/USDT,2023-01-20 08:00:00+00:00,2023-01-20 09:00:00+00:00,False
ETH/USDT,2023-01-26 08:00:00+00:00,2023-01-26 09:00:00+00:00,False
ETH/USDT,2023-01-28 07:00:00+00:00,2023-01-28 08:00:00+00:00,False
ETH/USDT,2023-01-29 13:00:00+00:00,2023-01-29 14:00:00+00:00,False
ETH/USDT,2023-02-01 05:00:00+00:00,2023-02-01 06:00:00+00:00,False
ETH/USDT,2023-02-04 09:00:00+00:00,2023-02-04 10:00:00+00:00,False
ETH/USDT,2023-02-07 10:00:00+00:00,2023-02-07 11:00:00+00:00,False
ETH/USDT,2023-02-12 07:00:00+00:00,2023-02-12 08:00:00+00:00,False
ETH/USDT,2023-02-14 16:00:00+00:00,2023-02-14 17:00:00+00:00,False
ETH/USDT,2023-02-18 03:00:00+00:00,2023-02-18 04:00:00+00:00,False
ETH/USDT,2023-02-20 16:00:00+00:00,2023-02-20 17:00:00+00:00,False
ETH/USDT,2023-02-23 14:00:00+00:00,2023-02-23 15:00:00+00:00,False
ETH/USDT,2023-02-26 17:00:00+00:00,2023-02-26 18:00:00+00:00,False
ETH/USDT,2023-03-01 08:00:00+00:00,2023-03-01 09:00:00+00:00,False
ETH/USDT,2023-03-05 14:00:00+00:00,2023-03-05 15:00:00+00:00,False
ETH/USDT,2023-03-07 01:00:00+00:00,2023-03-07 02:00:00+00:00,False
ETH/USDT,2023-03-11 15:00:00+00:00,2023-03-11 16:00:00+00:00,False
ETH/USDT,2023-03-17 02:00:00+00:00,2023-03-17 03:00:00+00:00,False
ETH/USDT,2023-03-21 20:00:00+00:00,2023-03-21 21:00:00+00:00,False
ETH/USDT,2023-03-23 22:00:00+00:00,2023-03-23 23:00:00+00:00,False
ETH/USDT,2023-03-26 13:00:00+00:00,2023-03-26 14:00:00+00:00,False
ETH/USDT,2023-03-28 22:00:00+00:00,2023-03-28 23:00:00+00:00,False
ETH/USDT,2023-03-31 14:00:00+00:00,2023-03-31 15:00:00+00:00,False
ETH/USDT,2023-04-04 01:00:00+00:00,2023-04-04 02:00:00+00:00,False
ETH/USDT,2023-04-08 14:00:00+00:00,2023-04-08 15:00:00+00:00,False
ETH/USDT,2023-04-10 09:00:00+00:00,2023-04-10 10:00:00+00:00,False
ETH/USDT,2023-04-13 04:00:00+00:00,2023-04-13 05:00:00+00:00,False
ETH/USDT,2023-04-16 19:00:00+00:00,2023-04-16 20:00:00+00:00,False
ETH/USDT,2023-04-18 20:00:00+00:00,2023-04-18 21:00:00+00:00,False
ETH/USDT,2023-04-23 11:00:00+00:00,2023-04-23 12:00:00+00:00,False
ETH/USDT,2023-04-26 03:00:00+00:00,2023-04-26 04:00:00+00:00,False
ETH/USDT,2023-04-29 22:00:00+00:00,2023-04-29 23:00:00+00:00,False
ETH/USDT,2023-05-02 22:00:00+00:00,2023-05-02 23:00:00+00:00,False
ETH/USDT,2023-05-10 12:00:00+00:00,2023-05-10 13:00:00+00:00,False
ETH/USDT,2023-05-13 08:00:00+00:00,2023-05-13 09:00:00+00:00,False
ETH/USDT,2023-05-18 08:00:00+00:00,2023-05-18 09:00:00+00:00,False
ETH/USDT,2023-05-20 02:00:00+00:00,2023-05-20 03:00:00+00:00,False
ETH/USDT,2023-05-22 21:00:00+00:00,2023-05-22 22:00:00+00:00,False
ETH/USDT,2023-05-26 04:00:00+00:00,2023-05-26 05:00:00+00:00,False
ETH/USDT,2023-06-02 03:00:00+00:00,2023-06-02 04:00:00+00:00,False
ETH/USDT,2023-06-04 20:00:00+00:00,2023-06-04 21:00:00+00:00,False
ETH/USDT,2023-06-07 00:00:00+00:00,2023-06-07 01:00:00+00:00,False
ETH/USDT,2023-06-09 13:00:00+00:00,2023-06-09 14:00:00+00:00,False
ETH/USDT,2023-06-12 05:00:00+00:00,2023-06-12 06:00:00+00:00,False
ETH/USDT,2023-06-13 20:00:00+00:00,2023-06-13 21:00:00+00:00,False
ETH/USDT,2023-06-14 13:00:00+00:00,2023-06-14 14:00:00+00:00,False
ETH/USDT,2023-06-16 14:00:00+00:00,2023-06-16 15:00:00+00:00,False
ETH/USDT,2023-06-20 11:00:00+00:00,2023-06-20 12:00:00+00:00,False
ETH/USDT,2023-06-24 03:00:00+00:00,2023-06-24 04:00:00+00:00,False
ETH/USDT,2023-06-25 11:00:00+00:00,2023-06-25 12:00:00+00:00,False
ETH/USDT,2023-06-27 19:00:00+00:00,2023-06-27 20:00:00+00:00,False
ETH/USDT,2023-06-30 00:00:00+00:00,2023-06-30 01:00:00+00:00,False
ETH/USDT,2023-07-03 01:00:00+00:00,2023-07-03 02:00:00+00:00,False
ETH/USDT,2023-07-09 14:00:00+00:00,2023-07-09 15:00:00+00:00,False
ETH/USDT,2023-07-10 20:00:00+00:00,2023-07-10 21:00:00+00:00,False
ETH/USDT,2023-07-13 16:00:00+00:00,2023-07-13 17:00:00+00:00,False
ETH/USDT,2023-07-19 11:00:00+00:00,2023-07-19 12:00:00+00:00,False
ETH/USDT,2023-07-20 10:00:00+00:00,2023-07-20 11:00:00+00:00,False
ETH/USDT,2023-07-26 01:00:00+00:00,2023-07-26 02:00:00+00:00,False
ETH/USDT,2023-07-28 23:00:00+00:00,2023-07-29 00:00:00+00:00,False
ETH/USDT,2023-08-02 07:00:00+00:00,2023-08-02 08:00:00+00:00,False
ETH/USDT,2023-08-06 05:00:00+00:00,2023-08-06 06:00:00+00:00,False
ETH/USDT,2023-08-07 08:00:00+00:00,2023-08-07 09:00:00+00:00,False
ETH/USDT,2023-08-08 14:00:00+00:00,2023-08-08 15:00:00+00:00,False
ETH/USDT,2023-08-12 15:00:00+00:00,2023-08-12 16:00:00+00:00,False
ETH/USDT,2023-08-20 03:00:00+00:00,2023-08-20 04:00:00+00:00,False
ETH/USDT,2023-08-23 21:00:00+00:00,2023-08-23 22:00:00+00:00,False
ETH/USDT,2023-08-26 15:00:00+00:00,2023-08-26 16:00:00+00:00,False
ETH/USDT,2023-08-27 15:00:00+00:00,2023-08-27 16:00:00+00:00,False
ETH/USDT,2023-08-29 06:00:00+00:00,2023-08-29 07:00:00+00:00,False
ETH/USDT,2023-08-29 14:00:00+00:00,2023-08-29 15:00:00+00:00,False
ETH/USDT,2023-09-03 04:00:00+00:00,2023-09-03 05:00:00+00:00,False
ETH/USDT,2023-09-06 00:00:00+00:00,2023-09-06 01:00:00+00:00,False
ETH/USDT,2023-09-12 20:00:00+00:00,2023-09-12 21:00:00+00:00,False
ETH/USDT,2023-09-18 13:00:00+00:00,2023-09-18 14:00:00+00:00,False
ETH/USDT,2023-09-23 07:00:00+00:00,2023-09-23 08:00:00+00:00,False
ETH/USDT,2023-09-24 14:00:00+00:00,2023-09-24 15:00:00+00:00,False
ETH/USDT,2023-09-26 07:00:00+00:00,2023-09-26 08:00:00+00:00,False
ETH/USDT,2023-10-06 21:00:00+00:00,2023-10-06 22:00:00+00:00,False
ETH/USDT,2023-10-14 00:00:00+00:00,2023-10-14 01:00:00+00:00,False
ETH/USDT,2023-10-20 05:00:00+00:00,2023-10-20 06:00:00+00:00,False
ETH/USDT,2023-10-26 07:00:00+00:00,2023-10-26 08:00:00+00:00,False
ETH/USDT,2023-10-28 15:00:00+00:00,2023-10-28 16:00:00+00:00,False
ETH/USDT,2023-10-29 15:00:00+00:00,2023-10-29 16:00:00+00:00,False
ETH/USDT,2023-11-01 00:00:00+00:00,2023-11-01 01:00:00+00:00,False
ETH/USDT,2023-11-04 04:00:00+00:00,2023-11-04 05:00:00+00:00,False
ETH/USDT,2023-11-08 19:00:00+00:00,2023-11-08 20:00:00+00:00,False
ETH/USDT,2023-11-13 15:00:00+00:00,2023-11-13 16:00:00+00:00,False
ETH/USDT,2023-11-16 01:00:00+00:00,2023-11-16 02:00:00+00:00,False
ETH/USDT,2023-11-19 04:00:00+00:00,2023-11-19 05:00:00+00:00,False
ETH/USDT,2023-11-22 19:00:00+00:00,2023-11-22 20:00:00+00:00,False
ETH/USDT,2023-11-28 22:00:00+00:00,2023-11-28 23:00:00+00:00,False
ETH/USDT,2023-12-01 02:00:00+00:00,2023-12-01 03:00:00+00:00,False
ETH/USDT,2023-12-07 19:00:00+00:00,2023-12-07 20:00:00+00:00,False
ETH/USDT,2023-12-14 00:00:00+00:00,2023-12-14 01:00:00+00:00,False
ETH/USDT,2023-12-19 07:00:00+00:00,2023-12-19 08:00:00+00:00,False
ETH/USDT,2023-12-20 16:00:00+00:00,2023-12-20 17:00:00+00:00,False
ETH/USDT,2023-12-24 17:00:00+00:00,2023-12-24 18:00:00+00:00,False
ETH/USDT,2023-12-27 16:00:00+00:00,2023-12-27 17:00:00+00:00,False
ETH/USDT,2024-01-01 01:00:00+00:00,2024-01-01 02:00:00+00:00,False
ETH/USDT,2024-01-01 18:00:00+00:00,2024-01-01 19:00:00+00:00,False
ETH/USDT,2024-01-05 06:00:00+00:00,2024-01-05 07:00:00+00:00,False
ETH/USDT,2024-01-07 07:00:00+00:00,2024-01-07 08:00:00+00:00,False
ETH/USDT,2024-01-08 19:00:00+00:00,2024-01-08 20:00:00+00:00,False
ETH/USDT,2024-01-16 04:00:00+00:00,2024-01-16 05:00:00+00:00,False
ETH/USDT,2024-01-20 12:00:00+00:00,2024-01-20 13:00:00+00:00,False
ETH/USDT,2024-01-21 21:00:00+00:00,2024-01-21 22:00:00+00:00,False
ETH/USDT,2024-01-25 10:00:00+00:00,2024-01-25 11:00:00+00:00,False
ETH/USDT,2024-01-26 12:00:00+00:00,2024-01-26 13:00:00+00:00,False
ETH/USDT,2024-01-29 21:00:00+00:00,2024-01-29 22:00:00+00:00,False
ETH/USDT,2024-02-02 07:00:00+00:00,2024-02-02 08:00:00+00:00,False
ETH/USDT,2024-02-05 12:00:00+00:00,2024-02-05 13:00:00+00:00,False
ETH/USDT,2024-02-12 18:00:00+00:00,2024-02-12 19:00:00+00:00,False
ETH/USDT,2024-02-18 12:00:00+00:00,2024-02-18 13:00:00+00:00,False
ETH/USDT,2024-02-22 13:00:00+00:00,2024-02-22 14:00:00+00:00,False
ETH/USDT,2024-02-24 19:00:00+00:00,2024-02-24 20:00:00+00:00,False
ETH/USDT,2024-03-02 01:00:00+00:00,2024-03-02 02:00:00+00:00,False
ETH/USDT,2024-03-03 18:00:00+00:00,2024-03-03 19:00:00+00:00,False
ETH/USDT,2024-03-10 12:00:00+00:00,2024-03-10 13:00:00+00:00,False
ETH/USDT,2024-03-11 13:00:00+00:00,2024-03-11 14:00:00+00:00,False
ETH/USDT,2024-03-13 18:00:00+00:00,2024-03-13 19:00:00+00:00,False
ETH/USDT,2024-03-18 06:00:00+00:00,2024-03-18 07:00:00+00:00,False
ETH/USDT,2024-03-21 00:00:00+00:00,2024-03-21 01:00:00+00:00,False
ETH/USDT,2024-03-24 07:00:00+00:00,2024-03-24 08:00:00+00:00,False
ETH/USDT,2024-03-28 21:00:00+00:00,2024-03-28 22:00:00+00:00,False
ETH/USDT,2024-03-31 03:00:00+00:00,2024-03-31 04:00:00+00:00,False
ETH/USDT,2024-04-04 01:00:00+00:00,2024-04-04 02:00:00+00:00,False
ETH/USDT,2024-04-06 08:00:00+00:00,2024-04-06 09:00:00+00:00,False
ETH/USDT,2024-04-11 09:00:00+00:00,2024-04-11 10:00:00+00:00,False
ETH/USDT,2024-04-15 08:00:00+00:00,2024-04-15 09:00:00+00:00,False
ETH/USDT,2024-04-19 00:00:00+00:00,2024-04-19 01:00:00+00:00,False
ETH/USDT,2024-04-27 19:00:00+00:00,2024-04-27 20:00:00+00:00,False
ETH/USDT,2024-05-02 16:00:00+00:00,2024-05-02 17:00:00+00:00,False
ETH/USDT,2024-05-10 01:00:00+00:00,2024-05-10 02:00:00+00:00,False
ETH/USDT,2024-05-12 13:00:00+00:00,2024-05-12 14:00:00+00:00,False
ETH/USDT,2024-05-15 18:00:00+00:00,2024-05-15 19:00:00+00:00,False
ETH/USDT,2024-05-17 15:00:00+00:00,2024-05-17 16:00:00+00:00,False
ETH/USDT,2024-05-20 18:00:00+00:00,2024-05-20 19:00:00+00:00,False
ETH/USDT,2024-05-25 19:00:00+00:00,2024-05-25 20:00:00+00:00,False
ETH/USDT,2024-05-31 19:00:00+00:00,2024-05-31 20:00:00+00:00,False
ETH/USDT,2024-06-03 13:00:00+00:00,2024-06-03 14:00:00+00:00,False
ETH/USDT,2024-06-05 01:00:00+00:00,2024-06-05 02:00:00+00:00,False
ETH/USDT,2024-06-09 19:00:00+00:00,2024-06-09 20:00:00+00:00,False
ETH/USDT,2024-06-12 20:00:00+00:00,2024-06-12 21:00:00+00:00,False
ETH/USDT,2024-06-15 12:00:00+00:00,2024-06-15 13:00:00+00:00,False
ETH/USDT,2024-06-19 09:00:00+00:00,2024-06-19 10:00:00+00:00,False
ETH/USDT,2024-06-23 06:00:00+00:00,2024-06-23 07:00:00+00:00,False
ETH/USDT,2024-06-25 18:00:00+00:00,2024-06-25 19:00:00+00:00,False
ETH/USDT,2024-06-27 13:00:00+00:00,2024-06-27 14:00:00+00:00,False
ETH/USDT,2024-06-30 19:00:00+00:00,2024-06-30 20:00:00+00:00,False
ETH/USDT,2024-07-06 18:00:00+00:00,2024-07-06 19:00:00+00:00,False
ETH/USDT,2024-07-08 23:00:00+00:00,2024-07-09 00:00:00+00:00,False
ETH/USDT,2024-07-13 04:00:00+00:00,2024-07-13 05:00:00+00:00,False
ETH/USDT,2024-07-19 17:00:00+00:00,2024-07-19 18:00:00+00:00,False
ETH/USDT,2024-07-22 01:00:00+00:00,2024-07-22 02:00:00+00:00,False
ETH/USDT,2024-07-26 17:00:00+00:00,2024-07-26 18:00:00+00:00,False
ETH/USDT,2024-07-29 02:00:00+00:00,2024-07-29 03:00:00+00:00,False
ETH/USDT,2024-08-06 16:00:00+00:00,2024-08-06 17:00:00+00:00,False
ETH/USDT,2024-08-08 18:00:00+00:00,2024-08-08 19:00:00+00:00,False
ETH/USDT,2024-08-11 05:00:00+00:00,2024-08-11 06:00:00+00:00,False
ETH/USDT,2024-08-12 21:00:00+00:00,2024-08-12 22:00:00+00:00,False
ETH/USDT,2024-08-17 12:00:00+00:00,2024-08-17 13:00:00+00:00,False
ETH/USDT,2024-08-20 09:00:00+00:00,2024-08-20 10:00:00+00:00,False
ETH/USDT,2024-08-22 05:00:00+00:00,2024-08-22 06:00:00+00:00,False
ETH/USDT,2024-08-29 10:00:00+00:00,2024-08-29 11:00:00+00:00,False
ETH/USDT,2024-08-31 15:00:00+00:00,2024-08-31 16:00:00+00:00,False
ETH/USDT,2024-09-02 19:00:00+00:00,2024-09-02 20:00:00+00:00,False
ETH/USDT,2024-09-05 07:00:00+00:00,2024-09-05 08:00:00+00:00,False
ETH/USDT,2024-09-08 07:00:00+00:00,2024-09-08 08:00:00+00:00,False
ETH/USDT,2024-09-12 09:00:00+00:00,2024-09-12 10:00:00+00:00,False
ETH/USDT,2024-09-17 17:00:00+00:00,2024-09-17 18:00:00+00:00,False
ETH/USDT,2024-09-19 01:00:00+00:00,2024-09-19 02:00:00+00:00,False
ETH/USDT,2024-09-26 19:00:00+00:00,2024-09-26 20:00:00+00:00,False
ETH/USDT,2024-10-04 16:00:00+00:00,2024-10-04 17:00:00+00:00,False
ETH/USDT,2024-10-09 15:00:00+00:00,2024-10-09 16:00:00+00:00,False
ETH/USDT,2024-10-11 14:00:00+00:00,2024-10-11 15:00:00+00:00,False
ETH/USDT,2024-10-14 04:00:00+00:00,2024-10-14 05:00:00+00:00,False
ETH/USDT,2024-10-16 16:00:00+00:00,2024-10-16 17:00:00+00:00,False
ETH/USDT,2024-10-18 14:00:00+00:00,2024-10-18 15:00:00+00:00,False
ETH/USDT,2024-10-27 13:00:00+00:00,2024-10-27 14:00:00+00:00,False
ETH/USDT,2024-11-04 14:00:00+00:00,2024-11-04 15:00:00+00:00,False
ETH/USDT,2024-11-06 01:00:00+00:00,2024-11-06 02:00:00+00:00,False
ETH/USDT,2024-11-16 11:00:00+00:00,2024-11-16 12:00:00+00:00,False
ETH/USDT,2024-11-18 19:00:00+00:00,2024-11-18 20:00:00+00:00,False
ETH/USDT,2024-11-21 13:00:00+00:00,2024-11-21 14:00:00+00:00,False
ETH/USDT,2024-11-23 13:00:00+00:00,2024-11-23 14:00:00+00:00,False
ETH/USDT,2024-11-25 14:00:00+00:00,2024-11-25 15:00:00+00:00,False
ETH/USDT,2024-11-27 15:00:00+00:00,2024-11-27 16:00:00+00:00,False
ETH/USDT,2024-11-30 02:00:00+00:00,2024-11-30 03:00:00+00:00,False
ETH/USDT,2024-12-04 07:00:00+00:00,2024-12-04 08:00:00+00:00,False
ETH/USDT,2024-12-11 19:00:00+00:00,2024-12-11 20:00:00+00:00,False
ETH/USDT,2024-12-14 05:00:00+00:00,2024-12-14 06:00:00+00:00,False
ETH/USDT,2024-12-14 11:00:00+00:00,2024-12-14 12:00:00+00:00,False
ETH/USDT,2024-12-15 23:00:00+00:00,2024-12-16 00:00:00+00:00,False
ETH/USDT,2024-12-21 09:00:00+00:00,2024-12-21 10:00:00+00:00,False
ETH/USDT,2024-12-23 21:00:00+00:00,2024-12-23 22:00:00+00:00,False
ETH/USDT,2024-12-28 20:00:00+00:00,2024-12-28 21:00:00+00:00,False
ETH/USDT,2024-12-30 17:00:00+00:00,2024-12-30 18:00:00+00:00,False
