pair,date,hourly_close_return,open_previous_close_gap
BTCUSDT,2020-03-12 10:00:00+00:00,-0.18211473428145242,0.00010606169799332044
BTCUSDT,2020-03-12 23:00:00+00:00,-0.17279886949178824,-0.00041877057231964887
BTCUSDT,2020-03-13 01:00:00+00:00,-0.11259109033411241,0.0004275230303862898
BTCUSDT,2020-03-13 02:00:00+00:00,0.17383988921813565,0.0001428350086183361
BTCUSDT,2020-03-15 21:00:00+00:00,0.13831093835258557,0.0
BTCUSDT,2021-01-29 08:00:00+00:00,0.12315895662199172,3.099203969014752e-07
ETHUSDT,2018-12-07 19:00:00+00:00,0.15004759638267484,0.0
ETHUSDT,2018-12-24 00:00:00+00:00,0.10625435945129036,0.0
ETHUSDT,2018-12-28 15:00:00+00:00,0.10027806743135215,-0.00017379214459500858
ETHUSDT,2019-01-14 15:00:00+00:00,0.10256410256410264,8.662508662515833e-05
ETHUSDT,2019-02-24 14:00:00+00:00,-0.13127988573557736,0.0
ETHUSDT,2019-09-24 18:00:00+00:00,-0.1270855332629356,0.0
ETHUSDT,2020-03-12 10:00:00+00:00,-0.2087277490027981,0.0
ETHUSDT,2020-03-12 23:00:00+00:00,-0.15275813295615281,0.0004714757190003027
ETHUSDT,2020-03-13 02:00:00+00:00,0.1500724487683709,-0.0011384806458289987
ETHUSDT,2020-03-13 03:00:00+00:00,0.1180705543556515,0.0011699064074872645
ETHUSDT,2020-03-13 04:00:00+00:00,-0.11703155183515768,-0.0005634256278170824
ETHUSDT,2020-03-15 21:00:00+00:00,0.10325365205843284,0.0001660026560423855
ETHUSDT,2021-05-19 12:00:00+00:00,-0.13079365546033195,0.0
