row_id,decision_time,pair,split,outcome_end,net_profit_ratio,win_loss,mfe_ratio,mae_ratio,duration_minutes,exit_reason,profitable_after_fees,return_above_0_5_percent,return_above_1_percent,stoploss_hit,favorable_move_before_adverse_move,first_passage_status
development|BTC/USDT|2023-01-02T01:00:00+00:00,2023-01-02 01:00:00+00:00,BTC/USDT,development,2023-01-04 02:00:00+00:00,0.004840261359407083,win,0.012735735596338671,-0.0023673782867945636,2940,sma_cross_down,1,0,0,0,1.0,observed_order
development|ETH/USDT|2023-01-02T01:00:00+00:00,2023-01-02 01:00:00+00:00,ETH/USDT,development,2023-01-04 08:00:00+00:00,0.05000278649040083,win,0.05495092475128516,-0.004306603458636649,3300,roi,1,1,1,0,1.0,observed_order
development|BTC/USDT|2023-01-04T07:00:00+00:00,2023-01-04 07:00:00+00:00,BTC/USDT,development,2023-01-06 02:00:00+00:00,-0.005038327683001171,loss,0.006694760964448543,-0.0074572527663284705,2580,sma_cross_down,0,0,0,0,,neither_barrier_observed
development|ETH/USDT|2023-01-06T20:00:00+00:00,2023-01-06 20:00:00+00:00,ETH/USDT,development,2023-01-08 13:00:00+00:00,-0.010667964058060827,loss,0.002544928993339246,-0.012056993841900177,2460,sma_cross_down,0,0,0,0,0.0,observed_order
development|BTC/USDT|2023-01-07T01:00:00+00:00,2023-01-07 01:00:00+00:00,BTC/USDT,development,2023-01-11 23:00:00+00:00,0.05000015844776881,win,0.060186180473137396,-0.004131781142232893,7080,roi,1,1,1,0,1.0,observed_order
development|ETH/USDT|2023-01-08T23:00:00+00:00,2023-01-08 23:00:00+00:00,ETH/USDT,development,2023-01-09 15:00:00+00:00,0.04999797442372354,win,0.05701547090147141,0.0,960,roi,1,1,1,0,1.0,observed_order
development|BTC/USDT|2023-01-20T08:00:00+00:00,2023-01-20 08:00:00+00:00,BTC/USDT,development,2023-01-20 20:00:00+00:00,0.05000008283507149,win,0.06808620683896649,-0.0028456329982732287,720,roi,1,1,1,0,1.0,observed_order
development|ETH/USDT|2023-01-20T09:00:00+00:00,2023-01-20 09:00:00+00:00,ETH/USDT,development,2023-01-20 20:00:00+00:00,0.05000009176822199,win,0.059563774606140596,-0.0022616708012500597,660,roi,1,1,1,0,1.0,observed_order
development|BTC/USDT|2023-01-23T22:00:00+00:00,2023-01-23 22:00:00+00:00,BTC/USDT,development,2023-01-25 03:00:00+00:00,-0.02137840903582977,loss,0.007191429075846134,-0.03030071114180133,1740,sma_cross_down,0,0,0,0,0.0,observed_order
development|BTC/USDT|2023-01-26T05:00:00+00:00,2023-01-26 05:00:00+00:00,BTC/USDT,development,2023-01-27 14:00:00+00:00,-0.013975128216594626,loss,0.003076100040122931,-0.02777636364420777,1980,sma_cross_down,0,0,0,0,0.0,observed_order
development|ETH/USDT|2023-01-26T09:00:00+00:00,2023-01-26 09:00:00+00:00,ETH/USDT,development,2023-01-27 11:00:00+00:00,-0.02121947079766677,loss,0.008121890547263755,-0.03449004975124381,1560,sma_cross_down,0,0,0,0,0.0,observed_order
development|BTC/USDT|2023-01-28T00:00:00+00:00,2023-01-28 00:00:00+00:00,BTC/USDT,development,2023-01-29 00:00:00+00:00,-0.004279973879411671,loss,0.004976995912310489,-0.00848134883350038,1440,sma_cross_down,0,0,0,0,,neither_barrier_observed
development|ETH/USDT|2023-01-28T08:00:00+00:00,2023-01-28 08:00:00+00:00,ETH/USDT,development,2023-01-28 20:00:00+00:00,-0.011748178486004039,loss,0.0008287917221287966,-0.020518873847854002,720,sma_cross_down,0,0,0,0,0.0,observed_order
development|BTC/USDT|2023-01-29T02:00:00+00:00,2023-01-29 02:00:00+00:00,BTC/USDT,development,2023-01-30 21:00:00+00:00,-0.024912178992404995,loss,0.03139396036884845,-0.028941226504677786,2580,sma_cross_down,0,0,0,0,1.0,observed_order
development|ETH/USDT|2023-01-29T14:00:00+00:00,2023-01-29 14:00:00+00:00,ETH/USDT,development,2023-01-30 21:00:00+00:00,-0.03892116142632317,loss,0.02924672780144233,-0.04825679085830492,1860,sma_cross_down,0,0,0,0,1.0,observed_order
development|BTC/USDT|2023-02-01T06:00:00+00:00,2023-02-01 06:00:00+00:00,BTC/USDT,development,2023-02-03 13:00:00+00:00,0.015507745328392527,win,0.04915159516027723,-0.01550477795445071,3300,sma_cross_down,1,1,1,0,,same_hour_ambiguous
development|ETH/USDT|2023-02-01T06:00:00+00:00,2023-02-01 06:00:00+00:00,ETH/USDT,development,2023-02-02 00:00:00+00:00,0.04999919637406547,win,0.07157611476435033,-0.0176176669382907,1080,roi,1,1,1,0,0.0,observed_order
development|ETH/USDT|2023-02-04T10:00:00+00:00,2023-02-04 10:00:00+00:00,ETH/USDT,development,2023-02-05 17:00:00+00:00,-0.013249657691989367,loss,0.022632813960923315,-0.02552223770486861,1860,sma_cross_down,0,0,0,0,1.0,observed_order
development|ETH/USDT|2023-02-07T11:00:00+00:00,2023-02-07 11:00:00+00:00,ETH/USDT,development,2023-02-09 05:00:00+00:00,-0.01342012583323906,loss,0.033647055958700545,-0.02060098378220432,2520,sma_cross_down,0,0,0,0,0.0,observed_order
development|BTC/USDT|2023-02-07T18:00:00+00:00,2023-02-07 18:00:00+00:00,BTC/USDT,development,2023-02-09 02:00:00+00:00,-0.016348482430146496,loss,0.007261975731566395,-0.026503119024589683,1920,sma_cross_down,0,0,0,0,0.0,observed_order
development|BTC/USDT|2023-02-12T04:00:00+00:00,2023-02-12 04:00:00+00:00,BTC/USDT,development,2023-02-13 13:00:00+00:00,-0.0076442827031794735,loss,0.014168982865181201,-0.01599439521279189,1980,sma_cross_down,0,0,0,0,1.0,observed_order
development|ETH/USDT|2023-02-12T08:00:00+00:00,2023-02-12 08:00:00+00:00,ETH/USDT,development,2023-02-13 06:00:00+00:00,-0.009932001808425298,loss,0.011222596744271174,-0.02466619633665179,1320,sma_cross_down,0,0,0,0,1.0,observed_order
development|BTC/USDT|2023-02-14T16:00:00+00:00,2023-02-14 16:00:00+00:00,BTC/USDT,development,2023-02-15 19:00:00+00:00,0.05000011668824653,win,0.05958797705317287,-0.005590158489908514,1620,roi,1,1,1,0,1.0,observed_order
development|ETH/USDT|2023-02-14T17:00:00+00:00,2023-02-14 17:00:00+00:00,ETH/USDT,development,2023-02-15 19:00:00+00:00,0.049998620884325565,win,0.058199271291347054,-0.00022731553344468303,1560,roi,1,1,1,0,1.0,observed_order
development|ETH/USDT|2023-02-18T04:00:00+00:00,2023-02-18 04:00:00+00:00,ETH/USDT,development,2023-02-19 21:00:00+00:00,-0.009321009351631503,loss,0.01596987260584304,-0.01960045897202034,2460,sma_cross_down,0,0,0,0,0.0,observed_order
development|BTC/USDT|2023-02-18T06:00:00+00:00,2023-02-18 06:00:00+00:00,BTC/USDT,development,2023-02-20 00:00:00+00:00,-0.016954383388653613,loss,0.02232791435690573,-0.020311016240696755,2520,sma_cross_down,0,0,0,0,1.0,observed_order
development|ETH/USDT|2023-02-20T17:00:00+00:00,2023-02-20 17:00:00+00:00,ETH/USDT,development,2023-02-21 15:00:00+00:00,-0.017244349999079426,loss,0.009437789969481747,-0.024620577322254866,1320,sma_cross_down,0,0,0,0,0.0,observed_order
development|BTC/USDT|2023-02-20T20:00:00+00:00,2023-02-20 20:00:00+00:00,BTC/USDT,development,2023-02-21 23:00:00+00:00,-0.021594362907404345,loss,0.01519046581361172,-0.02910239472374354,1620,sma_cross_down,0,0,0,0,1.0,observed_order
development|ETH/USDT|2023-02-23T15:00:00+00:00,2023-02-23 15:00:00+00:00,ETH/USDT,development,2023-02-24 16:00:00+00:00,-0.05189479628055728,loss,0.0024992321636123638,-0.051110803307417574,1500,stop_loss,0,0,0,1,0.0,observed_order
development|BTC/USDT|2023-02-23T17:00:00+00:00,2023-02-23 17:00:00+00:00,BTC/USDT,development,2023-02-24 00:00:00+00:00,0.005561285880481924,win,0.013031860381822913,-0.0014785210412525673,420,sma_cross_down,1,1,0,0,1.0,observed_order
development|BTC/USDT|2023-02-26T15:00:00+00:00,2023-02-26 15:00:00+00:00,BTC/USDT,development,2023-02-28 11:00:00+00:00,0.005296929135270522,win,0.030336254158338516,-0.003776349077965535,2640,sma_cross_down,1,1,0,0,1.0,observed_order
development|ETH/USDT|2023-02-26T18:00:00+00:00,2023-02-26 18:00:00+00:00,ETH/USDT,development,2023-02-28 11:00:00+00:00,0.009217247042506604,win,0.03559745767982192,-0.0006903070933719224,2460,sma_cross_down,1,1,0,0,1.0,observed_order
development|BTC/USDT|2023-03-01T08:00:00+00:00,2023-03-01 08:00:00+00:00,BTC/USDT,development,2023-03-02 13:00:00+00:00,-0.01720827815735214,loss,0.011972477721847508,-0.020241979485631334,1740,sma_cross_down,0,0,0,0,1.0,observed_order
development|ETH/USDT|2023-03-01T09:00:00+00:00,2023-03-01 09:00:00+00:00,ETH/USDT,development,2023-03-02 20:00:00+00:00,-0.008087379232032602,loss,0.011618302292911498,-0.023761146516016574,2100,sma_cross_down,0,0,0,0,0.0,observed_order
development|BTC/USDT|2023-03-05T07:00:00+00:00,2023-03-05 07:00:00+00:00,BTC/USDT,development,2023-03-07 14:00:00+00:00,-0.004323403572344072,loss,0.008316916312451683,-0.0096110950509819,3300,sma_cross_down,0,0,0,0,,neither_barrier_observed
development|ETH/USDT|2023-03-05T15:00:00+00:00,2023-03-05 15:00:00+00:00,ETH/USDT,development,2023-03-06 06:00:00+00:00,-0.007361688461045543,loss,0.00695551276983708,-0.008989251150751554,900,sma_cross_down,0,0,0,0,,neither_barrier_observed
development|ETH/USDT|2023-03-07T02:00:00+00:00,2023-03-07 02:00:00+00:00,ETH/USDT,development,2023-03-07 20:00:00+00:00,-0.016485138051395436,loss,0.0065942024382033,-0.024121567107762365,1080,sma_cross_down,0,0,0,0,0.0,observed_order
development|ETH/USDT|2023-03-11T16:00:00+00:00,2023-03-11 16:00:00+00:00,ETH/USDT,development,2023-03-12 17:00:00+00:00,0.04999874075504327,win,0.06581232492997202,-0.003977591036414596,1500,roi,1,1,1,0,1.0,observed_order
development|BTC/USDT|2023-03-11T18:00:00+00:00,2023-03-11 18:00:00+00:00,BTC/USDT,development,2023-03-12 18:00:00+00:00,0.04999989820020728,win,0.05365493927533449,-0.0049625891803998234,1440,roi,1,1,1,0,1.0,observed_order
development|BTC/USDT|2023-03-16T21:00:00+00:00,2023-03-16 21:00:00+00:00,BTC/USDT,development,2023-03-17 06:00:00+00:00,0.05000003715588249,win,0.060651272693262426,-0.0017325001892835035,540,roi,1,1,1,0,1.0,observed_order
development|ETH/USDT|2023-03-17T03:00:00+00:00,2023-03-17 03:00:00+00:00,ETH/USDT,development,2023-03-17 23:00:00+00:00,0.050001526853244785,win,0.05651163336698506,-0.0043140891695819805,1200,roi,1,1,1,0,1.0,observed_order
development|BTC/USDT|2023-03-19T20:00:00+00:00,2023-03-19 20:00:00+00:00,BTC/USDT,development,2023-03-21 18:00:00+00:00,-0.011416650588361311,loss,0.007667574459350179,-0.040023570757396265,2760,sma_cross_down,0,0,0,0,0.0,observed_order
development|BTC/USDT|2023-03-21T19:00:00+00:00,2023-03-21 19:00:00+00:00,BTC/USDT,development,2023-03-22 19:00:00+00:00,-0.051897800315142975,loss,0.026281988156609648,-0.05256184326580937,1440,stop_loss,0,0,0,1,1.0,observed_order
development|ETH/USDT|2023-03-21T21:00:00+00:00,2023-03-21 21:00:00+00:00,ETH/USDT,development,2023-03-23 01:00:00+00:00,-0.03509867647172638,loss,0.012804888228518108,-0.04833135778560582,1680,sma_cross_down,0,0,0,0,0.0,observed_order
development|ETH/USDT|2023-03-23T23:00:00+00:00,2023-03-23 23:00:00+00:00,ETH/USDT,development,2023-03-25 00:00:00+00:00,-0.03452325086841418,loss,0.006967061282492137,-0.04540201602424088,1500,sma_cross_down,0,0,0,0,0.0,observed_order
development|BTC/USDT|2023-03-24T01:00:00+00:00,2023-03-24 01:00:00+00:00,BTC/USDT,development,2023-03-25 02:00:00+00:00,-0.026660202408632948,loss,0.0049664323367484275,-0.042393250787631565,1500,sma_cross_down,0,0,0,0,0.0,observed_order
development|ETH/USDT|2023-03-26T14:00:00+00:00,2023-03-26 14:00:00+00:00,ETH/USDT,development,2023-03-27 15:00:00+00:00,-0.05189587973038359,loss,0.00028388849305316377,-0.061425676879230395,1500,stop_loss,0,0,0,1,0.0,observed_order
development|BTC/USDT|2023-03-26T15:00:00+00:00,2023-03-26 15:00:00+00:00,BTC/USDT,development,2023-03-27 19:00:00+00:00,-0.027290572696549286,loss,0.012512223324729899,-0.046305803659766,1680,sma_cross_down,0,0,0,0,1.0,observed_order
development|ETH/USDT|2023-03-28T23:00:00+00:00,2023-03-28 23:00:00+00:00,ETH/USDT,development,2023-03-30 23:00:00+00:00,0.005893703538480878,win,0.033448745248436884,-0.004219218625562737,2880,sma_cross_down,1,1,0,0,1.0,observed_order
development|BTC/USDT|2023-03-29T08:00:00+00:00,2023-03-29 08:00:00+00:00,BTC/USDT,development,2023-03-31 04:00:00+00:00,0.0009011151922046934,win,0.03908808473155734,-0.014270750480118388,2640,sma_cross_down,1,0,0,0,1.0,observed_order
development|ETH/USDT|2023-03-31T15:00:00+00:00,2023-03-31 15:00:00+00:00,ETH/USDT,development,2023-04-02 08:00:00+00:00,-0.010773186417682677,loss,0.0033156570881016645,-0.01575073227566237,2460,sma_cross_down,0,0,0,0,0.0,observed_order
development|BTC/USDT|2023-04-01T04:00:00+00:00,2023-04-01 04:00:00+00:00,BTC/USDT,development,2023-04-02 13:00:00+00:00,-0.01164370064737805,loss,0.002943124126260077,-0.014200573909204595,1980,sma_cross_down,0,0,0,0,0.0,observed_order
development|ETH/USDT|2023-04-04T02:00:00+00:00,2023-04-04 02:00:00+00:00,ETH/USDT,development,2023-04-05 00:00:00+00:00,0.049999733796339436,win,0.06129269655771541,-0.0022465319854141352,1320,roi,1,1,1,0,1.0,observed_order
development|BTC/USDT|2023-04-04T18:00:00+00:00,2023-04-04 18:00:00+00:00,BTC/USDT,development,2023-04-06 04:00:00+00:00,-0.005482720450060688,loss,0.019414758504097795,-0.014945984302961235,2040,sma_cross_down,0,0,0,0,1.0,observed_order
development|BTC/USDT|2023-04-08T11:00:00+00:00,2023-04-08 11:00:00+00:00,BTC/USDT,development,2023-04-09 12:00:00+00:00,-0.0048984901044377555,loss,0.0025646508715493344,-0.007554367635419723,1500,sma_cross_down,0,0,0,0,,neither_barrier_observed
development|ETH/USDT|2023-04-08T15:00:00+00:00,2023-04-08 15:00:00+00:00,ETH/USDT,development,2023-04-09 03:00:00+00:00,-0.009810829952221586,loss,0.00034781305850750677,-0.01169186973598313,720,sma_cross_down,0,0,0,0,0.0,observed_order
development|BTC/USDT|2023-04-09T23:00:00+00:00,2023-04-09 23:00:00+00:00,BTC/USDT,development,2023-04-11 00:00:00+00:00,0.0500000514881268,win,0.05705115507247083,-0.0070979980529675135,1500,roi,1,1,1,0,1.0,observed_order
development|ETH/USDT|2023-04-10T10:00:00+00:00,2023-04-10 10:00:00+00:00,ETH/USDT,development,2023-04-12 08:00:00+00:00,0.004949545211165086,win,0.04307165508218613,-0.005486252066093322,2760,sma_cross_down,1,0,0,0,1.0,observed_order
development|ETH/USDT|2023-04-13T05:00:00+00:00,2023-04-13 05:00:00+00:00,ETH/USDT,development,2023-04-13 17:00:00+00:00,0.04999854792170978,win,0.05394047731050278,-0.002885188321259391,720,roi,1,1,1,0,1.0,observed_order
development|BTC/USDT|2023-04-13T15:00:00+00:00,2023-04-13 15:00:00+00:00,BTC/USDT,development,2023-04-15 07:00:00+00:00,-0.003451950705416637,loss,0.018553109166222326,-0.015420565507257566,2400,sma_cross_down,0,0,0,0,1.0,observed_order
development|ETH/USDT|2023-04-16T20:00:00+00:00,2023-04-16 20:00:00+00:00,ETH/USDT,development,2023-04-17 17:00:00+00:00,-0.018100745782737213,loss,0.008091135217954681,-0.027621461606121,1260,sma_cross_down,0,0,0,0,0.0,observed_order
development|BTC/USDT|2023-04-18T19:00:00+00:00,2023-04-18 19:00:00+00:00,BTC/USDT,development,2023-04-19 18:00:00+00:00,-0.029356522841002607,loss,0.010134518734761011,-0.03796712501451338,1380,sma_cross_down,0,0,0,0,1.0,observed_order
development|ETH/USDT|2023-04-18T21:00:00+00:00,2023-04-18 21:00:00+00:00,ETH/USDT,development,2023-04-19 08:00:00+00:00,-0.05189452630247853,loss,0.006979243795829815,-0.06083550290204687,660,stop_loss,0,0,0,1,0.0,observed_order
development|BTC/USDT|2023-04-23T09:00:00+00:00,2023-04-23 09:00:00+00:00,BTC/USDT,development,2023-04-24 11:00:00+00:00,-0.012500059955880868,loss,0.010446938724693267,-0.019969679374360116,1560,sma_cross_down,0,0,0,0,0.0,observed_order
development|ETH/USDT|2023-04-23T12:00:00+00:00,2023-04-23 12:00:00+00:00,ETH/USDT,development,2023-04-24 06:00:00+00:00,-0.011714738404548652,loss,0.008295766758249057,-0.02031529248579589,1080,sma_cross_down,0,0,0,0,0.0,observed_order
development|BTC/USDT|2023-04-25T23:00:00+00:00,2023-04-25 23:00:00+00:00,BTC/USDT,development,2023-04-26 12:00:00+00:00,0.04999992236526832,win,0.06328493415213132,-0.0025402663383540247,780,roi,1,1,1,0,1.0,observed_order
development|ETH/USDT|2023-04-26T04:00:00+00:00,2023-04-26 04:00:00+00:00,ETH/USDT,development,2023-04-26 12:00:00+00:00,0.05000253161052405,win,0.05471899677365677,-0.002437204408441085,480,roi,1,1,1,0,1.0,observed_order
development|BTC/USDT|2023-04-29T10:00:00+00:00,2023-04-29 10:00:00+00:00,BTC/USDT,development,2023-04-29 14:00:00+00:00,0.0009058549855720755,win,0.003226747807507868,-0.0022000863515120317,240,sma_cross_down,1,0,0,0,,neither_barrier_observed
development|ETH/USDT|2023-04-29T23:00:00+00:00,2023-04-29 23:00:00+00:00,ETH/USDT,development,2023-05-01 02:00:00+00:00,-0.03739807181833312,loss,0.018633801411062523,-0.04230561115401388,1620,sma_cross_down,0,0,0,0,1.0,observed_order
development|BTC/USDT|2023-04-30T18:00:00+00:00,2023-04-30 18:00:00+00:00,BTC/USDT,development,2023-05-01 04:00:00+00:00,-0.03846818381011451,loss,0.000921591519738918,-0.04299028786916359,600,sma_cross_down,0,0,0,0,0.0,observed_order
development|ETH/USDT|2023-05-02T23:00:00+00:00,2023-05-02 23:00:00+00:00,ETH/USDT,development,2023-05-05 16:00:00+00:00,0.05000229421632568,win,0.0664005592524799,-0.016697528723057964,3900,roi,1,1,1,0,0.0,observed_order
development|BTC/USDT|2023-05-03T02:00:00+00:00,2023-05-03 02:00:00+00:00,BTC/USDT,development,2023-05-06 20:00:00+00:00,0.008518375618718061,win,0.04477392311557038,-0.01500837711083236,5400,sma_cross_down,1,1,0,0,0.0,observed_order
development|BTC/USDT|2023-05-10T13:00:00+00:00,2023-05-10 13:00:00+00:00,BTC/USDT,development,2023-05-11 10:00:00+00:00,-0.02884019070458034,loss,0.005542094184012969,-0.04962756346256847,1260,sma_cross_down,0,0,0,0,0.0,observed_order
development|ETH/USDT|2023-05-10T13:00:00+00:00,2023-05-10 13:00:00+00:00,ETH/USDT,development,2023-05-11 09:00:00+00:00,-0.03300512820256722,loss,0.005524479249906733,-0.04612966810505559,1200,sma_cross_down,0,0,0,0,0.0,observed_order
development|ETH/USDT|2023-05-13T09:00:00+00:00,2023-05-13 09:00:00+00:00,ETH/USDT,development,2023-05-16 15:00:00+00:00,0.004645387907847704,win,0.02355614676865092,-0.01061412260281569,4680,sma_cross_down,1,0,0,0,0.0,observed_order
development|BTC/USDT|2023-05-13T14:00:00+00:00,2023-05-13 14:00:00+00:00,BTC/USDT,development,2023-05-16 14:00:00+00:00,0.004084213240875672,win,0.031400696011912865,-0.009725450368325617,4320,sma_cross_down,1,0,0,0,1.0,observed_order
development|BTC/USDT|2023-05-18T04:00:00+00:00,2023-05-18 04:00:00+00:00,BTC/USDT,development,2023-05-19 01:00:00+00:00,-0.019511191630191937,loss,0.0038899073986440325,-0.03670618208420828,1260,sma_cross_down,0,0,0,0,0.0,observed_order
development|ETH/USDT|2023-05-18T09:00:00+00:00,2023-05-18 09:00:00+00:00,ETH/USDT,development,2023-05-18 21:00:00+00:00,-0.0181944009663033,loss,0.0012209945356387308,-0.030256573111838825,720,sma_cross_down,0,0,0,0,0.0,observed_order
development|ETH/USDT|2023-05-20T03:00:00+00:00,2023-05-20 03:00:00+00:00,ETH/USDT,development,2023-05-21 19:00:00+00:00,-0.0032780930596501045,loss,0.011184519695922601,-0.003527297857636502,2400,sma_cross_down,0,0,0,0,1.0,observed_order
development|BTC/USDT|2023-05-20T16:00:00+00:00,2023-05-20 16:00:00+00:00,BTC/USDT,development,2023-05-21 23:00:00+00:00,-0.009066621256092576,loss,0.012316635659829656,-0.010377919717713402,1860,sma_cross_down,0,0,0,0,1.0,observed_order
development|ETH/USDT|2023-05-22T22:00:00+00:00,2023-05-22 22:00:00+00:00,ETH/USDT,development,2023-05-24 13:00:00+00:00,-0.004256272298188861,loss,0.028416705112150886,-0.017152178211296443,2340,sma_cross_down,0,0,0,0,1.0,observed_order
development|BTC/USDT|2023-05-23T04:00:00+00:00,2023-05-23 04:00:00+00:00,BTC/USDT,development,2023-05-24 11:00:00+00:00,-0.0252155857047721,loss,0.004719609656564039,-0.027539704319158975,1860,sma_cross_down,0,0,0,0,0.0,observed_order
development|ETH/USDT|2023-05-26T05:00:00+00:00,2023-05-26 05:00:00+00:00,ETH/USDT,development,2023-05-28 22:00:00+00:00,0.050000874359580935,win,0.06111218648895278,-0.003401266487846777,3900,roi,1,1,1,0,1.0,observed_order
development|BTC/USDT|2023-05-26T07:00:00+00:00,2023-05-26 07:00:00+00:00,BTC/USDT,development,2023-05-28 21:00:00+00:00,0.05000008276582957,win,0.05756135944072871,-0.002973020004236937,3720,roi,1,1,1,0,1.0,observed_order
development|ETH/USDT|2023-06-02T04:00:00+00:00,2023-06-02 04:00:00+00:00,ETH/USDT,development,2023-06-04 05:00:00+00:00,0.0064592818925740605,win,0.016692926798109298,-0.0015756078865561962,2940,sma_cross_down,1,1,0,0,1.0,observed_order
development|BTC/USDT|2023-06-02T12:00:00+00:00,2023-06-02 12:00:00+00:00,BTC/USDT,development,2023-06-04 05:00:00+00:00,-0.004786297660098405,loss,0.007465329930060882,-0.00995328179279975,2460,sma_cross_down,0,0,0,0,,neither_barrier_observed
development|BTC/USDT|2023-06-04T21:00:00+00:00,2023-06-04 21:00:00+00:00,BTC/USDT,development,2023-06-05 06:00:00+00:00,-0.017560700368591697,loss,0.007838041223868109,-0.018395462804911555,540,sma_cross_down,0,0,0,0,0.0,observed_order
development|ETH/USDT|2023-06-04T21:00:00+00:00,2023-06-04 21:00:00+00:00,ETH/USDT,development,2023-06-05 05:00:00+00:00,-0.019910240254919363,loss,0.004468645963515705,-0.022379987187431172,480,sma_cross_down,0,0,0,0,0.0,observed_order
development|ETH/USDT|2023-06-07T01:00:00+00:00,2023-06-07 01:00:00+00:00,ETH/USDT,development,2023-06-08 04:00:00+00:00,-0.028800374269479755,loss,0.0004719957997678659,-0.034169313909026666,1620,sma_cross_down,0,0,0,0,0.0,observed_order
development|BTC/USDT|2023-06-07T02:00:00+00:00,2023-06-07 02:00:00+00:00,BTC/USDT,development,2023-06-08 07:00:00+00:00,-0.026260304395937996,loss,0.00030015705634900414,-0.03547280458926483,1740,sma_cross_down,0,0,0,0,0.0,observed_order
development|BTC/USDT|2023-06-09T07:00:00+00:00,2023-06-09 07:00:00+00:00,BTC/USDT,development,2023-06-10 05:00:00+00:00,-0.029408200396506802,loss,0.010961796585653882,-0.03912403766742201,1320,sma_cross_down,0,0,0,0,1.0,observed_order
development|ETH/USDT|2023-06-09T14:00:00+00:00,2023-06-09 14:00:00+00:00,ETH/USDT,development,2023-06-09 18:00:00+00:00,-0.005201505247730977,loss,0.00250622496481534,-0.006024683338746395,240,sma_cross_down,0,0,0,0,,neither_barrier_observed
development|BTC/USDT|2023-06-12T01:00:00+00:00,2023-06-12 01:00:00+00:00,BTC/USDT,development,2023-06-14 07:00:00+00:00,-0.004711600612738773,loss,0.018027254244442403,-0.013981058442611327,3240,sma_cross_down,0,0,0,0,0.0,observed_order
development|ETH/USDT|2023-06-12T06:00:00+00:00,2023-06-12 06:00:00+00:00,ETH/USDT,development,2023-06-12 15:00:00+00:00,-0.0009864358171199914,loss,0.013205482607693941,-0.004330799354987369,540,sma_cross_down,0,0,0,0,1.0,observed_order
development|ETH/USDT|2023-06-13T21:00:00+00:00,2023-06-13 21:00:00+00:00,ETH/USDT,development,2023-06-14 05:00:00+00:00,0.00027537722686190837,win,0.005769606884412193,-0.002910689016463297,480,sma_cross_down,1,0,0,0,,neither_barrier_observed
development|ETH/USDT|2023-06-14T14:00:00+00:00,2023-06-14 14:00:00+00:00,ETH/USDT,development,2023-06-14 20:00:00+00:00,-0.009260846734497086,loss,0.003618589209711587,-0.0635148563190332,360,sma_cross_down,0,0,0,0,0.0,observed_order
development|BTC/USDT|2023-06-14T19:00:00+00:00,2023-06-14 19:00:00+00:00,BTC/USDT,development,2023-06-14 20:00:00+00:00,-0.003555369146443357,loss,0.002486202981900165,-0.04223265118066666,60,sma_cross_down,0,0,0,0,,neither_barrier_observed
development|BTC/USDT|2023-06-16T10:00:00+00:00,2023-06-16 10:00:00+00:00,BTC/USDT,development,2023-06-19 04:00:00+00:00,0.029483013469849374,win,0.048602591971545595,-0.01642446698619615,3960,sma_cross_down,1,1,1,0,0.0,observed_order
development|ETH/USDT|2023-06-16T15:00:00+00:00,2023-06-16 15:00:00+00:00,ETH/USDT,development,2023-06-17 05:00:00+00:00,0.0499991823225597,win,0.059017805858701866,-0.004020677771395587,840,roi,1,1,1,0,1.0,observed_order
development|BTC/USDT|2023-06-19T23:00:00+00:00,2023-06-19 23:00:00+00:00,BTC/USDT,development,2023-06-20 20:00:00+00:00,0.04999997393515907,win,0.05586997261818172,-0.0038490030641024076,1260,roi,1,1,1,0,1.0,observed_order
development|ETH/USDT|2023-06-20T12:00:00+00:00,2023-06-20 12:00:00+00:00,ETH/USDT,development,2023-06-21 01:00:00+00:00,0.05000266714759995,win,0.05412277515437691,-0.011341163175525693,780,roi,1,1,1,0,0.0,observed_order
development|BTC/USDT|2023-06-23T16:00:00+00:00,2023-06-23 16:00:00+00:00,BTC/USDT,development,2023-06-25 11:00:00+00:00,-0.021701490563763644,loss,0.006208141939899603,-0.03162845520569324,2580,sma_cross_down,0,0,0,0,0.0,observed_order
development|ETH/USDT|2023-06-24T04:00:00+00:00,2023-06-24 04:00:00+00:00,ETH/USDT,development,2023-06-24 23:00:00+00:00,-0.012041200314803564,loss,0.006330483999556602,-0.015438144465974357,1140,sma_cross_down,0,0,0,0,0.0,observed_order
development|BTC/USDT|2023-06-25T12:00:00+00:00,2023-06-25 12:00:00+00:00,BTC/USDT,development,2023-06-25 13:00:00+00:00,-0.0035133936265339992,loss,0.000773863028523003,-0.006522652829809017,60,sma_cross_down,0,0,0,0,,neither_barrier_observed
development|ETH/USDT|2023-06-25T12:00:00+00:00,2023-06-25 12:00:00+00:00,ETH/USDT,development,2023-06-26 08:00:00+00:00,-0.015550107205614049,loss,0.0006255310497975675,-0.027299217564911826,1200,sma_cross_down,0,0,0,0,0.0,observed_order
development|BTC/USDT|2023-06-25T20:00:00+00:00,2023-06-25 20:00:00+00:00,BTC/USDT,development,2023-06-26 00:00:00+00:00,-0.0009193124873978526,loss,0.004670096201812912,-0.005004636905031723,240,sma_cross_down,0,0,0,0,,neither_barrier_observed
development|BTC/USDT|2023-06-27T15:00:00+00:00,2023-06-27 15:00:00+00:00,BTC/USDT,development,2023-06-28 16:00:00+00:00,-0.014876395972104111,loss,0.0003690524375798976,-0.02595474060352576,1500,sma_cross_down,0,0,0,0,0.0,observed_order
development|ETH/USDT|2023-06-27T20:00:00+00:00,2023-06-27 20:00:00+00:00,ETH/USDT,development,2023-06-28 14:00:00+00:00,-0.02164300546208753,loss,0.0015783361486485514,-0.026045185810810834,1080,sma_cross_down,0,0,0,0,0.0,observed_order
development|BTC/USDT|2023-06-29T20:00:00+00:00,2023-06-29 20:00:00+00:00,BTC/USDT,development,2023-07-01 04:00:00+00:00,-0.008098917276041463,loss,0.022789283239915914,-0.03547459064070324,1920,sma_cross_down,0,0,0,0,0.0,observed_order
development|ETH/USDT|2023-06-30T01:00:00+00:00,2023-06-30 01:00:00+00:00,ETH/USDT,development,2023-06-30 17:00:00+00:00,0.05000031832859764,win,0.05329160382916842,-0.013513440467889382,960,roi,1,1,1,0,1.0,observed_order
development|BTC/USDT|2023-07-02T01:00:00+00:00,2023-07-02 01:00:00+00:00,BTC/USDT,development,2023-07-05 03:00:00+00:00,0.006561261212523972,win,0.02630285353402373,-0.013761550404127187,4440,sma_cross_down,1,1,0,0,0.0,observed_order
development|ETH/USDT|2023-07-03T02:00:00+00:00,2023-07-03 02:00:00+00:00,ETH/USDT,development,2023-07-04 22:00:00+00:00,-0.003639967434705919,loss,0.016025789335677887,-0.006894636990421588,2640,sma_cross_down,0,0,0,0,1.0,observed_order
development|BTC/USDT|2023-07-08T13:00:00+00:00,2023-07-08 13:00:00+00:00,BTC/USDT,development,2023-07-09 06:00:00+00:00,0.000939919867071342,win,0.0076604517124405636,-0.004221816030505199,1020,sma_cross_down,1,0,0,0,,neither_barrier_observed
development|BTC/USDT|2023-07-09T09:00:00+00:00,2023-07-09 09:00:00+00:00,BTC/USDT,development,2023-07-09 10:00:00+00:00,-0.002969806781973598,loss,3.299729984806987e-07,-0.002161653111925843,60,sma_cross_down,0,0,0,0,,neither_barrier_observed
development|BTC/USDT|2023-07-09T15:00:00+00:00,2023-07-09 15:00:00+00:00,BTC/USDT,development,2023-07-10 02:00:00+00:00,-0.011610273516502368,loss,0.001651229919099606,-0.012887503452421845,660,sma_cross_down,0,0,0,0,0.0,observed_order
development|ETH/USDT|2023-07-09T15:00:00+00:00,2023-07-09 15:00:00+00:00,ETH/USDT,development,2023-07-10 09:00:00+00:00,-0.008394046399199438,loss,0.0021041585239836014,-0.011297136095688276,1080,sma_cross_down,0,0,0,0,0.0,observed_order
development|BTC/USDT|2023-07-10T21:00:00+00:00,2023-07-10 21:00:00+00:00,BTC/USDT,development,2023-07-13 03:00:00+00:00,-0.016312236298627457,loss,0.006635691011504408,-0.01913674286469902,3240,sma_cross_down,0,0,0,0,0.0,observed_order
development|ETH/USDT|2023-07-10T21:00:00+00:00,2023-07-10 21:00:00+00:00,ETH/USDT,development,2023-07-13 07:00:00+00:00,-0.012355566777873878,loss,0.005067612198202287,-0.01586865425568451,3480,sma_cross_down,0,0,0,0,0.0,observed_order
development|ETH/USDT|2023-07-13T17:00:00+00:00,2023-07-13 17:00:00+00:00,ETH/USDT,development,2023-07-15 07:00:00+00:00,-0.017038888924448624,loss,0.03383077479607266,-0.032771015585593366,2280,sma_cross_down,0,0,0,0,1.0,observed_order
development|BTC/USDT|2023-07-13T20:00:00+00:00,2023-07-13 20:00:00+00:00,BTC/USDT,development,2023-07-14 19:00:00+00:00,-0.05189810187809687,loss,0.002703916977788934,-0.05397709295703346,1380,stop_loss,0,0,0,1,0.0,observed_order
development|BTC/USDT|2023-07-16T20:00:00+00:00,2023-07-16 20:00:00+00:00,BTC/USDT,development,2023-07-16 21:00:00+00:00,-0.001381115223574532,loss,0.002034182462927525,-0.0005599455788428687,60,sma_cross_down,0,0,0,0,,neither_barrier_observed
development|BTC/USDT|2023-07-17T01:00:00+00:00,2023-07-17 01:00:00+00:00,BTC/USDT,development,2023-07-17 11:00:00+00:00,-0.003651540018994602,loss,0.004069968911752486,-0.008227976510219337,600,sma_cross_down,0,0,0,0,,neither_barrier_observed
development|ETH/USDT|2023-07-19T12:00:00+00:00,2023-07-19 12:00:00+00:00,ETH/USDT,development,2023-07-20 05:00:00+00:00,-0.008976159686162534,loss,0.006677875021604995,-0.014204232987131249,1020,sma_cross_down,0,0,0,0,0.0,observed_order
development|BTC/USDT|2023-07-19T18:00:00+00:00,2023-07-19 18:00:00+00:00,BTC/USDT,development,2023-07-21 01:00:00+00:00,-0.008891768721250012,loss,0.01414554437190585,-0.014077528932400996,1860,sma_cross_down,0,0,0,0,1.0,observed_order
development|ETH/USDT|2023-07-20T11:00:00+00:00,2023-07-20 11:00:00+00:00,ETH/USDT,development,2023-07-20 16:00:00+00:00,-0.018206995891938957,loss,0.0016772755211533763,-0.02176291033347566,300,sma_cross_down,0,0,0,0,0.0,observed_order
development|BTC/USDT|2023-07-22T10:00:00+00:00,2023-07-22 10:00:00+00:00,BTC/USDT,development,2023-07-23 01:00:00+00:00,-0.007037114298953899,loss,0.0,-0.010170236779844966,900,sma_cross_down,0,0,0,0,0.0,observed_order
development|BTC/USDT|2023-07-23T18:00:00+00:00,2023-07-23 18:00:00+00:00,BTC/USDT,development,2023-07-24 11:00:00+00:00,-0.02832443217920582,loss,0.007686305758918932,-0.03713664359114832,1020,sma_cross_down,0,0,0,0,0.0,observed_order
development|ETH/USDT|2023-07-26T02:00:00+00:00,2023-07-26 02:00:00+00:00,ETH/USDT,development,2023-07-28 06:00:00+00:00,0.0006021952314327477,win,0.01842661718379146,-0.0029614206188236514,3120,sma_cross_down,1,0,0,0,1.0,observed_order
development|BTC/USDT|2023-07-26T08:00:00+00:00,2023-07-26 08:00:00+00:00,BTC/USDT,development,2023-07-28 03:00:00+00:00,-0.001540616776265265,loss,0.016202769588942623,-0.0045439905587951746,2580,sma_cross_down,0,0,0,0,1.0,observed_order
development|ETH/USDT|2023-07-29T00:00:00+00:00,2023-07-29 00:00:00+00:00,ETH/USDT,development,2023-07-30 22:00:00+00:00,-0.008707438117319668,loss,0.00660548500693614,-0.013888592466118843,2760,sma_cross_down,0,0,0,0,0.0,observed_order
development|BTC/USDT|2023-07-29T05:00:00+00:00,2023-07-29 05:00:00+00:00,BTC/USDT,development,2023-07-30 13:00:00+00:00,-0.00393110324597674,loss,0.0,-0.005061107684851129,1920,sma_cross_down,0,0,0,0,,neither_barrier_observed
development|BTC/USDT|2023-07-30T17:00:00+00:00,2023-07-30 17:00:00+00:00,BTC/USDT,development,2023-07-30 20:00:00+00:00,-0.008035266664698516,loss,0.0006524844613735592,-0.011802923144001554,180,sma_cross_down,0,0,0,0,,neither_barrier_observed
development|BTC/USDT|2023-07-31T04:00:00+00:00,2023-07-31 04:00:00+00:00,BTC/USDT,development,2023-07-31 23:00:00+00:00,-0.009189097898227121,loss,0.0017663653048738404,-0.010883012711576434,1140,sma_cross_down,0,0,0,0,0.0,observed_order
development|BTC/USDT|2023-08-02T05:00:00+00:00,2023-08-02 05:00:00+00:00,BTC/USDT,development,2023-08-03 06:00:00+00:00,-0.01970512264224051,loss,0.0005381540070739099,-0.025206634963768182,1500,sma_cross_down,0,0,0,0,0.0,observed_order
development|ETH/USDT|2023-08-02T08:00:00+00:00,2023-08-02 08:00:00+00:00,ETH/USDT,development,2023-08-03 04:00:00+00:00,-0.010789929479485125,loss,0.00211622547224688,-0.019315269132185953,1200,sma_cross_down,0,0,0,0,0.0,observed_order
development|BTC/USDT|2023-08-04T10:00:00+00:00,2023-08-04 10:00:00+00:00,BTC/USDT,development,2023-08-04 21:00:00+00:00,-0.009948490717171047,loss,0.004553405944907274,-0.013444465296717945,660,sma_cross_down,0,0,0,0,0.0,observed_order
development|ETH/USDT|2023-08-06T06:00:00+00:00,2023-08-06 06:00:00+00:00,ETH/USDT,development,2023-08-06 23:00:00+00:00,-0.005421698144178627,loss,0.0008766962165929204,-0.005761146566182429,1020,sma_cross_down,0,0,0,0,,neither_barrier_observed
development|BTC/USDT|2023-08-06T19:00:00+00:00,2023-08-06 19:00:00+00:00,BTC/USDT,development,2023-08-10 07:00:00+00:00,0.01273846981296496,win,0.03974790823100527,-0.013297318258982616,5040,sma_cross_down,1,1,1,0,0.0,observed_order
development|ETH/USDT|2023-08-07T09:00:00+00:00,2023-08-07 09:00:00+00:00,ETH/USDT,development,2023-08-07 16:00:00+00:00,-0.010239743892352276,loss,0.0022200161455721013,-0.017083760609168053,420,sma_cross_down,0,0,0,0,0.0,observed_order
development|ETH/USDT|2023-08-08T15:00:00+00:00,2023-08-08 15:00:00+00:00,ETH/USDT,development,2023-08-10 10:00:00+00:00,0.00527012273124465,win,0.02061339816491814,-5.438891336417839e-06,2580,sma_cross_down,1,1,0,0,1.0,observed_order
development|ETH/USDT|2023-08-12T16:00:00+00:00,2023-08-12 16:00:00+00:00,ETH/USDT,development,2023-08-14 00:00:00+00:00,-0.007449472789534599,loss,0.006029694625143245,-0.008823020898618972,1920,sma_cross_down,0,0,0,0,,neither_barrier_observed
development|BTC/USDT|2023-08-13T00:00:00+00:00,2023-08-13 00:00:00+00:00,BTC/USDT,development,2023-08-13 13:00:00+00:00,-0.003360539373606978,loss,0.0008504874927710571,-0.002282690761660322,780,sma_cross_down,0,0,0,0,,neither_barrier_observed
development|BTC/USDT|2023-08-14T18:00:00+00:00,2023-08-14 18:00:00+00:00,BTC/USDT,development,2023-08-15 13:00:00+00:00,-0.0060113608696744005,loss,9.190400338576765e-05,-0.007809805512815848,1140,sma_cross_down,0,0,0,0,,neither_barrier_observed
development|ETH/USDT|2023-08-20T04:00:00+00:00,2023-08-20 04:00:00+00:00,ETH/USDT,development,2023-08-21 20:00:00+00:00,0.0004787266739261036,win,0.01590317823788223,-0.011281485655369128,2400,sma_cross_down,1,0,0,0,1.0,observed_order
development|BTC/USDT|2023-08-20T09:00:00+00:00,2023-08-20 09:00:00+00:00,BTC/USDT,development,2023-08-21 14:00:00+00:00,-0.001321889320065521,loss,0.007161458333333259,-0.008877144607843057,1740,sma_cross_down,0,0,0,0,,neither_barrier_observed
development|BTC/USDT|2023-08-23T18:00:00+00:00,2023-08-23 18:00:00+00:00,BTC/USDT,development,2023-08-25 03:00:00+00:00,-0.017355726151585246,loss,0.010547357037757221,-0.025447119089201498,1980,sma_cross_down,0,0,0,0,1.0,observed_order
development|ETH/USDT|2023-08-23T22:00:00+00:00,2023-08-23 22:00:00+00:00,ETH/USDT,development,2023-08-25 03:00:00+00:00,-0.006031338201689978,loss,0.010875178650781248,-0.01800319469632372,1740,sma_cross_down,0,0,0,0,1.0,observed_order
development|BTC/USDT|2023-08-26T16:00:00+00:00,2023-08-26 16:00:00+00:00,BTC/USDT,development,2023-08-26 20:00:00+00:00,-0.00275567755040495,loss,0.00023029093421356173,-0.0018895371152222173,240,sma_cross_down,0,0,0,0,,neither_barrier_observed
development|ETH/USDT|2023-08-26T16:00:00+00:00,2023-08-26 16:00:00+00:00,ETH/USDT,development,2023-08-26 18:00:00+00:00,-0.005079915028991935,loss,0.0002966981731868934,-0.004547353633947093,120,sma_cross_down,0,0,0,0,,neither_barrier_observed
development|BTC/USDT|2023-08-27T13:00:00+00:00,2023-08-27 13:00:00+00:00,BTC/USDT,development,2023-08-28 11:00:00+00:00,-0.006523365977683027,loss,0.004240618264959695,-0.007946172991603495,1320,sma_cross_down,0,0,0,0,,neither_barrier_observed
development|ETH/USDT|2023-08-27T16:00:00+00:00,2023-08-27 16:00:00+00:00,ETH/USDT,development,2023-08-28 12:00:00+00:00,-0.011113276573722774,loss,0.005376214178707706,-0.02035108490793991,1200,sma_cross_down,0,0,0,0,0.0,observed_order
development|BTC/USDT|2023-08-29T03:00:00+00:00,2023-08-29 03:00:00+00:00,BTC/USDT,development,2023-08-29 12:00:00+00:00,-0.006935503949076914,loss,4.635182413581518e-05,-0.006998359298654666,540,sma_cross_down,0,0,0,0,,neither_barrier_observed
development|ETH/USDT|2023-08-29T07:00:00+00:00,2023-08-29 07:00:00+00:00,ETH/USDT,development,2023-08-29 10:00:00+00:00,-0.0021677549942821727,loss,0.004064003499052227,-0.003742042085824071,180,sma_cross_down,0,0,0,0,,neither_barrier_observed
development|BTC/USDT|2023-08-29T15:00:00+00:00,2023-08-29 15:00:00+00:00,BTC/USDT,development,2023-08-31 10:00:00+00:00,-0.012662294384194955,loss,0.02367304269637427,-0.017270096096941412,2580,sma_cross_down,0,0,0,0,1.0,observed_order
development|ETH/USDT|2023-08-29T15:00:00+00:00,2023-08-29 15:00:00+00:00,ETH/USDT,development,2023-08-31 09:00:00+00:00,-0.010671843493929382,loss,0.014268451385015757,-0.015651143335192463,2520,sma_cross_down,0,0,0,0,1.0,observed_order
development|ETH/USDT|2023-09-03T05:00:00+00:00,2023-09-03 05:00:00+00:00,ETH/USDT,development,2023-09-04 17:00:00+00:00,-0.005983028575210264,loss,0.007423441933274599,-0.01024850797377952,2160,sma_cross_down,0,0,0,0,0.0,observed_order
development|BTC/USDT|2023-09-03T06:00:00+00:00,2023-09-03 06:00:00+00:00,BTC/USDT,development,2023-09-04 22:00:00+00:00,-0.01056538616733278,loss,0.009071021457093043,-0.0103802848333171,2400,sma_cross_down,0,0,0,0,0.0,observed_order
development|ETH/USDT|2023-09-06T01:00:00+00:00,2023-09-06 01:00:00+00:00,ETH/USDT,development,2023-09-08 22:00:00+00:00,-0.0015459530463901579,loss,0.022206987733516037,-0.015008691819895725,4140,sma_cross_down,0,0,0,0,,same_hour_ambiguous
development|BTC/USDT|2023-09-07T13:00:00+00:00,2023-09-07 13:00:00+00:00,BTC/USDT,development,2023-09-07 14:00:00+00:00,-0.0025180051896806295,loss,0.004431409029069133,-0.0017392822528127239,60,sma_cross_down,0,0,0,0,,neither_barrier_observed
development|BTC/USDT|2023-09-07T15:00:00+00:00,2023-09-07 15:00:00+00:00,BTC/USDT,development,2023-09-09 02:00:00+00:00,0.0017378111860709448,win,0.02626203201085353,-0.00471501151006104,2100,sma_cross_down,1,0,0,0,1.0,observed_order
development|BTC/USDT|2023-09-12T16:00:00+00:00,2023-09-12 16:00:00+00:00,BTC/USDT,development,2023-09-16 05:00:00+00:00,0.011304385398287738,win,0.026025357571058283,-0.01685912909954146,5100,sma_cross_down,1,1,1,0,1.0,observed_order
development|ETH/USDT|2023-09-12T21:00:00+00:00,2023-09-12 21:00:00+00:00,ETH/USDT,development,2023-09-17 13:00:00+00:00,0.018314605907490393,win,0.03460181640771598,-0.010558182591508314,6720,sma_cross_down,1,1,1,0,0.0,observed_order
development|BTC/USDT|2023-09-16T14:00:00+00:00,2023-09-16 14:00:00+00:00,BTC/USDT,development,2023-09-17 19:00:00+00:00,-0.004099204450252341,loss,0.002734018664696025,-0.0050657874418187365,1740,sma_cross_down,0,0,0,0,,neither_barrier_observed
development|BTC/USDT|2023-09-18T05:00:00+00:00,2023-09-18 05:00:00+00:00,BTC/USDT,development,2023-09-21 04:00:00+00:00,0.01349324900495071,win,0.032372390104936866,-0.00061753993725433,4260,sma_cross_down,1,1,1,0,1.0,observed_order
development|ETH/USDT|2023-09-18T14:00:00+00:00,2023-09-18 14:00:00+00:00,ETH/USDT,development,2023-09-20 08:00:00+00:00,-0.015495910648078398,loss,0.0030658925489153166,-0.018479848395234644,2520,sma_cross_down,0,0,0,0,0.0,observed_order
development|ETH/USDT|2023-09-23T08:00:00+00:00,2023-09-23 08:00:00+00:00,ETH/USDT,development,2023-09-23 22:00:00+00:00,-0.002968181794526347,loss,0.0006334472702185234,-0.0043902286054752215,840,sma_cross_down,0,0,0,0,,neither_barrier_observed
development|BTC/USDT|2023-09-24T12:00:00+00:00,2023-09-24 12:00:00+00:00,BTC/USDT,development,2023-09-24 15:00:00+00:00,-0.00232145468153982,loss,0.0012065402074166176,-0.001237371088378958,180,sma_cross_down,0,0,0,0,,neither_barrier_observed
development|ETH/USDT|2023-09-24T15:00:00+00:00,2023-09-24 15:00:00+00:00,ETH/USDT,development,2023-09-24 20:00:00+00:00,-0.0075409630144684025,loss,0.0036922575427993376,-0.01069438262821032,300,sma_cross_down,0,0,0,0,0.0,observed_order
development|BTC/USDT|2023-09-24T18:00:00+00:00,2023-09-24 18:00:00+00:00,BTC/USDT,development,2023-09-24 22:00:00+00:00,-0.00774960340418348,loss,0.0024545356046379307,-0.012644213808159277,240,sma_cross_down,0,0,0,0,0.0,observed_order
development|ETH/USDT|2023-09-26T08:00:00+00:00,2023-09-26 08:00:00+00:00,ETH/USDT,development,2023-09-29 07:00:00+00:00,0.050003121691637245,win,0.06237019321543191,-0.005569891119642567,4260,roi,1,1,1,0,1.0,observed_order
development|BTC/USDT|2023-09-26T21:00:00+00:00,2023-09-26 21:00:00+00:00,BTC/USDT,development,2023-09-26 23:00:00+00:00,-0.0022474625538516295,loss,0.002897471697002718,-0.0024533532282099424,120,sma_cross_down,0,0,0,0,,neither_barrier_observed
development|BTC/USDT|2023-09-27T12:00:00+00:00,2023-09-27 12:00:00+00:00,BTC/USDT,development,2023-09-30 11:00:00+00:00,0.005916159347535451,win,0.020241202778528145,-0.02445689026173936,4260,sma_cross_down,1,1,0,0,0.0,observed_order
development|BTC/USDT|2023-09-30T22:00:00+00:00,2023-09-30 22:00:00+00:00,BTC/USDT,development,2023-10-02 07:00:00+00:00,0.05000000871373785,win,0.052990652717163966,-0.0016741180971796554,1980,roi,1,1,1,0,1.0,observed_order
development|BTC/USDT|2023-10-04T22:00:00+00:00,2023-10-04 22:00:00+00:00,BTC/USDT,development,2023-10-06 06:00:00+00:00,-0.00872461894897561,loss,0.01566786821061461,-0.012085268685934625,1920,sma_cross_down,0,0,0,0,1.0,observed_order
development|BTC/USDT|2023-10-06T20:00:00+00:00,2023-10-06 20:00:00+00:00,BTC/USDT,development,2023-10-08 16:00:00+00:00,-0.004126298858091301,loss,0.012258361103806958,-0.009475053081404505,2640,sma_cross_down,0,0,0,0,1.0,observed_order
development|ETH/USDT|2023-10-06T22:00:00+00:00,2023-10-06 22:00:00+00:00,ETH/USDT,development,2023-10-08 05:00:00+00:00,-0.013449573012864304,loss,0.0016824420828391862,-0.016558135031106924,1860,sma_cross_down,0,0,0,0,0.0,observed_order
development|BTC/USDT|2023-10-13T15:00:00+00:00,2023-10-13 15:00:00+00:00,BTC/USDT,development,2023-10-15 14:00:00+00:00,0.0018825457598554785,win,0.01393724576822275,-0.002693866445815485,2820,sma_cross_down,1,0,0,0,1.0,observed_order
development|ETH/USDT|2023-10-14T01:00:00+00:00,2023-10-14 01:00:00+00:00,ETH/USDT,development,2023-10-16 13:00:00+00:00,0.04999947511081673,win,0.05557200988977029,-0.005517925208612273,3600,roi,1,1,1,0,1.0,observed_order
development|BTC/USDT|2023-10-15T16:00:00+00:00,2023-10-15 16:00:00+00:00,BTC/USDT,development,2023-10-16 13:00:00+00:00,0.05000008643725269,win,0.11528848609625619,-0.0002029825044694844,1260,roi,1,1,1,0,1.0,observed_order
development|BTC/USDT|2023-10-19T19:00:00+00:00,2023-10-19 19:00:00+00:00,BTC/USDT,development,2023-10-20 10:00:00+00:00,0.05000007396225518,win,0.05447589937927133,-0.0023978094724120824,900,roi,1,1,1,0,1.0,observed_order
development|ETH/USDT|2023-10-20T06:00:00+00:00,2023-10-20 06:00:00+00:00,ETH/USDT,development,2023-10-22 22:00:00+00:00,0.05000070024434259,win,0.053169992422329004,-0.0025006314725939394,3840,roi,1,1,1,0,1.0,observed_order
development|ETH/USDT|2023-10-26T08:00:00+00:00,2023-10-26 08:00:00+00:00,ETH/USDT,development,2023-10-27 06:00:00+00:00,-0.031867637593973874,loss,0.008754427231189466,-0.047119258117717,1320,sma_cross_down,0,0,0,0,0.0,observed_order
development|BTC/USDT|2023-10-28T16:00:00+00:00,2023-10-28 16:00:00+00:00,BTC/USDT,development,2023-10-31 09:00:00+00:00,0.0040715062978251,win,0.01939082799768488,-0.007690762165439291,3900,sma_cross_down,1,0,0,0,1.0,observed_order
development|ETH/USDT|2023-10-28T16:00:00+00:00,2023-10-28 16:00:00+00:00,ETH/USDT,development,2023-10-29 03:00:00+00:00,-0.009326499250334927,loss,0.00010051485944684302,-0.015702654709121133,660,sma_cross_down,0,0,0,0,0.0,observed_order
development|ETH/USDT|2023-10-29T16:00:00+00:00,2023-10-29 16:00:00+00:00,ETH/USDT,development,2023-10-31 21:00:00+00:00,0.010041281155967837,win,0.02100212029907378,-0.008051556745898969,3180,sma_cross_down,1,1,1,0,1.0,observed_order
development|ETH/USDT|2023-11-01T01:00:00+00:00,2023-11-01 01:00:00+00:00,ETH/USDT,development,2023-11-03 01:00:00+00:00,-0.019049325520457364,loss,0.03139852138707977,-0.022448732617497025,2880,sma_cross_down,0,0,0,0,0.0,observed_order
development|BTC/USDT|2023-11-01T03:00:00+00:00,2023-11-01 03:00:00+00:00,BTC/USDT,development,2023-11-03 06:00:00+00:00,0.0006289564193685942,win,0.04455582635027411,-0.010236562860304388,3060,sma_cross_down,1,0,0,0,1.0,observed_order
development|ETH/USDT|2023-11-04T05:00:00+00:00,2023-11-04 05:00:00+00:00,ETH/USDT,development,2023-11-07 15:00:00+00:00,0.02389168083992527,win,0.04631320032795849,-0.0021371959551790276,4920,sma_cross_down,1,1,1,0,1.0,observed_order
development|BTC/USDT|2023-11-04T14:00:00+00:00,2023-11-04 14:00:00+00:00,BTC/USDT,development,2023-11-06 09:00:00+00:00,0.0053353671100720415,win,0.019585963949653618,-0.007272547028330578,2580,sma_cross_down,1,1,0,0,1.0,observed_order
development|BTC/USDT|2023-11-06T10:00:00+00:00,2023-11-06 10:00:00+00:00,BTC/USDT,development,2023-11-07 09:00:00+00:00,-0.008026960858082455,loss,0.004503079458252346,-0.012264014745634766,1380,sma_cross_down,0,0,0,0,,neither_barrier_observed
development|BTC/USDT|2023-11-08T01:00:00+00:00,2023-11-08 01:00:00+00:00,BTC/USDT,development,2023-11-09 14:00:00+00:00,0.04999997310388272,win,0.07367628002631244,-0.007347888083140686,2220,roi,1,1,1,0,1.0,observed_order
development|ETH/USDT|2023-11-08T20:00:00+00:00,2023-11-08 20:00:00+00:00,ETH/USDT,development,2023-11-09 15:00:00+00:00,0.05000234437062442,win,0.0799285966288763,-0.008951750067138109,1140,roi,1,1,1,0,1.0,observed_order
development|BTC/USDT|2023-11-12T23:00:00+00:00,2023-11-12 23:00:00+00:00,BTC/USDT,development,2023-11-13 12:00:00+00:00,-0.011282167565673268,loss,0.007060026100996097,-0.014039849099746982,780,sma_cross_down,0,0,0,0,0.0,observed_order
development|ETH/USDT|2023-11-13T16:00:00+00:00,2023-11-13 16:00:00+00:00,ETH/USDT,development,2023-11-14 15:00:00+00:00,-0.02793847849257472,loss,0.006065845537067238,-0.04048488763698033,1380,sma_cross_down,0,0,0,0,0.0,observed_order
development|BTC/USDT|2023-11-15T22:00:00+00:00,2023-11-15 22:00:00+00:00,BTC/USDT,development,2023-11-16 19:00:00+00:00,-0.05189784984027497,loss,0.009537444190361732,-0.0563828523233848,1260,stop_loss,0,0,0,1,0.0,observed_order
development|ETH/USDT|2023-11-16T02:00:00+00:00,2023-11-16 02:00:00+00:00,ETH/USDT,development,2023-11-16 19:00:00+00:00,-0.05189592299955733,loss,0.014220630831259129,-0.05918712914040636,1020,stop_loss,0,0,0,1,0.0,observed_order
development|BTC/USDT|2023-11-18T13:00:00+00:00,2023-11-18 13:00:00+00:00,BTC/USDT,development,2023-11-21 20:00:00+00:00,0.012532583829348192,win,0.035685184626316424,-0.005467869067444453,4740,sma_cross_down,1,1,1,0,1.0,observed_order
development|ETH/USDT|2023-11-19T05:00:00+00:00,2023-11-19 05:00:00+00:00,ETH/USDT,development,2023-11-20 17:00:00+00:00,0.04999986371484358,win,0.056042192626511556,-0.00589245377515657,2160,roi,1,1,1,0,1.0,observed_order
development|ETH/USDT|2023-11-22T20:00:00+00:00,2023-11-22 20:00:00+00:00,ETH/USDT,development,2023-11-25 18:00:00+00:00,-0.0023679918675389173,loss,0.026981482729732553,-0.017636183304605813,4200,sma_cross_down,0,0,0,0,0.0,observed_order
development|BTC/USDT|2023-11-23T03:00:00+00:00,2023-11-23 03:00:00+00:00,BTC/USDT,development,2023-11-26 11:00:00+00:00,0.007660727668324162,win,0.02887376436182043,-0.012480457853378368,4800,sma_cross_down,1,1,0,0,0.0,observed_order
development|BTC/USDT|2023-11-28T18:00:00+00:00,2023-11-28 18:00:00+00:00,BTC/USDT,development,2023-11-30 10:00:00+00:00,-0.014984571304816082,loss,0.006261326982589965,-0.017198039818637434,2400,sma_cross_down,0,0,0,0,0.0,observed_order
development|ETH/USDT|2023-11-28T23:00:00+00:00,2023-11-28 23:00:00+00:00,ETH/USDT,development,2023-11-30 04:00:00+00:00,-0.006089152236448012,loss,0.012976365348858598,-0.01454289911229767,1740,sma_cross_down,0,0,0,0,1.0,observed_order
development|ETH/USDT|2023-12-01T03:00:00+00:00,2023-12-01 03:00:00+00:00,ETH/USDT,development,2023-12-03 22:00:00+00:00,0.04999890963084605,win,0.06285771808219964,-0.007257422800003743,4020,roi,1,1,1,0,1.0,observed_order
development|BTC/USDT|2023-12-01T10:00:00+00:00,2023-12-01 10:00:00+00:00,BTC/USDT,development,2023-12-04 01:00:00+00:00,0.04999987397634013,win,0.05599162904257171,-0.012562895214473513,3780,roi,1,1,1,0,0.0,observed_order
development|ETH/USDT|2023-12-07T20:00:00+00:00,2023-12-07 20:00:00+00:00,ETH/USDT,development,2023-12-10 00:00:00+00:00,7.865846486855041e-05,win,0.02884887096359856,-0.0032582355006377517,3120,sma_cross_down,1,0,0,0,1.0,observed_order
development|BTC/USDT|2023-12-08T21:00:00+00:00,2023-12-08 21:00:00+00:00,BTC/USDT,development,2023-12-10 10:00:00+00:00,-0.019031796989550567,loss,0.007573935527440234,-0.017570105844852857,2220,sma_cross_down,0,0,0,0,0.0,observed_order
development|BTC/USDT|2023-12-13T21:00:00+00:00,2023-12-13 21:00:00+00:00,BTC/USDT,development,2023-12-15 17:00:00+00:00,-0.02705926987176042,loss,0.014001671841413987,-0.034399629806543985,2640,sma_cross_down,0,0,0,0,1.0,observed_order
development|ETH/USDT|2023-12-14T01:00:00+00:00,2023-12-14 01:00:00+00:00,ETH/USDT,development,2023-12-15 19:00:00+00:00,-0.008262657255249623,loss,0.03237758801577728,-0.015117509307339017,2520,sma_cross_down,0,0,0,0,1.0,observed_order
development|BTC/USDT|2023-12-19T03:00:00+00:00,2023-12-19 03:00:00+00:00,BTC/USDT,development,2023-12-23 00:00:00+00:00,0.01867551561458083,win,0.030678991037152104,-0.029380377470795693,5580,sma_cross_down,1,1,1,0,0.0,observed_order
development|ETH/USDT|2023-12-19T08:00:00+00:00,2023-12-19 08:00:00+00:00,ETH/USDT,development,2023-12-19 18:00:00+00:00,-0.05189410632297135,loss,0.003122803583661682,-0.05001379015827534,600,stop_loss,0,0,0,1,0.0,observed_order
development|ETH/USDT|2023-12-20T17:00:00+00:00,2023-12-20 17:00:00+00:00,ETH/USDT,development,2023-12-22 14:00:00+00:00,0.04999824276399714,win,0.05394901966076082,-0.030231062292810806,2700,roi,1,1,1,0,0.0,observed_order
development|BTC/USDT|2023-12-24T05:00:00+00:00,2023-12-24 05:00:00+00:00,BTC/USDT,development,2023-12-24 19:00:00+00:00,-0.0050785019176911896,loss,0.001581694269252587,-0.00899216139994663,840,sma_cross_down,0,0,0,0,,neither_barrier_observed
development|ETH/USDT|2023-12-24T18:00:00+00:00,2023-12-24 18:00:00+00:00,ETH/USDT,development,2023-12-24 21:00:00+00:00,-0.00661002654156002,loss,0.0016860165456753506,-0.008045705899310751,180,sma_cross_down,0,0,0,0,,neither_barrier_observed
development|BTC/USDT|2023-12-26T05:00:00+00:00,2023-12-26 05:00:00+00:00,BTC/USDT,development,2023-12-26 09:00:00+00:00,-0.019077728503281946,loss,0.0,-0.02991967090456371,240,sma_cross_down,0,0,0,0,0.0,observed_order
development|ETH/USDT|2023-12-27T17:00:00+00:00,2023-12-27 17:00:00+00:00,ETH/USDT,development,2023-12-29 10:00:00+00:00,-0.0014539409738249889,loss,0.03358801852665749,-0.023310456742959618,2460,sma_cross_down,0,0,0,0,0.0,observed_order
development|BTC/USDT|2023-12-27T22:00:00+00:00,2023-12-27 22:00:00+00:00,BTC/USDT,development,2023-12-28 23:00:00+00:00,-0.019030880561188776,loss,0.009716553444848897,-0.02592825749085681,1500,sma_cross_down,0,0,0,0,0.0,observed_order
development|BTC/USDT|2023-12-31T07:00:00+00:00,2023-12-31 07:00:00+00:00,BTC/USDT,development,2023-12-31 23:00:00+00:00,-0.001874706331553955,loss,0.015296784794901708,-0.004654617092836877,960,force_exit,0,0,0,0,1.0,observed_order
